veh_id,pred_x,pred_y,actual_x,actual_y
car_0,-0.1917073279619217,-0.10713721066713333,331.48223668508433,78.90393170491895
car_0,-0.1913103312253952,-0.10735616832971573,328.9826546873593,78.69471559057192
car_0,-0.19053147733211517,-0.10778553783893585,324.107128420619,78.28663189423683
car_0,-0.18942390382289886,-0.10839474201202393,317.2395626110922,77.71181361062004
car_0,-0.18800042569637299,-0.10917364805936813,308.5135604177159,76.96202866016993
car_0,-0.1866173893213272,-0.109922394156456,300.1152619243877,76.14397435703566
car_0,-0.18516552448272705,-0.11069472134113312,291.42157480051304,75.23364190466292
car_0,-0.18373478949069977,-0.11143813282251358,282.994852115207,74.28655958531657
car_0,-0.18289965391159058,-0.11186369508504868,278.1529504020512,73.74237655286211
car_0,-0.18261075019836426,-0.1119733676314354,276.0907533200617,71.76639797949741
car_0,-0.1830475628376007,-0.11174117773771286,278.16027443502253,70.52276262160156
car_0,-0.1838788241147995,-0.11133111268281937,282.8428825358336,71.04933127802848
car_0,-0.18496663868427277,-0.1107872724533081,289.0513382089394,71.74748454900306
car_0,-0.1863129585981369,-0.1101035475730896,296.85661236722945,72.61233439512168
car_0,-0.1876913160085678,-0.10939537733793259,304.93373997566795,73.39784786232711
car_0,-0.18908502161502838,-0.10867387056350708,313.20884958459106,74.16218295853113
car_0,-0.1905381977558136,-0.10792133212089539,321.9223443122245,74.89249360310883
car_0,-0.1917446106672287,-0.1071929931640625,329.84309499303504,75.55636139852932
car_0,-0.1925288289785385,-0.10666157305240631,335.332626491726,75.79141984554245
car_0,-0.19357873499393463,-0.10598601400852203,342.6691809654474,76.19461397068079
car_0,-0.19485235214233398,-0.10523103922605515,352.000181597577,78.86503635104519
car_0,-0.19459228217601776,-0.10514156520366669,356.67930691216674,88.39388160608064
car_0,-0.19350102543830872,-0.10603804141283035,358.63577634183997,101.19325958287882
car_0,-0.1917113959789276,-0.107285276055336,360.7491129504879,114.97124501285923
car_0,-0.18970248103141785,-0.10828717052936554,362.8735367309324,128.42774937022472
car_0,-0.18765395879745483,-0.10947855561971664,365.0290932306283,142.0809237939791
car_0,-0.1845548301935196,-0.11170636862516403,367.19927554257777,155.7165025305761
car_0,-0.18064969778060913,-0.1157635748386383,369.3114495538744,169.0467046671025
car_0,-0.1768922209739685,-0.12149246782064438,371.5506337272051,183.2655241677522
car_0,-0.17353741824626923,-0.12698331475257874,373.686533532372,196.82851998344415
car_0,-0.16968390345573425,-0.13287071883678436,375.95460773278455,211.2335310217747
car_0,-0.16611222922801971,-0.13901206851005554,378.1915118464308,225.44057435523305
car_0,-0.16228215396404266,-0.14623472094535828,380.43315722366964,239.67773044001842
car_0,-0.1571331024169922,-0.1541476845741272,382.57760632402795,253.29757275213518
car_0,-0.15229864418506622,-0.15968085825443268,388.0534625525434,267.4809572617492
car_0,-0.1462368220090866,-0.16518062353134155,390.2788398889131,281.60981923606147
car_0,-0.14129795134067535,-0.1692477911710739,392.04686627964554,292.8349721273683
car_0,-0.1382649838924408,-0.17160621285438538,393.136799870732,299.75493173060033
car_0,-0.13687051832675934,-0.17268681526184082,393.64310479960284,302.9694483611148
car_0,-0.13675476610660553,-0.17279651761054993,393.6872843639338,303.24994324902286
car_0,-0.1366850733757019,-0.17286239564418793,393.7138632825561,303.41869210185905
car_0,-0.13668480515480042,-0.17286261916160583,393.7139771932114,303.4194153176031
car_0,-0.13668468594551086,-0.17286273837089539,393.7139963905232,303.4195372008292
car_0,-0.13668468594551086,-0.17286273837089539,393.7139963905232,303.4195372008292
car_0,-0.13668468594551086,-0.17286273837089539,393.7139963905232,303.4195372008292
car_0,-0.13668468594551086,-0.17286273837089539,393.7139963905232,303.4195372008292
car_0,-0.13668468594551086,-0.17286273837089539,393.7139963905232,303.4195372008292
car_0,-0.13668468594551086,-0.17286273837089539,393.7139963905232,303.4195372008292
car_0,-0.13668468594551086,-0.17286273837089539,393.7139963905232,303.4195372008292
car_0,-0.13668468594551086,-0.17286273837089539,393.7139963905232,303.4195372008292
car_0,-0.13668468594551086,-0.17286273837089539,393.7139963905232,303.4195372008292
car_0,-0.13668468594551086,-0.17286273837089539,393.7139963905232,303.4195372008292
car_0,-0.13668468594551086,-0.17286273837089539,393.7139963905232,303.4195372008292
car_0,-0.13584506511688232,-0.17364323139190674,394.0220719190098,305.4434787271838
car_0,-0.13449439406394958,-0.17471584677696228,394.5508060906188,309.0367490840715
car_0,-0.13230681419372559,-0.17607524991035461,395.4428120420921,315.0988095970939
car_0,-0.12798768281936646,-0.17693603038787842,396.6380823605837,323.2218506913246
car_0,-0.12266873568296432,-0.177557110786438,398.20155565494923,333.8471942838022
car_0,-0.11716997623443604,-0.17753192782402039,399.9332404493751,346.09147352939067
car_0,-0.1115097850561142,-0.1763908863067627,400.767209723647,360.5172787369909
car_0,-0.10749287158250809,-0.17345939576625824,400.9505999681688,374.4135266202722
car_0,-0.1054701954126358,-0.16980406641960144,401.20410092574883,385.1654253038012
car_0,-0.10431523621082306,-0.16692814230918884,401.4740760033823,392.5447440924499
car_0,-0.10386760532855988,-0.16572704911231995,401.57941445891186,395.4239952102581
car_0,-0.10381518304347992,-0.16558609902858734,401.59142484894085,395.75532583076705
car_0,-0.10381022095680237,-0.16557246446609497,401.5925837372842,395.7873111490449
car_0,-0.10380662232637405,-0.16556291282176971,401.5933963939874,395.809740474052
car_0,-0.10380575060844421,-0.16556063294410706,401.59358945691645,395.8150690108941
car_0,-0.10380537062883377,-0.1655597686767578,401.59366450763304,395.8171404106727
car_0,-0.10357831418514252,-0.16494640707969666,401.6215500645868,397.21902472784507
car_0,-0.1029692143201828,-0.16332194209098816,401.5482738281882,400.6792914466695
car_0,-0.10190771520137787,-0.160700261592865,400.91131256930953,405.46117176416885
car_0,-0.1002829372882843,-0.1574532836675644,400.7050307621279,411.592341629882
car_0,-0.09779088199138641,-0.15354803204536438,401.2108717683631,419.2774100310865
car_0,-0.09374424815177917,-0.14849594235420227,402.5477325160185,429.3160913510045
car_0,-0.0880424827337265,-0.1422862708568573,404.1544581782411,440.9223214287063
car_0,-0.08158661425113678,-0.1350378841161728,405.95091902539,453.89910919517047
car_0,-0.0757860392332077,-0.12715685367584229,407.90222597587143,467.9944323433538
car_0,-0.07111049443483353,-0.1194162666797638,409.9022347279733,482.4415543879484
car_0,-0.06713193655014038,-0.11245366930961609,411.8956048367818,496.84072199745896
car_0,-0.06358364224433899,-0.10652849823236465,413.8885498675645,511.2368190433486
car_0,-0.060579102486371994,-0.1017250120639801,415.7896644055635,524.9695758237175
car_0,-0.05800250172615051,-0.09751269221305847,417.64620608650694,538.3803592601795
car_0,-0.055928051471710205,-0.09380292147397995,419.3755162701759,550.8720822339768
car_0,-0.05464892089366913,-0.09124550223350525,420.54442056949483,559.7683555854297
car_0,-0.05405433103442192,-0.08992995321750641,420.9015403032,564.2279442269648
car_0,-0.05399411544203758,-0.08979180455207825,420.935492764091,564.7012814758572
car_0,-0.05399009957909584,-0.08978258073329926,420.9377832840226,564.7332140184328
car_0,-0.053989410400390625,-0.08978083729743958,420.938197900613,564.738994261487
car_0,-0.05398908257484436,-0.08978016674518585,420.93837546308055,564.7414696911817
car_0,-0.053989045321941376,-0.08978014439344406,420.9383858783021,564.741614891623
car_0,-0.053989045321941376,-0.08978014439344406,420.9383858783021,564.741614891623
car_0,-0.05398906022310257,-0.08978010714054108,420.938394051095,564.741728829971
car_0,-0.05398906022310257,-0.08978010714054108,420.938394051095,564.741728829971
car_0,-0.05398906022310257,-0.08978010714054108,420.938394051095,564.741728829971
car_0,-0.05398906022310257,-0.08978010714054108,420.938394051095,564.741728829971
car_0,-0.05398906022310257,-0.08978010714054108,420.938394051095,564.741728829971
car_0,-0.05376371368765831,-0.08927348256111145,421.21543596400653,566.6702760634257
car_0,-0.053522005677223206,-0.08896869421005249,423.4530393236627,570.1998653176219
car_0,-0.05403180792927742,-0.0908435732126236,429.22942446007994,570.9825059207424
car_0,-0.05503851920366287,-0.09362610429525375,436.5422326383623,571.1923520271079
car_0,-0.056664545089006424,-0.09721243381500244,446.37712413267366,572.0442923110537
car_0,-0.058916568756103516,-0.10128532350063324,457.55156952446174,573.0177321184017
car_0,-0.06215059757232666,-0.10673904418945312,471.107734165768,574.198650708465
car_0,-0.06585146486759186,-0.11345791816711426,484.686948102911,575.3815771925503
car_0,-0.06998230516910553,-0.12141604721546173,498.4902623767251,576.5840257362014
car_0,-0.07505681365728378,-0.12969142198562622,512.3940837632574,577.7952297590742
car_0,-0.08198033273220062,-0.1376863270998001,526.5849859462961,579.4710467032924
car_0,-0.08920623362064362,-0.14472326636314392,540.867056836413,582.1904375576214
car_0,-0.09385257959365845,-0.15008080005645752,553.8878318898775,585.6414204813269
car_0,-0.09643808007240295,-0.15514159202575684,567.6876438741788,589.5610724585259
car_0,-0.097105011343956,-0.1599404215812683,581.8599222748283,593.5833884819621
car_0,-0.0965447872877121,-0.1640443503856659,594.9803455945599,597.3734908856732
car_0,-0.09532931447029114,-0.16782021522521973,608.0548171983986,601.1822517787529
car_0,-0.09382730722427368,-0.17113730311393738,620.6307971876882,604.8496939177058
car_0,-0.09264273941516876,-0.1733425259590149,629.8026843833139,607.5225572224077
car_0,-0.09169048815965652,-0.1749623417854309,637.1410180527442,609.6742004056813
car_0,-0.09076539427042007,-0.17644691467285156,644.4518784805877,611.8139644333427
car_0,-0.08979599177837372,-0.17793667316436768,652.5659755570093,614.1888221142467
car_0,-0.08899377286434174,-0.17913857102394104,659.9123104072121,616.3389688996718
car_0,-0.08824759721755981,-0.180252805352211,667.6630901190096,618.6074897909297
car_0,-0.08758015930652618,-0.18127724528312683,676.0219000720726,621.0539707528018
car_0,-0.08731000125408173,-0.18196523189544678,684.1284490568,623.2902787160073
car_0,-0.08730816841125488,-0.18267661333084106,694.7541415198891,625.8217237305361
car_0,-0.0876149833202362,-0.18326348066329956,705.7692809456864,628.2398363716701
car_0,-0.08819903433322906,-0.18361741304397583,714.3492293907037,629.4841259879156
car_0,-0.0891197919845581,-0.18383890390396118,722.8665615813234,630.3460271308908
car_0,-0.09020916372537613,-0.18390238285064697,730.4241102281183,631.004099394013
car_0,-0.09177233278751373,-0.1838008463382721,739.2037600835348,631.7685859120356
car_0,-0.09364205598831177,-0.18349401652812958,747.9422816598221,632.5232879615301
car_0,-0.095631904900074,-0.18301284313201904,756.013328665062,633.2243482933592
car_0,-0.09782756865024567,-0.1823398768901825,763.9820560189596,633.9180796995229
car_0,-0.0987762063741684,-0.18196187913417816,772.2563075676038,637.8527849318606
car_0,-0.10118027031421661,-0.18102014064788818,779.9469790450383,638.5223097005521
car_0,-0.10388613492250443,-0.17982667684555054,788.0776127017026,639.2301361412298
car_0,-0.10674239695072174,-0.1784365475177765,796.2671831128204,639.9430934234742
car_0,-0.10979063808917999,-0.17681317031383514,804.868868487428,640.6919280899517
car_0,-0.11151392012834549,-0.17548823356628418,812.4115541659213,641.3418388982989
car_0,-0.11328396201133728,-0.17409175634384155,820.2629338821077,642.0211745614835
car_0,-0.11520224064588547,-0.1725660264492035,828.6799752790902,642.7533177692073
car_0,-0.11738315224647522,-0.1709013730287552,837.2429528924184,643.4981550109177
car_0,-0.11912824213504791,-0.16959217190742493,844.9915020316379,644.1721504630523
car_0,-0.12080895900726318,-0.16839388012886047,852.9688634274918,644.8660487921762
car_0,-0.1223355308175087,-0.1673591136932373,860.5800795597983,645.5280985470681
car_0,-0.12389864027500153,-0.16635410487651825,868.8089054519209,646.2438701228881
car_0,-0.12529122829437256,-0.165504589676857,876.5735569916131,646.9192662171935
car_0,-0.12662561237812042,-0.1647282987833023,884.43136792105,647.5900156098697
car_0,-0.1278410255908966,-0.16404812037944794,891.9754573984194,648.216288116535
car_0,-0.12901729345321655,-0.163406640291214,899.6911849442233,648.8600710662773
car_0,-0.1302783042192459,-0.16272634267807007,908.442689539684,649.5907096971541
car_0,-0.13130439817905426,-0.16216781735420227,915.9738533724477,650.235001693818
car_0,-0.1324087381362915,-0.16155049204826355,924.472261394519,650.9643033133409
car_0,-0.13343685865402222,-0.16097894310951233,932.7625824685225,651.675747688562
car_0,-0.13445991277694702,-0.1605658233165741,941.4583710467131,652.4219877698374
car_0,-0.13542965054512024,-0.16014444828033447,949.9051516638016,653.1468589183864
car_0,-0.13636255264282227,-0.15970149636268616,958.1916619936236,653.8579762697818
car_0,-0.13726036250591278,-0.15923087298870087,966.2872602847262,654.5527102634162
car_0,-0.1380956470966339,-0.15874549746513367,973.899422093127,655.2060638073181
car_0,-0.13893698155879974,-0.1582016795873642,981.6443160284721,655.8825565837114
car_0,-0.13976214826107025,-0.1576080620288849,989.1770889958868,656.4959053149942
car_0,-0.14022664725780487,-0.1572444885969162,993.4007782745375,656.830261665546
car_0,-0.14027728140354156,-0.1572033166885376,993.8645622255101,656.8680590359997
car_0,-0.14027787744998932,-0.15720289945602417,993.8699042867803,656.8684944022266
car_0,-0.14027801156044006,-0.15720270574092865,993.871317506959,656.8686095765584
car_0,-0.14027810096740723,-0.15720269083976746,993.8720784471507,656.8686715915079
car_0,-0.14027810096740723,-0.15720269083976746,993.8720784471507,656.8686715915079
car_0,-0.14027810096740723,-0.15720269083976746,993.8720784471507,656.8686715915079
car_0,-0.1402781456708908,-0.15720263123512268,993.8722129899068,656.8686825564462
car_0,-0.14041242003440857,-0.1570911705493927,995.1924232342067,657.022078647168
car_0,-0.1406315267086029,-0.1568954885005951,998.0134092766818,657.6527182414937
car_0,-0.14073418080806732,-0.1567668914794922,1001.8196470970854,659.3637911709378
car_0,-0.14007669687271118,-0.1571871042251587,1005.4497621724182,664.402021246624
car_0,-0.1384337842464447,-0.1582089066505432,1005.6119667083713,672.0926132098397
car_0,-0.1363414078950882,-0.15925586223602295,1004.7035258078635,681.5764183376139
car_0,-0.1339125633239746,-0.1601901352405548,1003.6285203973505,692.9369219437141
car_0,-0.13104115426540375,-0.1612703502178192,1002.3512465319939,706.4749008292182
car_0,-0.12814491987228394,-0.16250953078269958,1001.1769056872714,719.5420406162208
car_0,-0.12470833957195282,-0.16389420628547668,999.9251324021748,733.7739432164349
car_0,-0.12085779756307602,-0.16564323008060455,998.6859849548354,747.8622977034679
car_0,-0.11629640311002731,-0.16819024085998535,997.3370666853964,762.327214369725
car_0,-0.11153092235326767,-0.17121407389640808,996.1108768957988,774.5248577789099
car_0,-0.10863673686981201,-0.17324648797512054,995.2816120567672,782.2416501548967
car_0,-0.10692791640758514,-0.1744290441274643,994.7985219981606,786.5962200760808
car_0,-0.10691174864768982,-0.17444011569023132,994.7941619137581,786.6371279267984
car_0,-0.10763788223266602,-0.17388373613357544,997.97212562595,787.006589733763
car_0,-0.10763393342494965,-0.1738864779472351,997.9710508395843,787.0166421474175
car_0,-0.10763296484947205,-0.17388707399368286,997.970805898809,787.0189330640815
car_0,-0.10689890384674072,-0.1744489073753357,994.7907261450625,786.6693635213253
car_0,-0.10626380145549774,-0.17487983405590057,994.8053243358331,788.4088463046303
car_0,-0.1049085184931755,-0.17578057944774628,995.3009234850157,792.4443891475777
car_0,-0.10409702360630035,-0.17620253562927246,999.084676298469,796.9012290741468
car_0,-0.10613788664340973,-0.17473168671131134,1007.5513120686878,798.2308305612588
car_0,-0.10858049988746643,-0.17286375164985657,1017.7376555218076,799.076616928894
car_0,-0.11122506856918335,-0.17079471051692963,1029.3821912068668,800.0434790404253
car_0,-0.11444612592458725,-0.16854548454284668,1042.4698918455167,801.1304590188023
car_0,-0.11718934029340744,-0.16669383645057678,1056.0516644617207,802.2599869097795
car_0,-0.11973737180233002,-0.16515177488327026,1070.51716798154,803.4630102664782
car_0,-0.1219814196228981,-0.16397765278816223,1085.0294589808043,804.6699247031174
car_0,-0.12385544180870056,-0.16312360763549805,1098.8353424409772,805.8180907686603
car_0,-0.1255360096693039,-0.16242285072803497,1112.8713855463104,806.9894031095251
car_0,-0.12710723280906677,-0.16176864504814148,1127.046916296953,807.7957709257618
car_0,-0.12863032519817352,-0.16105777025222778,1140.9728192136872,807.7255429752382
car_0,-0.1298103928565979,-0.16037046909332275,1154.6843120516864,808.8660019499719
car_0,-0.1309598684310913,-0.15988096594810486,1169.033825070413,810.0595285118579
car_0,-0.13172398507595062,-0.15955492854118347,1178.8995693368554,810.8801157902839
car_0,-0.13217979669570923,-0.15934056043624878,1184.8697300911922,811.3774775075995
car_0,-0.13231106102466583,-0.15927588939666748,1186.5927857744402,811.5182228619552
car_0,-0.13252180814743042,-0.15916666388511658,1189.6944785888918,811.9394065037458
car_0,-0.13280397653579712,-0.15900957584381104,1194.415192151588,812.8242971035621
car_0,-0.13301792740821838,-0.15885645151138306,1201.2089221265157,815.3514487987401
car_0,-0.13357876241207123,-0.15851052105426788,1210.4390652376755,816.9757993711025
car_0,-0.13438276946544647,-0.1579904407262802,1221.127616206512,817.8638432186955
car_0,-0.13538244366645813,-0.15726438164710999,1234.2044334563045,818.9487914531829
car_0,-0.13646191358566284,-0.15637704730033875,1247.933761833861,820.0878767748933
car_0,-0.1376332938671112,-0.1552824229001999,1262.2805268293312,821.2799376576357
car_0,-0.1395552158355713,-0.15328064560890198,1277.0039940393801,818.995489452836
car_0,-0.14079447090625763,-0.15164262056350708,1290.4929685470136,820.1202612196176
car_0,-0.14188271760940552,-0.14999720454216003,1301.8761969661718,821.0736424411215
car_0,-0.14268054068088531,-0.1486544907093048,1309.9737676689624,821.7518394836095
car_0,-0.1430778056383133,-0.14793962240219116,1313.9450666979828,822.0887701442302
car_0,-0.14311102032661438,-0.14787866175174713,1314.274199997827,822.1167274129429
car_0,-0.14313019812107086,-0.14784303307533264,1314.4654898616284,822.1329759728025
car_0,-0.14313212037086487,-0.14783959090709686,1314.4836882233797,822.1345217795921
car_0,-0.14313289523124695,-0.14783811569213867,1314.4918213786764,822.1352126267602
car_0,-0.14313296973705292,-0.14783813059329987,1314.4922317261955,822.135247482534
car_0,-0.14313296973705292,-0.14783813059329987,1314.4922317261955,822.135247482534
car_0,-0.14313296973705292,-0.14783813059329987,1314.4922317261955,822.135247482534
car_0,-0.14313296973705292,-0.14783813059329987,1314.4922317261955,822.135247482534
car_0,-0.14313296973705292,-0.14783813059329987,1314.4922317261955,822.135247482534
car_0,-0.14313296973705292,-0.14783813059329987,1314.4922317261955,822.135247482534
car_0,-0.14313296973705292,-0.14783813059329987,1314.4922317261955,822.135247482534
car_0,-0.14313296973705292,-0.14783813059329987,1314.4922317261955,822.135247482534
car_0,-0.14313296973705292,-0.14783813059329987,1314.4922317261955,822.135247482534
car_0,-0.1432621330022812,-0.14759600162506104,1315.8324577283506,822.2772393631672
car_0,-0.14356955885887146,-0.14699231088161469,1319.51133227894,822.8921369666228
car_0,-0.14395944774150848,-0.1461603343486786,1325.5305273203012,824.4347902520376
car_0,-0.14434395730495453,-0.14525426924228668,1333.2415691620247,826.9504822573521
car_0,-0.14494162797927856,-0.14374873042106628,1343.194533158221,828.2783157940139
car_0,-0.1452065110206604,-0.1426747441291809,1354.921124331242,829.3169567264814
car_0,-0.1455562710762024,-0.1413435935974121,1368.9203788293298,830.556890696312
car_0,-0.14592742919921875,-0.1399916708469391,1382.4923658696516,831.7561886092411
car_0,-0.14635570347309113,-0.1384754776954651,1396.9804721420296,833.0351499163894
car_0,-0.1467883139848709,-0.13697810471057892,1410.627567409945,834.2403895533064
car_0,-0.14726592600345612,-0.1353643387556076,1424.7425405933468,835.4900138332484
car_0,-0.14778362214565277,-0.1336723268032074,1439.0377009424108,836.7555904110956
car_0,-0.14842043817043304,-0.1317588984966278,1453.22611280349,837.2483594848658
car_0,-0.1490047574043274,-0.1300501525402069,1467.1223821176136,838.4840651805054
car_0,-0.14961062371730804,-0.12837880849838257,1481.2966085151277,840.023081906671
car_0,-0.14966994524002075,-0.12799684703350067,1490.4019978118486,843.7285909146768
car_0,-0.14921258389949799,-0.12875403463840485,1495.813629836014,849.8394689685418
car_0,-0.1486806869506836,-0.129871666431427,1495.5296450116973,854.106232968363
car_0,-0.14787530899047852,-0.13178598880767822,1491.0190989067012,859.1403479814576
car_0,-0.14672523736953735,-0.13465270400047302,1485.7832624672849,867.9019902127297
car_0,-0.14614355564117432,-0.13640561699867249,1475.258023187071,869.4
car_0,-0.1457625776529312,-0.13771292567253113,1463.548991755367,868.5327358851483
car_0,-0.14544090628623962,-0.13870707154273987,1456.9101289258363,869.3868883244568
car_0,-0.14486145973205566,-0.14018622040748596,1454.1740273245832,875.2746019199615
car_0,-0.14421579241752625,-0.14173465967178345,1453.5113044812917,883.4654142711697
car_0,-0.14366410672664642,-0.14304670691490173,1452.8958401843654,891.1060225592548
car_0,-0.14280936121940613,-0.1448686420917511,1452.2052497572683,899.6792752520593
car_0,-0.14091277122497559,-0.14796921610832214,1451.5088455353234,908.3247026092959
car_0,-0.13934408128261566,-0.1500893235206604,1450.8984702326886,915.9021341832218
car_0,-0.1377679705619812,-0.151877760887146,1450.2440658309245,924.0261597698374
car_0,-0.1362481415271759,-0.15334314107894897,1449.5631588505232,932.4791984657447
car_0,-0.13479822874069214,-0.15456409752368927,1448.8557642862459,941.261064120268
car_0,-0.1336342841386795,-0.1554565280675888,1448.236945561198,948.9433155571672
car_0,-0.13248586654663086,-0.1562856286764145,1447.572376133601,957.1935336475794
car_0,-0.13147330284118652,-0.1569879800081253,1446.9339265182134,965.1194904369752
car_0,-0.1305183619260788,-0.15762948989868164,1446.2811936874457,973.2227645043358
car_0,-0.12962862849235535,-0.15820489823818207,1445.6260322813653,981.356187830969
car_0,-0.1287567913532257,-0.15873530507087708,1444.9418404398855,989.8500060439142
car_0,-0.12791362404823303,-0.1591993272304535,1444.2472785506206,998.4725619812885
car_0,-0.12710988521575928,-0.15957903861999512,1443.5668804529594,1006.9192832129658
car_0,-0.1263578236103058,-0.16012345254421234,1442.9281316487072,1014.8489542469235
car_0,-0.12550261616706848,-0.16065438091754913,1442.224709065841,1023.5815102107963
car_0,-0.12467131018638611,-0.1609961986541748,1441.577037886074,1031.621947014024
car_0,-0.12382042407989502,-0.16121259331703186,1440.9567640270163,1039.3222630389598
car_0,-0.1230839416384697,-0.16133059561252594,1440.455164112742,1045.5493154958556
car_0,-0.12246738374233246,-0.16141316294670105,1437.105834399295,1048.4240221026082
car_0,-0.12280277162790298,-0.16138146817684174,1435.044961801591,1044.2428203919617
car_0,-0.12363506108522415,-0.16126103699207306,1435.5946566712921,1037.4186988331155
car_0,-0.1246153861284256,-0.1610306203365326,1436.2941253629192,1028.7352279816096
car_0,-0.1254904717206955,-0.1606849581003189,1436.9660178616803,1020.3940984955103
car_0,-0.12631633877754211,-0.16019141674041748,1437.6362417970138,1012.0736831915567
car_0,-0.12709566950798035,-0.15961389243602753,1438.2903538782198,1003.9532865837335
car_0,-0.12787185609340668,-0.15925809741020203,1438.941874472106,995.8650616869083
car_0,-0.12867072224617004,-0.15883168578147888,1439.5968155856176,987.734373156163
car_0,-0.1294478476047516,-0.15837246179580688,1440.208663562964,980.1386592372461
car_0,-0.130336195230484,-0.1578114777803421,1440.8694503043298,971.9354008549972
car_0,-0.13133054971694946,-0.15715408325195312,1441.5568121511608,963.4022289877771
car_0,-0.13238048553466797,-0.15643435716629028,1442.2249666535963,955.1075044123226
car_0,-0.1334761530160904,-0.15565240383148193,1442.8656355133205,947.1539970781483
car_0,-0.1346728503704071,-0.15474742650985718,1443.5086128778394,939.1718310858594
car_0,-0.13593800365924835,-0.15370599925518036,1444.1347736235384,931.3984330071174
car_0,-0.13748370110988617,-0.15226580202579498,1444.8391063792844,922.6545778103228
car_0,-0.1389402449131012,-0.15068277716636658,1445.4539745286463,915.0213703252488
car_0,-0.14050698280334473,-0.14866985380649567,1446.0737464237163,907.3272858725168
car_0,-0.1423829197883606,-0.14575254917144775,1446.7718687451056,898.6605293741429
car_0,-0.1435546725988388,-0.14348232746124268,1447.4226561214869,890.5814069188007
car_0,-0.14412149786949158,-0.14212924242019653,1448.0721198528688,882.5187166968182
car_1,-0.19754116237163544,-0.10238420218229294,1718.414967789549,746.3758232282859
car_1,-0.19700531661510468,-0.10256960988044739,1718.1647130255867,748.9418345430377
car_1,-0.19598211348056793,-0.10291256755590439,1717.7011824530484,753.6949020895516
car_1,-0.19454024732112885,-0.10337533056735992,1717.0779122516178,760.0859484253021
car_1,-0.19294388592243195,-0.10386644303798676,1716.425107885211,766.7798396851595
car_1,-0.19124262034893036,-0.1043727695941925,1715.766372667234,773.5200212580855
car_1,-0.1892533153295517,-0.1049519032239914,1715.0396552982097,780.9537343453961
car_1,-0.1873622089624405,-0.10549704730510712,1714.3865428531085,787.6345303984103
car_1,-0.18520571291446686,-0.10612054169178009,1713.6796479509544,794.8654761683626
car_1,-0.18300656974315643,-0.10676626116037369,1712.9932206878027,801.8870550476852
car_1,-0.18072687089443207,-0.1074538305401802,1712.3116741618578,808.8587080526613
car_1,-0.17860949039459229,-0.10805557668209076,1711.5882827778598,816.2583990848075
car_1,-0.17782369256019592,-0.10827706009149551,1709.6439489054017,818.3418289884183
car_1,-0.17828063666820526,-0.10815028846263885,1707.6281994358376,815.6647895197356
car_1,-0.1797027289867401,-0.10775288939476013,1708.1326393416978,810.5058405658444
car_1,-0.18207629024982452,-0.10704397410154343,1708.8680078488298,802.9851655626962
car_1,-0.18441367149353027,-0.10634908825159073,1709.584190639785,795.6607044776985
car_1,-0.18648074567317963,-0.10574673116207123,1710.2477233416414,788.8747002414203
car_1,-0.18839842081069946,-0.10519228875637054,1710.8940134894642,782.2650370421243
car_1,-0.19031278789043427,-0.1046367958188057,1711.5739525403148,775.3112437074875
car_1,-0.1921747922897339,-0.10408758372068405,1712.2744399332685,768.1473007658011
car_1,-0.19379952549934387,-0.10359470546245575,1712.9205732843648,761.524391781404
car_1,-0.19550646841526031,-0.1030554473400116,1713.6405635176272,754.1415730111413
car_1,-0.19712874293327332,-0.1025138795375824,1714.368931631035,746.6708287461338
car_1,-0.19846279919147491,-0.10204018652439117,1715.0528030978671,740.1813682859887
car_1,-0.19980794191360474,-0.10153040289878845,1716.081136130187,733.4026043991305
car_1,-0.20101512968540192,-0.10103504359722137,1716.3849267607136,726.7025859969593
car_1,-0.20221300423145294,-0.10050536692142487,1717.127513443707,719.8934523557383
car_1,-0.20331479609012604,-0.09997771680355072,1718.0282245240455,713.3955269992006
car_1,-0.20450226962566376,-0.09935786575078964,1719.0643717416767,706.0474370980164
car_1,-0.205616757273674,-0.09872033447027206,1719.9571919799464,698.7438130453348
car_1,-0.20662444829940796,-0.09809188544750214,1720.7653661417783,691.8025405487883
car_1,-0.2076195329427719,-0.0974724069237709,1721.6690773546209,684.0407163247805
car_1,-0.20843830704689026,-0.09692782908678055,1722.477837782594,677.0944084865533
car_1,-0.20919527113437653,-0.09637172520160675,1723.2659170265738,670.325727873285
car_1,-0.20995865762233734,-0.09574952721595764,1724.0994522557273,663.1014774775934
car_1,-0.2106982320547104,-0.09507264196872711,1724.9613871003228,655.6683973303561
car_1,-0.2114303559064865,-0.0942850336432457,1725.7621921327832,648.8199542930164
car_1,-0.21223773062229156,-0.09324638545513153,1726.6117525589736,641.4981444888949
car_1,-0.21294638514518738,-0.09215917438268661,1727.3893002660454,634.7707762847052
car_1,-0.21340733766555786,-0.09134629368782043,1727.9332965838264,630.2557579798377
car_1,-0.21387453377246857,-0.09041716903448105,1727.6432120100828,625.2144207996089
car_1,-0.21401095390319824,-0.09008275717496872,1723.2909390742902,621.9857990192604
car_1,-0.21382705867290497,-0.09041466563940048,1717.2221274199164,621.4877302171369
car_1,-0.21357102692127228,-0.09085743129253387,1708.8666780322005,620.8039695125857
car_1,-0.2132619470357895,-0.09136207401752472,1698.9261347853728,619.9904940741413
car_1,-0.21288584172725677,-0.09193404763936996,1687.0388138046171,619.0177058263928
car_1,-0.21247662603855133,-0.09250681102275848,1674.3657679061862,617.9806184849195
car_1,-0.21207021176815033,-0.0930279791355133,1662.0519709317505,616.9729299568412
car_1,-0.2116435021162033,-0.09352803230285645,1649.3678077016739,615.9167885199847
car_1,-0.2111949622631073,-0.0940081849694252,1636.472772418055,614.8787381796534
car_1,-0.21073786914348602,-0.09445402771234512,1623.698470856102,613.8550737163209
car_1,-0.21033267676830292,-0.09478609263896942,1610.8457742162138,612.7531165719336
car_1,-0.2099330872297287,-0.0950808897614479,1598.1336996763478,611.6612534444232
car_1,-0.20951125025749207,-0.0953712984919548,1585.2278537657592,610.5563625673009
car_1,-0.20909909904003143,-0.09563754498958588,1573.1682468248625,609.5460419858117
car_1,-0.2086421102285385,-0.09591520577669144,1560.3251694645382,608.4700844151889
car_1,-0.2081952840089798,-0.09617165476083755,1548.2663351197264,607.4598285596671
car_1,-0.20773068070411682,-0.09642437845468521,1536.2285008851418,606.4513320354138
car_1,-0.20725874602794647,-0.09666872769594193,1524.4839995056227,605.467410128074
car_1,-0.2067689597606659,-0.09691066294908524,1512.7792664471235,604.486819900897
car_1,-0.2062135487794876,-0.09719733893871307,1500.9544720452948,603.5297157960318
car_1,-0.20562537014484406,-0.09751144796609879,1490.0306746436663,602.8019336923012
car_1,-0.2054002732038498,-0.09761447459459305,1483.332096646436,601.4183042271262
car_1,-0.20557978749275208,-0.09748232364654541,1479.626155720332,598.7057932249384
car_1,-0.20612643659114838,-0.09711548686027527,1476.1468742088498,593.6795298654873
car_1,-0.20699577033519745,-0.0965665727853775,1475.319975630189,586.9089221117911
car_1,-0.2079140841960907,-0.09596799314022064,1475.9560133453715,579.6133656718565
car_1,-0.20881138741970062,-0.09532352536916733,1476.5620458372148,571.9078767919791
car_1,-0.20963449776172638,-0.09466227144002914,1477.1629222870424,564.267945163488
car_1,-0.21037743985652924,-0.09394355118274689,1477.7125564148073,557.2795415440538
car_1,-0.21115237474441528,-0.0929798036813736,1478.2518295962032,550.4228736947405
car_1,-0.2119472473859787,-0.09177576750516891,1478.8308122838869,543.0613135116923
car_1,-0.21266235411167145,-0.09045998752117157,1479.3713996498348,536.187936270409
car_1,-0.21335385739803314,-0.08894279599189758,1479.8979669634662,529.3341408600636
car_1,-0.21405243873596191,-0.08714377135038376,1480.4431598789877,522.2212094544494
car_1,-0.2147812396287918,-0.08496512472629547,1481.02854720075,514.5838764171581
car_1,-0.21548786759376526,-0.0825490802526474,1481.613412427892,506.93029651666234
car_1,-0.2161412388086319,-0.08004079759120941,1482.1743059631665,499.57778354569336
car_1,-0.21676523983478546,-0.07740084081888199,1482.73328385325,492.25038194654104
car_1,-0.21739405393600464,-0.07451149076223373,1483.32553793739,484.49803038855396
car_1,-0.2179207056760788,-0.07194504141807556,1483.8477529216304,477.68259197178315
car_1,-0.2184261530637741,-0.06940694153308868,1484.3705725588702,470.859262216378
car_1,-0.21895195543766022,-0.06677709519863129,1484.9324357657483,463.52637403681547
car_1,-0.21948058903217316,-0.06426993012428284,1485.5042390453589,456.06375776516484
car_1,-0.21998389065265656,-0.06212960556149483,1486.0389981573228,449.08460568147035
car_1,-0.2204856425523758,-0.05995931103825569,1486.6011794135143,441.74756663383
car_1,-0.22093133628368378,-0.05788201838731766,1487.167301193362,434.35394414949576
car_1,-0.22147168219089508,-0.05623099207878113,1487.7605528308457,426.58533052791836
car_1,-0.2220344841480255,-0.055200401693582535,1488.283514521331,419.73716179888277
car_1,-0.22266258299350739,-0.05454721301794052,1488.7829221949166,413.1974322632148
car_1,-0.22347615659236908,-0.054147012531757355,1489.3364291082555,405.9184196259027
car_1,-0.22441509366035461,-0.05403194576501846,1489.893503810209,398.63880831794205
car_1,-0.22537590563297272,-0.05412793159484863,1490.3997703513996,392.0231360837377
car_1,-0.22652463614940643,-0.054404307156801224,1490.9553280469815,384.86658310704615
car_1,-0.2277461439371109,-0.0548134446144104,1491.4916861004301,377.8742291180966
car_1,-0.22913864254951477,-0.05537036806344986,1492.0625643443552,370.4318447995474
car_1,-0.23051817715168,-0.05598888173699379,1492.5997252211616,363.4290246209502
car_1,-0.23205073177814484,-0.056739456951618195,1493.1759203490565,355.9173255329165
car_1,-0.23365458846092224,-0.057593684643507004,1493.767154347839,348.20956877750183
car_1,-0.23515024781227112,-0.058593057096004486,1494.3167298766357,341.04490215918315
car_1,-0.2365233153104782,-0.059711188077926636,1494.8259257252796,334.40665444289044
car_1,-0.23804932832717896,-0.06106049567461014,1495.403382547466,326.87850698971204
car_1,-0.2389972060918808,-0.06271199136972427,1495.994628412728,319.17059553423667
car_1,-0.23873059451580048,-0.06411688029766083,1496.3844002921028,314.0892456076285
car_1,-0.23842047154903412,-0.06599889695644379,1496.9260817765257,307.082986838954
car_1,-0.23805953562259674,-0.06775178015232086,1497.520206161135,299.42761385618377
car_1,-0.23775441944599152,-0.06946683675050735,1498.1108392068509,291.8513653214774
car_1,-0.23751352727413177,-0.07105238735675812,1498.6795050914616,284.7987364923643
car_1,-0.23731379210948944,-0.0726000964641571,1499.2373015107546,277.89920869824584
car_1,-0.23713858425617218,-0.07420661300420761,1499.814573436903,270.7587833361182
car_1,-0.23700009286403656,-0.07569918781518936,1500.3467210906379,264.1765117393027
car_1,-0.2368655502796173,-0.07739341259002686,1500.943028488388,256.8006317187188
car_1,-0.23676010966300964,-0.07891091704368591,1501.4682005424079,250.30464311413752
car_1,-0.2371569722890854,-0.08057816326618195,1502.0804933009936,242.7310360419516
car_1,-0.2378409057855606,-0.0822596549987793,1502.6962517226884,235.1145612887965
car_1,-0.2384888082742691,-0.08401217311620712,1503.3025120928683,227.61557038485756
car_1,-0.2390448898077011,-0.08565695583820343,1503.8431792690815,220.9279186168901
car_1,-0.2396506369113922,-0.08762523531913757,1504.2174676701038,213.28181047419145
car_1,-0.24010707437992096,-0.08930590003728867,1502.415010545167,206.80691626152836
car_1,-0.24015015363693237,-0.08966928720474243,1495.8711018599804,204.75520361485917
car_1,-0.240077942609787,-0.08961033821105957,1489.1751333093357,204.2260736384296
car_1,-0.23999498784542084,-0.08954378962516785,1481.5824657269682,203.62608455716236
car_1,-0.23991356790065765,-0.08947952091693878,1474.2373167999074,203.04565493757084
car_1,-0.2398356795310974,-0.089418925344944,1467.3052454170415,202.49786760259735
car_1,-0.2398272305727005,-0.08961267024278641,1460.3688760377015,201.02468107295954
car_1,-0.2397979199886322,-0.08972159773111343,1453.8149768897952,199.90420184330276
car_1,-0.23975764214992523,-0.08981850743293762,1446.4725859321143,198.7416222531478
car_1,-0.23971973359584808,-0.0899084284901619,1439.6930676618367,197.66816680552387
car_1,-0.23967638611793518,-0.09001193940639496,1432.0050575846851,196.44646934977283
car_1,-0.23959729075431824,-0.08997263014316559,1424.800749018254,195.79232863174457
car_1,-0.23950444161891937,-0.08990595489740372,1417.098804184836,195.18251130391158
car_1,-0.23941613733768463,-0.08984370529651642,1409.8847469465782,194.61132348018418
car_1,-0.2393244355916977,-0.08978018164634705,1402.4925858312877,194.02603391556954
car_1,-0.23921914398670197,-0.08966425061225891,1395.3689100678023,193.66038540064457
car_1,-0.23912246525287628,-0.08958283066749573,1388.2665686921716,193.17334412713362
car_1,-0.23894670605659485,-0.0892377570271492,1381.1928520386275,193.6506087122805
car_1,-0.23878486454486847,-0.08893222361803055,1374.638487138927,194.04937741211742
car_1,-0.2385949045419693,-0.08858209103345871,1367.0726745273548,194.50968276656366
car_1,-0.23838867247104645,-0.0881580263376236,1360.5165390319964,195.3693170037042
car_1,-0.23827965557575226,-0.08808799088001251,1352.9198609770065,194.79819589740555
car_1,-0.23817214369773865,-0.0880201980471611,1345.5357333661782,194.2430544132437
car_1,-0.2380622774362564,-0.08795222640037537,1338.088980521961,193.68320474053994
car_1,-0.2379618138074875,-0.08789126574993134,1331.3729089413569,193.17828795937183
car_1,-0.23786042630672455,-0.08783061802387238,1324.6835223735106,192.6753773674746
car_1,-0.23775549232959747,-0.08776921033859253,1317.8402713297896,192.16089918655416
car_1,-0.2376350313425064,-0.08769989013671875,1310.1009571242207,191.57905464094068
car_1,-0.23753008246421814,-0.08764069527387619,1303.4446633307343,191.07863197623558
car_1,-0.23741091787815094,-0.08757484704256058,1295.9912788407694,190.51828373391643
car_1,-0.23729895055294037,-0.08751412481069565,1289.076483844151,189.99783823080796
car_1,-0.23719167709350586,-0.08745727688074112,1282.5440105689743,189.506069780035
car_1,-0.23706622421741486,-0.0873919203877449,1274.9964364670218,188.9378839387985
car_1,-0.2369394153356552,-0.08732731640338898,1267.4779126699173,188.37188502168826
car_1,-0.23681284487247467,-0.08726423233747482,1260.0870868230816,187.81549928178137
car_1,-0.23674346506595612,-0.08721834421157837,1256.3727937370857,187.59069521858999
car_1,-0.23649853467941284,-0.08677490055561066,1250.5823268431573,188.67605209070905
car_1,-0.23586784303188324,-0.0852234959602356,1248.046555429073,194.54489961323887
car_1,-0.23498259484767914,-0.08313316851854324,1247.3739550149683,203.20216767015108
car_1,-0.23487906157970428,-0.08049480617046356,1246.5906886089824,213.37593355723024
car_1,-0.23514406383037567,-0.07739869505167007,1245.690855294577,225.08635172582132
car_1,-0.23548711836338043,-0.0742407813668251,1244.76568496341,237.1265054761843
car_1,-0.23594671487808228,-0.0709129273891449,1243.7900595217016,249.823281329465
car_1,-0.23643873631954193,-0.06723625212907791,1242.8109188368612,262.5658045077025
car_1,-0.2347634881734848,-0.06408925354480743,1241.9287281723769,275.54724375018327
car_1,-0.23189881443977356,-0.06189664453268051,1240.799312274745,288.0240371742833
car_1,-0.2290438413619995,-0.060463473200798035,1239.5021933394974,300.8073824123724
car_1,-0.2265593707561493,-0.059558216482400894,1238.5286912271517,312.8033467650577
car_1,-0.2243911325931549,-0.059217143803834915,1237.6682023843025,324.5871219838013
car_1,-0.22252725064754486,-0.05962984636425972,1236.794424303478,336.5528837494101
car_1,-0.22096583247184753,-0.06114843860268593,1235.8818729968305,349.0496169290049
car_1,-0.21971353888511658,-0.06413209438323975,1234.9419644202512,361.9209882252391
car_1,-0.21855080127716064,-0.06800553947687149,1234.0014729187947,374.5043595782551
car_1,-0.21733307838439941,-0.07205275446176529,1233.0239555471464,386.78045436246134
car_1,-0.21616405248641968,-0.07636000216007233,1232.1183416046063,398.70861172428494
car_1,-0.21491073071956635,-0.08088453114032745,1231.2035213158301,411.11678243895415
car_1,-0.21357111632823944,-0.08518470823764801,1230.2668557536404,423.8212516563487
car_1,-0.21228031814098358,-0.08859030902385712,1229.3952668417858,435.64305331946423
car_1,-0.2108462005853653,-0.0914393812417984,1228.4566331245178,448.3742176205842
car_1,-0.20941463112831116,-0.093411386013031,1227.5665885643361,460.44634258533654
car_1,-0.20788396894931793,-0.09469954669475555,1226.1526151520568,472.85391090161596
car_1,-0.2063126564025879,-0.09568222612142563,1225.6238942347798,484.7858779871015
car_1,-0.20435065031051636,-0.09685782343149185,1225.7119478122063,497.0663720777768
car_1,-0.20196086168289185,-0.0982549786567688,1224.8274357639534,508.85093158934774
car_1,-0.19922952353954315,-0.09975074231624603,1223.9325446153357,520.7737742663841
car_1,-0.19618289172649384,-0.10130707919597626,1222.6517204253778,532.4422489366287
car_1,-0.19232110679149628,-0.1031719297170639,1219.5858442036692,544.8792848594155
car_1,-0.18940076231956482,-0.10455083101987839,1218.9632943192257,554.111166207832
car_1,-0.18747486174106598,-0.10545994341373444,1218.5360833852499,559.8491185687526
car_1,-0.18704457581043243,-0.10566394031047821,1218.442903900532,561.1006301800095
car_1,-0.18670479953289032,-0.10582549124956131,1218.3698537665293,562.0817806036788
car_1,-0.18668793141841888,-0.10583344846963882,1218.3662607449241,562.1300391690907
car_1,-0.18668358027935028,-0.10583562403917313,1218.3653082538258,562.1428322605417
car_1,-0.1866816282272339,-0.10583654046058655,1218.364904610347,562.1482536738735
car_1,-0.1864003837108612,-0.10597041994333267,1218.3048390271108,562.9550060945847
car_1,-0.185268834233284,-0.1065121665596962,1217.991599895376,566.1249750093207
car_1,-0.18337224423885345,-0.10743311047554016,1217.4932616981516,571.3129443034098
car_1,-0.18072351813316345,-0.10868779569864273,1216.7774909026825,578.8520483753957
car_1,-0.17785602807998657,-0.10992312431335449,1215.8901650702614,588.1201224600395
car_1,-0.17463211715221405,-0.11135698854923248,1215.0853541407528,598.5970674568845
car_1,-0.17137093842029572,-0.11286791414022446,1214.587313945469,609.3212010529261
car_1,-0.16826969385147095,-0.11435230076313019,1215.7289641115588,620.2903317078808
car_1,-0.16526676714420319,-0.11587350070476532,1215.2681093979563,630.2544705736694
car_1,-0.16235622763633728,-0.11754975467920303,1214.541556642994,640.4728891906985
car_1,-0.16006772220134735,-0.11981222033500671,1213.7591509697706,651.4651447868979
car_1,-0.1578242927789688,-0.12252157926559448,1212.2117948122868,662.5735194896341
car_1,-0.1558123528957367,-0.12542814016342163,1210.5256154974,673.2721711148768
car_1,-0.1540125012397766,-0.12846074998378754,1208.8786252827888,683.8016628961492
car_1,-0.15229354798793793,-0.13173425197601318,1208.0430313258335,695.4424573797901
car_1,-0.15082105994224548,-0.13483865559101105,1207.2628435939102,706.6627888402123
car_1,-0.14947380125522614,-0.1378846913576126,1206.4596516568038,718.2139570935975
car_1,-0.1483294665813446,-0.14059661328792572,1205.6962152455426,729.2758996211028
car_1,-0.1472129225730896,-0.14336347579956055,1204.8487804413696,741.6197006837461
car_1,-0.14520451426506042,-0.14732030034065247,1204.127470763787,752.0381896631601
car_1,-0.1424235701560974,-0.1514873504638672,1203.2893668620045,764.1436369290155
car_1,-0.1400950700044632,-0.1541062742471695,1202.5345104436287,775.0466700094033
car_1,-0.13827864825725555,-0.15570984780788422,1201.9020970600031,784.1811542295777
car_1,-0.1361880600452423,-0.15718749165534973,1201.1043295327404,795.5025367083074
car_1,-0.13436582684516907,-0.15822647511959076,1200.2127680846788,806.077433465177
car_1,-0.13266326487064362,-0.15902608633041382,1199.3007071349912,816.5997366321009
car_1,-0.13146406412124634,-0.15950079262256622,1198.6320973867892,824.3385148363705
car_1,-0.13082781434059143,-0.15972468256950378,1198.2798055790572,828.533245198201
car_1,-0.12997780740261078,-0.15999513864517212,1197.819721407842,834.2062679107797
car_1,-0.12890732288360596,-0.16049012541770935,1194.9189538869496,839.9056074909934
car_1,-0.12821649014949799,-0.16086748242378235,1189.7732059805633,841.3957319803524
car_1,-0.1275862753391266,-0.16118787229061127,1182.896086686833,841.1938405572362
car_1,-0.12682977318763733,-0.16153381764888763,1174.341575052432,840.4828567952748
car_1,-0.1258123219013214,-0.1619497686624527,1163.6716251797138,839.5974411818498
car_1,-0.12458275258541107,-0.16242212057113647,1151.936617751946,838.6236447794159
car_1,-0.12312029302120209,-0.16299767792224884,1139.4119928793716,837.5829475562276
car_1,-0.12142737209796906,-0.16373611986637115,1126.5451191295954,836.5215685113432
car_1,-0.11950493603944778,-0.1647023856639862,1113.6050198030407,835.4475950653166
car_1,-0.11753248423337936,-0.16583916544914246,1101.7745819004124,834.461264768437
car_1,-0.11531181633472443,-0.16727754473686218,1089.7943318051987,833.4624442910921
car_1,-0.11268537491559982,-0.16905111074447632,1077.7239021291107,832.3106143283121
car_1,-0.11043564975261688,-0.17069293558597565,1066.3236938799957,829.900823001764
car_1,-0.10772661864757538,-0.17280766367912292,1054.512709027711,828.91980736645
car_1,-0.10462715476751328,-0.17516367137432098,1041.7420315168144,827.8590800462113
car_1,-0.10052996873855591,-0.17784279584884644,1029.5290082078025,826.8446712589306
car_1,-0.09622342884540558,-0.18039263784885406,1017.1130177981986,825.8134041061854
car_1,-0.09266044199466705,-0.18229630589485168,1006.1666195438712,824.9050429744955
car_1,-0.09066694229841232,-0.18326464295387268,999.6320850703166,824.3691416901322
car_1,-0.0895320251584053,-0.18378329277038574,995.290436339339,823.7159528062176
car_1,-0.08882494270801544,-0.1841047704219818,989.6175306773221,821.123444563241
car_1,-0.09092108905315399,-0.18321996927261353,988.410156080445,815.295253618371
car_1,-0.094466432929039,-0.1815626323223114,989.2059193295892,808.1879587908395
car_1,-0.09829361736774445,-0.17958733439445496,990.5677444848764,801.4920338247143
car_1,-0.10227824747562408,-0.17730405926704407,996.1324605881883,798.0731289781036
car_1,-0.10502888262271881,-0.1755620539188385,1002.975532866105,797.8274440020633
car_1,-0.1071852296590805,-0.17393697798252106,1011.8768624911951,798.5899870727895
car_1,-0.10974609851837158,-0.17195650935173035,1022.7619356669858,799.4937899481948
car_1,-0.11258973926305771,-0.16982577741146088,1034.7578866140714,800.4898305612529
car_1,-0.11557302623987198,-0.16777575016021729,1047.7124887295627,801.5664595004048
car_1,-0.11797399073839188,-0.16619646549224854,1060.3153320936253,802.6145747566079
car_1,-0.11998886615037918,-0.1650114506483078,1072.049792224848,803.5904709358712
car_1,-0.1218213140964508,-0.16405557096004486,1083.927800432474,804.578305288492
car_1,-0.12357622385025024,-0.16324467957019806,1096.6647829550043,805.6375762255509
car_1,-0.12575852870941162,-0.16237591207027435,1109.4320417997058,803.4964454729915
car_1,-0.1270611733198166,-0.1618262380361557,1121.6542293027212,804.5112302717766
car_1,-0.12850110232830048,-0.16117094457149506,1133.7623204551687,803.9141613852194
car_1,-0.12958750128746033,-0.1605643332004547,1146.065135822097,804.9372376104692
car_1,-0.13007836043834686,-0.16021178662776947,1157.9489269448768,809.1375376170197
car_1,-0.1310151070356369,-0.15985870361328125,1169.739114934424,810.1181912821852
car_1,-0.13178232312202454,-0.15952831506729126,1179.6612967170263,810.9434727738947
car_1,-0.1321972757577896,-0.1593320071697235,1185.0996413292953,811.3966367774414
car_1,-0.13231484591960907,-0.15927407145500183,1186.6418460096252,811.52214768077
car_1,-0.13232150673866272,-0.15927070379257202,1186.729117052762,811.5291293642209
car_1,-0.13232211768627167,-0.15927046537399292,1186.736201394609,811.5296961115688
car_1,-0.13232235610485077,-0.1592703014612198,1186.739726035362,811.529978082829
car_1,-0.13232244551181793,-0.159270241856575,1186.7414215528665,811.5301137242294
car_1,-0.13232246041297913,-0.15927019715309143,1186.7420590837448,811.5301647266996
car_1,-0.13247469067573547,-0.15919183194637299,1188.946203926737,811.8132927966411
car_1,-0.13275736570358276,-0.15903760492801666,1193.4527107049075,812.5728164109395
car_1,-0.1329827606678009,-0.1588822603225708,1200.066751092313,814.9224382151615
car_1,-0.1334606111049652,-0.15858232975006104,1208.8587134749375,816.8438045324663
car_1,-0.1342657059431076,-0.1580696702003479,1219.5790112249879,817.7353596428736
car_1,-0.13522690534591675,-0.1573832780122757,1232.1900795878464,818.7816659492113
car_1,-0.1361817568540573,-0.15661805868148804,1244.4157387330536,819.7959958929328
car_1,-0.1371907740831375,-0.15571293234825134,1256.93233525976,820.8352406142569
car_1,-0.13823187351226807,-0.1546647846698761,1269.3744382904945,821.8697896499837
car_1,-0.14004267752170563,-0.15266424417495728,1282.3761386874287,819.4404511621083
car_1,-0.14120399951934814,-0.151047483086586,1294.8254499862292,820.4831201814663
car_1,-0.14223909378051758,-0.1494123786687851,1305.5166216469793,821.3785394704333
car_1,-0.1428549885749817,-0.1483445167541504,1311.7221610160132,821.8999519009741
car_1,-0.14303994178771973,-0.1480093002319336,1313.5669408388774,822.0566513453873
car_1,-0.1430865377187729,-0.14792363345623016,1314.0316784733252,822.0961271290083
car_1,-0.14311665296554565,-0.14786815643310547,1314.3308436275777,822.1215388409526
car_1,-0.14312776923179626,-0.14784759283065796,1314.4407396677004,822.1308736397275
car_1,-0.14313119649887085,-0.14784134924411774,1314.4743866428705,822.1337316839504
car_1,-0.14313262701034546,-0.14783875644207,1314.4888047948573,822.1349563918412
car_1,-0.14313296973705292,-0.14783813059329987,1314.4921979480332,822.1352446133465
car_1,-0.14313293993473053,-0.14783808588981628,1314.4923007443163,822.1352533450771
car_1,-0.14313293993473053,-0.14783808588981628,1314.4923007443163,822.1352533450771
car_1,-0.14335784316062927,-0.1474100947380066,1316.9814460574441,822.4692845553157
car_1,-0.14376898109912872,-0.1465902477502823,1321.8804738526462,823.2881220582279
car_1,-0.14410662651062012,-0.145807683467865,1328.8648790339348,825.6069475724272
car_1,-0.14476631581783295,-0.14431223273277283,1338.2886148839486,827.8437916040069
car_1,-0.1450805515050888,-0.14317625761032104,1349.4903341603754,828.8359438827762
car_1,-0.14536719024181366,-0.14205357432365417,1361.5313945086777,829.9024377993401
car_1,-0.14567211270332336,-0.1409161388874054,1373.2822445360111,830.9431500658721
car_1,-0.14601176977157593,-0.13968980312347412,1385.4358911465122,832.0160331234199
car_2,-0.1371666043996811,-0.1621997058391571,731.3195165982842,512.5597670370121
car_2,-0.13660773634910583,-0.16251811385154724,730.8843439427236,514.0472014416739
car_2,-0.135447159409523,-0.16317234933376312,729.9819226740727,517.1111250156916
car_2,-0.13357900083065033,-0.16421441733837128,728.5460573485631,521.966937191434
car_2,-0.13108666241168976,-0.16560892760753632,726.6809933632104,528.2742142373501
car_2,-0.12767738103866577,-0.16757997870445251,724.2351180409516,536.5456802022769
car_2,-0.12317976355552673,-0.17037451267242432,721.1895582621768,546.8451602391506
car_2,-0.11760582774877548,-0.1742439568042755,717.7480616379578,558.478928298178
car_2,-0.11152655631303787,-0.17801734805107117,713.9715134220444,571.2008538022017
car_2,-0.10335051268339157,-0.1811358481645584,710.2452392513039,583.8251450104659
car_2,-0.09726116061210632,-0.182787224650383,709.7412497126138,596.7445250972855
car_2,-0.09189043939113617,-0.18354971706867218,705.9195358675721,609.2336397416971
car_2,-0.08908054232597351,-0.18345968425273895,703.0568495372988,618.6310995548162
car_2,-0.08786123991012573,-0.18320266902446747,701.9487171950881,624.7569530664001
car_2,-0.08762948215007782,-0.1832771897315979,706.0555322275887,628.2869352011066
car_2,-0.08800651133060455,-0.18353183567523956,711.9868486458653,629.177708401765
car_2,-0.08867129683494568,-0.18376022577285767,719.152238482866,630.0226030787802
car_2,-0.08964142203330994,-0.18388766050338745,726.6919483214941,630.6791220307151
car_2,-0.0909949243068695,-0.18387332558631897,735.0604151938882,631.4078048604202
car_2,-0.09243661910295486,-0.1837110072374344,742.4760482327989,632.0512041655599
car_2,-0.09424781799316406,-0.18336234986782074,750.5058855667286,632.7448882647631
car_2,-0.09605737030506134,-0.1828930526971817,757.6222606888533,633.3644166663523
car_2,-0.09819293022155762,-0.18221551179885864,765.2366032974229,634.0272964927367
car_2,-0.10060311108827591,-0.18131765723228455,773.1332999665852,634.7147571424811
car_2,-0.10292443633079529,-0.18033993244171143,780.2564562657853,635.3348758912235
car_2,-0.10390914976596832,-0.17981600761413574,788.1447776767019,639.2359833048334
car_2,-0.1067662388086319,-0.1784244030714035,796.3343981257874,639.9489449432202
car_2,-0.10966936498880386,-0.17689459025859833,804.4173478067587,640.6526201725388
car_2,-0.1115635484457016,-0.17544960975646973,812.6293040790385,641.3605541022912
car_2,-0.11332904547452927,-0.1740557700395584,820.4656829485887,642.0388103725595
car_2,-0.11508069932460785,-0.17265832424163818,828.222297448545,642.7135073775084
car_2,-0.11704673618078232,-0.17115895450115204,835.8709362202046,643.3788122822714
car_2,-0.11879390478134155,-0.16983765363693237,843.447520250038,644.037849617787
car_2,-0.12051963061094284,-0.16859586536884308,851.5673855433135,644.7441434259932
car_2,-0.12209120392799377,-0.1675211638212204,859.3359730984771,645.4198818884606
car_2,-0.12364047765731812,-0.16651630401611328,867.4157682537207,646.1226902582558
car_2,-0.12512320280075073,-0.16560490429401398,875.6127244539202,646.8356896986694
car_2,-0.1264229714870453,-0.16484376788139343,883.2211884657055,647.4940364045841
car_2,-0.12775033712387085,-0.16409818828105927,891.396284624592,648.1677162544729
car_2,-0.12893417477607727,-0.16345170140266418,899.1313474135419,648.8133530525904
car_2,-0.12997454404830933,-0.16289028525352478,906.2868944861552,649.4104779821548
car_2,-0.13101348280906677,-0.16232720017433167,913.8024644661054,650.0486612119423
car_2,-0.1320343166589737,-0.16176235675811768,921.5467907861371,650.7132503576557
car_2,-0.13296625018119812,-0.1612287014722824,928.9124720695053,651.3453456012471
car_2,-0.1339578926563263,-0.16077189147472382,937.1613404268244,652.0532326592231
car_2,-0.13491597771644592,-0.16037192940711975,945.4086726386146,652.7609878909301
car_2,-0.13579627871513367,-0.15997537970542908,953.1446692873477,653.4248622153792
car_2,-0.1366732269525528,-0.15954403579235077,960.9816529405879,654.0974028671858
car_2,-0.13756804168224335,-0.1590578556060791,969.0838657331959,654.7927044926222
car_2,-0.13845929503440857,-0.15851759910583496,977.242039555725,655.4980312101735
car_2,-0.13925673067569733,-0.1579788327217102,984.5970435661959,656.1404682951697
car_2,-0.1399293839931488,-0.1574798822402954,990.6852633354656,656.6089531793222
car_2,-0.14021554589271545,-0.15725336968898773,993.300639289288,656.8221005588186
car_2,-0.1402737945318222,-0.15720614790916443,993.8327571297542,656.865466990751
car_2,-0.1402774453163147,-0.15720319747924805,993.8664069882612,656.8682093801007
car_2,-0.14027807116508484,-0.15720275044441223,993.8710265243834,656.8685858621194
car_2,-0.14027813076972961,-0.15720272064208984,993.8717155758186,656.8686420182936
car_2,-0.14027807116508484,-0.1572026014328003,993.8721191679494,656.8686749101633
car_2,-0.14027807116508484,-0.1572026014328003,993.8721191679494,656.8686749101633
car_2,-0.14027807116508484,-0.1572026014328003,993.8721191679494,656.8686749101633
car_2,-0.14027807116508484,-0.1572026014328003,993.8721191679494,656.8686749101633
car_2,-0.14027807116508484,-0.1572026014328003,993.8721191679494,656.8686749101633
car_2,-0.14027807116508484,-0.1572026014328003,993.8721191679494,656.8686749101633
car_2,-0.14027807116508484,-0.1572026014328003,993.8721191679494,656.8686749101633
car_2,-0.1405022293329239,-0.15701165795326233,996.3489723215733,657.2806285429466
car_2,-0.1407715231180191,-0.15675489604473114,1000.7031041297324,658.5608838685716
car_2,-0.14030076563358307,-0.15703999996185303,1004.7708697476885,662.9980290593559
car_2,-0.13855953514575958,-0.15813708305358887,1005.6665783448128,671.5340851098696
car_2,-0.1363518387079239,-0.15925130248069763,1004.7080947681975,681.5281342175126
car_2,-0.13379225134849548,-0.16023045778274536,1003.5746182591291,693.5065520401325
car_2,-0.13090184330940247,-0.16133441030979156,1002.2920942207267,707.1199041137203
car_2,-0.12798993289470673,-0.1625719517469406,1001.1175527085693,720.2168479651053
car_2,-0.12465300410985947,-0.16391724348068237,999.9061514171507,733.9897454973554
car_2,-0.12108133733272552,-0.16553227603435516,998.7534449840675,747.0953181099027
car_2,-0.11676590144634247,-0.16790379583835602,997.4770647877499,760.9345694912918
car_2,-0.11193978786468506,-0.17093460261821747,996.2186379074864,773.4528945272751
car_2,-0.10874570906162262,-0.17317047715187073,995.3153422967175,781.9623216053079
car_2,-0.10716457664966583,-0.17426638305187225,994.8624155561829,785.9967481640489
car_2,-0.10507550835609436,-0.17567390203475952,995.0496922916915,791.8067948311866
car_2,-0.10436540842056274,-0.17602841556072235,1000.0825421080636,797.157897970053
car_2,-0.10614059120416641,-0.17472970485687256,1007.5626412885376,798.2317712422548
car_2,-0.10847773402929306,-0.17294329404830933,1017.300273399727,799.0403004785402
car_2,-0.11105784773826599,-0.1709265261888504,1028.616830112022,799.9799300364753
car_2,-0.11437282711267471,-0.1685953438282013,1042.149493702845,801.1038131126609
car_2,-0.11697350442409515,-0.16683393716812134,1054.9049336868409,802.1646190641918
car_2,-0.1192963495850563,-0.16540324687957764,1067.8770304850914,803.2434432760328
car_2,-0.12146460264921188,-0.164232537150383,1081.5118584618301,804.3773835151758
car_2,-0.12332157045602798,-0.1633567065000534,1094.7225373227386,805.4760494002412
car_2,-0.12495274096727371,-0.16266244649887085,1107.802285705588,806.5662901342205
car_2,-0.12643340229988098,-0.16205203533172607,1121.122648952499,807.6781282716867
car_2,-0.12802179157733917,-0.16136489808559418,1134.3345631877717,807.1734033394756
car_2,-0.12924586236476898,-0.16071632504463196,1147.9902300766942,808.3092189682658
car_2,-0.13032573461532593,-0.1601233184337616,1161.023256979955,809.3932462638624
car_2,-0.1312844455242157,-0.15974724292755127,1173.2000560590707,810.406056463115
car_2,-0.13194960355758667,-0.15945075452327728,1181.848359081396,811.1256965901164
car_2,-0.13226673007011414,-0.1592978537082672,1186.0129387333575,811.4718350986686
car_2,-0.13231204450130463,-0.15927545726299286,1186.6041875885746,811.519135007086
car_2,-0.132461279630661,-0.15919901430606842,1188.7332279014397,811.7773979609168
car_2,-0.1327502578496933,-0.15904152393341064,1193.3382275123854,812.5535214908515
car_2,-0.1329740732908249,-0.1588885486125946,1199.7864276384478,814.8171459910268
car_2,-0.1333809494972229,-0.15863078832626343,1207.7070636631358,816.705159832713
car_2,-0.1341579556465149,-0.1581413745880127,1218.1514300097415,817.6169170823114
car_2,-0.1351044774055481,-0.15747526288032532,1230.598268031686,818.649597640501
car_2,-0.1361137330532074,-0.15667542815208435,1243.556614075261,819.7247166387479
car_2,-0.13716448843479156,-0.15573802590370178,1256.6107456887723,820.8085007472309
car_2,-0.13828924298286438,-0.15460319817066193,1270.0476420121283,821.9257658992835
car_2,-0.13921275734901428,-0.15351125597953796,1283.1713281819002,824.1974336907728
car_2,-0.1404595971107483,-0.15190549194812775,1296.9294204047658,825.3457468999253
car_2,-0.14133349061012268,-0.150634765625,1306.2044258238673,826.1198812104959
car_2,-0.14191217720508575,-0.14972025156021118,1312.2047045126665,826.6244429372482
car_2,-0.1420876383781433,-0.14943069219589233,1314.0067946480049,826.7778123104686
car_2,-0.14209218323230743,-0.14942309260368347,1314.053714713718,826.7818055075504
car_2,-0.1420949548482895,-0.1494183987379074,1314.0826559395616,826.784268590601
car_2,-0.14209584891796112,-0.14941710233688354,1314.0905960242621,826.7849443424903
car_2,-0.14209598302841187,-0.1494167447090149,1314.0921909072363,826.7850800772115
car_2,-0.14209601283073425,-0.1494167447090149,1314.0926665923262,826.785120561049
car_2,-0.14217767119407654,-0.1492689549922943,1315.3960980697486,827.1145783596522
car_2,-0.1420588493347168,-0.14938633143901825,1317.681197950303,828.9404179700949
car_2,-0.1418604999780655,-0.14957872033119202,1321.5123997089177,832.0016232968312
car_2,-0.1409969925880432,-0.1506565511226654,1325.1736179412624,838.2272149903708
car_2,-0.13945305347442627,-0.1525246649980545,1322.4663694500891,844.5923600417182
car_2,-0.13807201385498047,-0.1540130376815796,1315.891238689255,848.4278790378489
car_2,-0.13719138503074646,-0.15489420294761658,1308.958612948367,849.6096680765045
car_2,-0.1364496350288391,-0.1556260883808136,1299.6504747926151,848.8479293720249
car_2,-0.13554081320762634,-0.15645040571689606,1287.8271700029395,847.880360055535
car_2,-0.13453680276870728,-0.1572747826576233,1274.255233205392,846.7686165067194
car_2,-0.1336214244365692,-0.15795113146305084,1261.440096232364,845.6975005806155
car_2,-0.1326814889907837,-0.15856671333312988,1248.3519160180645,844.7680723900544
car_2,-0.13173013925552368,-0.15911011397838593,1235.1854916777475,843.9290666054287
car_2,-0.13082972168922424,-0.15955625474452972,1222.317322618779,842.8480235349541
car_2,-0.13015174865722656,-0.159848153591156,1212.8136582399256,842.0496294142525
car_2,-0.12978674471378326,-0.15999087691307068,1207.7955121807233,841.6298737944733
car_2,-0.12974059581756592,-0.1600082516670227,1207.1666312157824,841.5772805465156
car_2,-0.12971743941307068,-0.1600169539451599,1206.850876099893,841.5509814958589
car_2,-0.12971197068691254,-0.16001901030540466,1206.7767053375992,841.5448516807933
car_2,-0.1297106295824051,-0.1600193977355957,1206.759496928236,841.5434294982012
car_2,-0.12970995903015137,-0.16001969575881958,1206.7508605896132,841.5427157512077
car_2,-0.12970982491970062,-0.16001977026462555,1206.7486274201676,841.5425311917494
car_2,-0.12970975041389465,-0.16001975536346436,1206.747945861505,841.5424748645871
car_2,-0.12970975041389465,-0.16001975536346436,1206.747945861505,841.5424748645871
car_2,-0.12970975041389465,-0.16001975536346436,1206.747945861505,841.5424748645871
car_2,-0.12970975041389465,-0.16001975536346436,1206.747945861505,841.5424748645871
car_2,-0.12970975041389465,-0.16001975536346436,1206.747945861505,841.5424748645871
car_2,-0.12970975041389465,-0.16001975536346436,1206.747945861505,841.5424748645871
car_2,-0.12970975041389465,-0.16001975536346436,1206.747945861505,841.5424748645871
car_2,-0.12970975041389465,-0.16001975536346436,1206.747945861505,841.5424748645871
car_2,-0.12970975041389465,-0.16001975536346436,1206.747945861505,841.5424748645871
car_2,-0.12970975041389465,-0.16001975536346436,1206.747945861505,841.5424748645871
car_2,-0.12970975041389465,-0.16001975536346436,1206.747945861505,841.5424748645871
car_2,-0.12956641614437103,-0.1600734293460846,1204.6653858303257,841.294808262735
car_2,-0.12928986549377441,-0.1602383852005005,1200.10052984083,840.4486832917776
car_2,-0.12945018708705902,-0.16019462049007416,1195.0042944555464,836.1865414487564
car_2,-0.130239337682724,-0.1599516123533249,1192.231929928907,828.9844041943471
car_2,-0.13080483675003052,-0.15977142751216888,1192.5385844177815,825.2515423356144
car_2,-0.13095450401306152,-0.15972143411636353,1192.6192125926075,824.268646490118
car_2,-0.1309812068939209,-0.15971238911151886,1192.6336271446353,824.0929262368261
car_2,-0.13098913431167603,-0.15970972180366516,1192.6378810801275,824.0410687374938
car_2,-0.1313786506652832,-0.15957428514957428,1192.8265780521847,821.4804078363643
car_2,-0.1321686953306198,-0.1592780351638794,1193.1782309165962,816.3345542538075
car_2,-0.13324403762817383,-0.15882593393325806,1193.645792849281,809.492564638857
car_2,-0.13478891551494598,-0.1580708920955658,1194.3086379770343,800.0780497621901
car_2,-0.13675092160701752,-0.15690526366233826,1195.1543013828389,788.8996476772385
car_2,-0.13930675387382507,-0.1549472212791443,1196.0820435402995,775.5019594621448
car_2,-0.14206695556640625,-0.152066171169281,1196.9931205301468,762.3449358734681
car_2,-0.14509321749210358,-0.14768117666244507,1197.9100432089465,749.1034936590397
car_2,-0.14753565192222595,-0.14279362559318542,1198.8706655995086,735.2389467364881
car_2,-0.14886239171028137,-0.1394537091255188,1202.5197966910653,722.4217791158541
car_2,-0.15038178861141205,-0.1359262466430664,1203.8983156585234,708.8993596477673
car_2,-0.15204493701457977,-0.13234838843345642,1204.801778753708,695.844914924396
car_2,-0.15400679409503937,-0.1285690814256668,1205.8177036264294,682.4424069533237
car_2,-0.1562049686908722,-0.1249203085899353,1207.4216089192241,669.5205596213003
car_2,-0.15861724317073822,-0.12163963168859482,1207.230855632913,655.9933219440823
car_2,-0.16111451387405396,-0.11888416111469269,1206.1429780076207,642.6829676604082
car_2,-0.1643720418214798,-0.11644405126571655,1207.1045721477583,629.4281814020401
car_2,-0.16870537400245667,-0.11420945823192596,1209.2455299788226,615.7521788799336
car_2,-0.17280550301074982,-0.11222440004348755,1211.6007053259134,603.0996729347899
car_2,-0.1768796443939209,-0.11037454754114151,1212.514238051648,589.8333469175495
car_2,-0.18116731941699982,-0.10851553827524185,1213.8372030043695,575.9857685847456
car_2,-0.18608011305332184,-0.10613217204809189,1215.134037803999,562.4350445014917
car_2,-0.19049577414989471,-0.10403651744127274,1216.1046354507678,549.3140022396224
car_2,-0.19437165558338165,-0.10218296200037003,1215.6764575416844,535.9720658263885
car_2,-0.1977686733007431,-0.10048356652259827,1215.1564319224788,522.8849227198139
car_2,-0.20112483203411102,-0.0986875370144844,1216.333698877945,509.02611009421025
car_2,-0.20388659834861755,-0.09709522128105164,1217.4441804338028,495.9432492642606
car_2,-0.20621271431446075,-0.09571515768766403,1219.760362058383,482.93728952214076
car_2,-0.20805217325687408,-0.09456344693899155,1220.7142434038458,469.0740706362154
car_2,-0.2097029834985733,-0.09302821010351181,1221.4254314569914,455.37727697706134
car_2,-0.21128709614276886,-0.09060613065958023,1222.4240737126809,441.82861352956803
car_2,-0.21279428899288177,-0.08725149929523468,1223.418901796039,428.3316972787819
car_2,-0.21428805589675903,-0.08288741111755371,1224.438993414413,414.4920285243157
car_2,-0.21571408212184906,-0.07795208692550659,1225.456552827384,400.68671441345185
car_2,-0.21704095602035522,-0.07308337092399597,1226.460122430862,387.3232676539813
car_2,-0.2183925360441208,-0.06852266937494278,1227.5414626331765,373.74331991842024
car_2,-0.21964327991008759,-0.06442363560199738,1228.5333485392916,360.4549200004668
car_2,-0.2209448367357254,-0.06130416318774223,1229.5066174220235,347.1286229907533
car_2,-0.2227141112089157,-0.059691522270441055,1230.5197532524592,333.2564554663284
car_2,-0.22494307160377502,-0.05940457433462143,1231.5226590825102,319.52436025485724
car_2,-0.22671669721603394,-0.059763871133327484,1232.2073732080246,310.1490437670469
car_2,-0.227841317653656,-0.060139019042253494,1232.6108082936425,304.6250864408918
car_2,-0.22851598262786865,-0.06040407717227936,1232.8447196316868,301.42230042767164
car_2,-0.22852380573749542,-0.060407355427742004,1232.8474192825067,301.3853359779847
car_2,-0.22852428257465363,-0.06040756776928902,1232.8475836170128,301.38308585936284
car_2,-0.22852441668510437,-0.06040758267045021,1232.847626413081,301.3824998824285
car_2,-0.22852447628974915,-0.06040763109922409,1232.8476516061194,301.382154931595
car_2,-0.22852449119091034,-0.06040765345096588,1232.8476624793368,301.3820060521555
car_2,-0.22852449119091034,-0.06040765345096588,1232.8476624793368,301.3820060521555
car_2,-0.22880347073078156,-0.06052740290760994,1232.85,300.0514116580503
car_2,-0.22937290370464325,-0.06078263372182846,1232.9272687689902,297.3864104372338
car_2,-0.2303084284067154,-0.061229411512613297,1233.3073785837626,293.15664640929805
car_2,-0.23176617920398712,-0.062003109604120255,1233.8928718277662,286.69188713828845
car_2,-0.23380084335803986,-0.06348112225532532,1234.6941994258787,277.83952466699446
car_2,-0.23623034358024597,-0.06562459468841553,1235.6538327246444,267.2558191194925
car_2,-0.23615631461143494,-0.06920678913593292,1236.8384826609893,255.35077047371527
car_2,-0.23563961684703827,-0.072630375623703,1237.8356248076702,242.40415511343673
car_2,-0.23522642254829407,-0.07601837068796158,1238.8278184878175,229.5217892616644
car_2,-0.23490510880947113,-0.07943027466535568,1239.8225430556424,216.60656307057832
car_2,-0.23483821749687195,-0.08304241299629211,1240.8785289806563,202.902545428351
car_2,-0.23617912828922272,-0.08627457916736603,1241.6603907622232,189.6705969425733
car_2,-0.2374594360589981,-0.08996499329805374,1241.1629541568086,175.78035339315542
car_2,-0.23834924399852753,-0.09332674741744995,1242.0624771454563,162.37640639237955
car_2,-0.23858530819416046,-0.09583746641874313,1243.1507478150809,148.71075877977972
car_2,-0.23867063224315643,-0.09827856719493866,1244.1791330986755,135.773280229879
car_2,-0.23861776292324066,-0.10079244524240494,1245.220060346365,122.67572717336418
car_2,-0.23842200636863708,-0.10333985090255737,1246.2734722488537,109.42108491682515
car_2,-0.2381545752286911,-0.10541927069425583,1247.2485288817338,98.40704873372141
car_2,-0.2379130870103836,-0.10702186822891235,1252.3135060505863,90.02338978292319
car_2,-0.23782503604888916,-0.10781340301036835,1261.9669974557278,86.39382799770273
car_2,-0.23786894977092743,-0.10789895057678223,1270.0104889213842,86.63039184696237
car_2,-0.23792363703250885,-0.10790952295064926,1277.450445233147,87.2448494742926
car_2,-0.2379777580499649,-0.10792337357997894,1285.0619259170603,87.85748875821889
car_2,-0.23803399503231049,-0.10793802887201309,1293.1339414981735,88.50891457704559
car_2,-0.23808437585830688,-0.10795173794031143,1300.5158128207295,89.10464454342728
car_2,-0.23813952505588531,-0.10796712338924408,1308.7929024667835,89.77262019907376
car_2,-0.23817618191242218,-0.10805782675743103,1317.1485022793347,90.01523170824514
car_2,-0.23810090124607086,-0.10857265442609787,1324.6421522526653,87.70699177558257
car_2,-0.2381475418806076,-0.10858730226755142,1332.2573621039899,88.32323307592034
car_2,-0.23819296061992645,-0.10860219597816467,1339.841880755662,88.93699076974539
car_2,-0.23823635280132294,-0.10861675441265106,1347.2279456259237,89.53468910096574
car_2,-0.23828180134296417,-0.10863244533538818,1355.1308665600056,90.174212681795
car_2,-0.23832173645496368,-0.10864681005477905,1362.256395183846,90.75082778636575
car_2,-0.23836523294448853,-0.10866289585828781,1370.145405977897,91.38922572483611
car_2,-0.2384115606546402,-0.108653225004673,1377.5337573859276,92.13287742136211
car_2,-0.23847274482250214,-0.10858861356973648,1385.151193631099,93.21965388347408
car_2,-0.23853200674057007,-0.10852490365505219,1392.6386500684941,94.28788618045037
car_2,-0.23858119547367096,-0.10848358273506165,1399.4722760031893,95.16573892885619
car_2,-0.23866184055805206,-0.10830619931221008,1405.836450006219,96.78564519010152
car_2,-0.2388465255498886,-0.10770496726036072,1412.539837066349,100.84514977620518
car_2,-0.23902006447315216,-0.10711211711168289,1419.3099517557703,104.79977920504474
car_2,-0.23915977776050568,-0.10663522034883499,1425.9860773060525,108.05494692356461
car_2,-0.23925723135471344,-0.10634807497262955,1432.9944310090245,110.2764198796198
car_2,-0.23940713703632355,-0.1057836264371872,1440.1232811175432,113.99756065149577
car_2,-0.23944739997386932,-0.10578379780054092,1447.8314780411713,114.70895424947496
car_2,-0.23948073387145996,-0.1058039590716362,1455.14075908811,115.27476871974875
car_2,-0.23951329290866852,-0.105824314057827,1462.4094147923672,115.83743836543567
car_2,-0.2395470291376114,-0.1058458611369133,1470.1461606714024,116.43634306523823
car_2,-0.23958230018615723,-0.10586895048618317,1478.421134279767,117.07691219627577
car_2,-0.23961661756038666,-0.10589229315519333,1486.6737548414826,117.71575096872297
car_2,-0.23964916169643402,-0.10591749846935272,1494.8462696819508,118.33639034681119
car_2,-0.23966707289218903,-0.10595753788948059,1500.5951246557056,118.65275115739746
car_2,-0.23967108130455017,-0.10596857964992523,1501.983661480417,118.72171204667843
car_2,-0.23967245221138,-0.10597249865531921,1502.4599085849306,118.74536458743951
car_2,-0.2396727055311203,-0.1059732660651207,1502.5554964375501,118.75011190360988
car_2,-0.23971840739250183,-0.10579436272382736,1504.8002961845023,119.92111978150625
car_2,-0.23995815217494965,-0.10441921651363373,1502.1313217264487,126.99466535238096
car_2,-0.23993034660816193,-0.10444007068872452,1496.8661893401363,126.39847710127054
car_2,-0.23989708721637726,-0.104435034096241,1489.5812835236165,125.75414795885071
car_2,-0.23986388742923737,-0.10442008078098297,1482.0906315613793,125.14288349676312
car_2,-0.2398267239332199,-0.10440369695425034,1473.9514431782584,124.47869610240551
car_2,-0.23979231715202332,-0.10438919067382812,1466.5688456407488,123.87624927463602
car_2,-0.23975633084774017,-0.10437391698360443,1459.0121945752815,123.26137556602252
car_2,-0.23985891044139862,-0.10340429842472076,1450.2662142365084,127.56122343534417
car_2,-0.239809051156044,-0.10343579947948456,1441.9012997794596,126.62880385430498
car_2,-0.23977182805538177,-0.10337702929973602,1433.6870335745882,126.1840981017961
car_2,-0.23966380953788757,-0.1037866398692131,1424.9969617320899,123.2358077109876
car_2,-0.23953650891780853,-0.10433957725763321,1417.5121918380212,119.63084779798008
car_2,-0.23940728604793549,-0.10488404333591461,1410.581032311886,116.10379296770334
car_2,-0.23926152288913727,-0.10545359551906586,1402.6837501909542,112.32930089816297
car_2,-0.23922137916088104,-0.10552015155553818,1397.8945342245638,111.5314529729546
car_2,-0.2392076700925827,-0.10552285611629486,1395.6569005946837,111.3117370092971
car_2,-0.23920761048793793,-0.10552290827035904,1395.6490564534809,111.31096678354594
car_2,-0.23920759558677673,-0.10552293062210083,1395.6487135162777,111.31093311012546
car_2,-0.23920759558677673,-0.10552293062210083,1395.6487135162777,111.31093311012546
car_2,-0.23920759558677673,-0.10552293062210083,1395.6487135162777,111.31093311012546
car_2,-0.23920759558677673,-0.10552293062210083,1395.6487135162777,111.31093311012546
car_2,-0.23920759558677673,-0.10552293062210083,1395.6487135162777,111.31093311012546
car_2,-0.23920759558677673,-0.10552293062210083,1395.6487135162777,111.31093311012546
car_2,-0.23920759558677673,-0.10552293062210083,1395.6487135162777,111.31093311012546
car_2,-0.23920759558677673,-0.10552293062210083,1395.6487135162777,111.31093311012546
car_2,-0.23920759558677673,-0.10552293062210083,1395.6487135162777,111.31093311012546
car_2,-0.23920759558677673,-0.10552293062210083,1395.6487135162777,111.31093311012546
car_2,-0.23920759558677673,-0.10552293062210083,1395.6487135162777,111.31093311012546
car_2,-0.23918424546718597,-0.10557134449481964,1393.218397292897,110.82586773499702
car_2,-0.23913118243217468,-0.10572031140327454,1388.9464279155934,109.6294562198922
car_2,-0.23901180922985077,-0.10619412362575531,1384.1863856680588,106.61742857208964
car_2,-0.23886065185070038,-0.10676271468400955,1378.317931521321,102.95278887160613
car_2,-0.23878233134746552,-0.1069013848900795,1370.300209368022,101.44541508423575
car_2,-0.23874013125896454,-0.10688645392656326,1362.993273211333,100.85614840451869
car_2,-0.23869182169437408,-0.106870137155056,1354.8299244491009,100.19753791133778
car_2,-0.23864683508872986,-0.10685531795024872,1347.4069180983938,99.59865747440939
car_2,-0.23859937489032745,-0.10684017837047577,1339.7236228836975,98.97877720247769
car_3,-0.18301159143447876,-0.10756440460681915,1227.722954610477,577.0775251943218
car_3,-0.18319281935691833,-0.10747075080871582,1229.0597118393177,577.1886410345026
car_3,-0.18364988267421722,-0.10723651945590973,1232.4485421967374,577.468685733858
car_3,-0.18431513011455536,-0.10690062493085861,1237.4281509200048,577.8780744551607
car_3,-0.1852135807275772,-0.10645594447851181,1244.2619104497062,578.4398985323181
car_3,-0.18636058270931244,-0.10590256750583649,1253.1827067716588,579.1731199026186
car_3,-0.1873849481344223,-0.10542123764753342,1261.3322143297794,579.8340220831337
car_3,-0.1888905018568039,-0.1047370657324791,1269.378406099445,578.8529088671237
car_3,-0.1899440437555313,-0.10426570475101471,1278.3629092604624,579.5914210432968
car_3,-0.19083282351493835,-0.10387551784515381,1286.1649124889009,580.2326554832083
car_3,-0.19182510673999786,-0.10344662517309189,1295.1417489961793,580.9699362324835
car_3,-0.19277171790599823,-0.10304337739944458,1304.0210178033437,581.7091375738576
car_3,-0.19368621706962585,-0.10265836119651794,1312.889798723072,582.447257111727
car_3,-0.19450430572032928,-0.10231686383485794,1321.0715140143345,583.1202486954367
car_3,-0.1953488141298294,-0.101966492831707,1329.804252934572,583.8385650370393
car_3,-0.19589032232761383,-0.10174234211444855,1335.5130791525191,584.2873402511133
car_3,-0.1954699009656906,-0.10193614661693573,1338.6136006839763,587.326279392722
car_3,-0.19419445097446442,-0.10248161852359772,1335.404285706153,590.7424033659371
car_3,-0.19371002912521362,-0.10268030315637589,1330.7636690798863,590.4403169941612
car_3,-0.19305361807346344,-0.10295049846172333,1324.3288621843365,589.9115654197982
car_3,-0.19219665229320526,-0.10330620408058167,1316.1609088633145,589.2404002631871
car_3,-0.19129472970962524,-0.10368509590625763,1307.8135399163496,588.5498211196561
car_3,-0.19037924706935883,-0.10407543182373047,1299.5813419132396,587.8644885840035
car_3,-0.18936090171337128,-0.10451705008745193,1290.7044285042332,587.1276235086666
car_3,-0.18837346136569977,-0.10495401918888092,1282.3697099625565,586.4451609842763
car_3,-0.18728043138980865,-0.10544850677251816,1273.3943982129442,585.707404327815
car_3,-0.18617337942123413,-0.10596206039190292,1264.5504976194616,584.9785871706325
car_3,-0.1856735199689865,-0.10620987415313721,1256.2546795968049,582.6331121857645
car_3,-0.18450896441936493,-0.1067754328250885,1247.2957347135216,581.8906938052999
car_3,-0.18339213728904724,-0.10733409970998764,1238.9187960463105,581.2020002954309
car_3,-0.1822543740272522,-0.1079205572605133,1230.5650952062879,580.5152172377454
car_3,-0.1814688891172409,-0.10833127051591873,1224.7752527565317,580.040193767268
car_3,-0.181320920586586,-0.10840000212192535,1223.4701286624527,579.9365610848597
car_3,-0.18131066858768463,-0.10840475559234619,1223.3807863321342,579.9294669047848
car_3,-0.18131040036678314,-0.10840481519699097,1223.378551445561,579.9292894448088
car_3,-0.18131043016910553,-0.10840485244989395,1223.3779594100881,579.929242434548
car_3,-0.18131043016910553,-0.10840485244989395,1223.3779594100881,579.929242434548
car_3,-0.18131043016910553,-0.10840485244989395,1223.3779594100881,579.929242434548
car_3,-0.18131043016910553,-0.10840485244989395,1223.3779594100881,579.929242434548
car_3,-0.18131043016910553,-0.10840485244989395,1223.3779594100881,579.929242434548
car_3,-0.18131043016910553,-0.10840485244989395,1223.3779594100881,579.929242434548
car_3,-0.18131043016910553,-0.10840485244989395,1223.3779594100881,579.929242434548
car_3,-0.18131043016910553,-0.10840485244989395,1223.3779594100881,579.929242434548
car_3,-0.18131043016910553,-0.10840485244989395,1223.3779594100881,579.929242434548
car_3,-0.18131043016910553,-0.10840485244989395,1223.3779594100881,579.929242434548
car_3,-0.18107719719409943,-0.1085137128829956,1221.321612364022,579.7650360098454
car_3,-0.18057243525981903,-0.10875137150287628,1216.8751094777729,579.4080849130946
car_3,-0.17987509071826935,-0.10908498615026474,1210.7455416331516,578.9160227193396
car_3,-0.17895440757274628,-0.10953482985496521,1202.6399531305565,578.24909428925
car_3,-0.17799632251262665,-0.11001460254192352,1194.2700165704562,577.5713734554649
car_3,-0.17704065144062042,-0.1105058491230011,1185.9610223514003,576.9009990590866
car_3,-0.17613087594509125,-0.11098573356866837,1178.0863169641475,576.2661961535096
car_3,-0.17510536313056946,-0.11154092103242874,1169.2494396436177,575.5533325341884
car_3,-0.17418330907821655,-0.11205335706472397,1161.3405937119521,574.9147664552613
car_3,-0.17325246334075928,-0.11258350312709808,1153.3872985162297,574.2695274450697
car_3,-0.1722559779882431,-0.11316507309675217,1144.9149598694426,573.5819911615821
car_3,-0.17133823037147522,-0.11371379345655441,1137.147860748404,572.9516855652419
car_3,-0.17027193307876587,-0.11436686664819717,1128.1653249353767,572.2227464202603
car_3,-0.1692308634519577,-0.11502088606357574,1119.425339240519,571.5134903892049
car_3,-0.16828444600105286,-0.1156298965215683,1111.4946485013759,570.8704366573035
car_3,-0.16721130907535553,-0.11633774638175964,1102.5076677574173,570.1428369514373
car_3,-0.16616760194301605,-0.11704471707344055,1093.750485776013,569.4349843060236
car_3,-0.16517943143844604,-0.11773210763931274,1085.4203208286474,568.7616479168464
car_3,-0.16427989304065704,-0.11854951083660126,1076.488394444058,568.0396704892449
car_3,-0.1635490357875824,-0.11946047097444534,1067.6961840885804,567.3289864618517
car_3,-0.1628444939851761,-0.12040143460035324,1059.1030409323657,566.6343932549888
car_3,-0.1622145175933838,-0.12129782140254974,1051.2997318363862,566.0036432033969
car_3,-0.16153618693351746,-0.12232322990894318,1042.7494960272215,565.3125182445596
car_3,-0.16089576482772827,-0.12335187941789627,1034.5101812534633,564.6465253747773
car_3,-0.16026976704597473,-0.12441761046648026,1026.2473280121249,563.9691021681062
car_3,-0.15999135375022888,-0.12491247057914734,1022.4704458991175,563.6454646671601
car_3,-0.15996989607810974,-0.12495090812444687,1022.1779193816867,563.6205050666968
car_3,-0.15985159575939178,-0.12517371773719788,1020.2888888713329,563.3571929784367
car_3,-0.15976294875144958,-0.12542450428009033,1016.2050066703815,561.9338509608417
car_3,-0.1604609340429306,-0.12455325573682785,1013.0996011045811,556.950193187283
car_3,-0.16208384931087494,-0.12247083336114883,1013.2859668480396,549.1190434445335
car_3,-0.16420355439186096,-0.12007520347833633,1014.0035307174447,539.6958243036279
car_3,-0.1671798974275589,-0.11771287769079208,1014.8208289530345,528.6860819342547
car_3,-0.1712605208158493,-0.11535616219043732,1015.7603052604691,516.0325753455812
car_3,-0.17594631016254425,-0.1127496063709259,1016.8397177245325,501.4987299016907
car_3,-0.18058861792087555,-0.11022357642650604,1017.9275349282615,486.8517180905757
car_3,-0.18592505156993866,-0.10705845057964325,1019.0275388645442,472.05731239906817
car_3,-0.1911083310842514,-0.10397014021873474,1020.1655777617752,457.4640002057469
car_3,-0.1958223432302475,-0.10116376727819443,1021.297260911092,442.5550139944322
car_3,-0.19977758824825287,-0.0987783670425415,1022.3805724522502,428.21695433995126
car_3,-0.20321734249591827,-0.096738800406456,1023.4794183683973,413.6732910462382
car_3,-0.20578940212726593,-0.09532928466796875,1024.5879196962865,399.0018345330426
car_3,-0.20781539380550385,-0.09399229288101196,1025.65611532432,384.8638400083802
car_3,-0.20974679291248322,-0.09155744314193726,1026.756088743184,370.41432092487327
car_3,-0.21164445579051971,-0.0878663957118988,1027.898825546944,355.6371212310135
car_3,-0.21347419917583466,-0.08321837335824966,1028.9861994700705,341.1619621233201
car_3,-0.21518929302692413,-0.07843613624572754,1030.0225061824126,327.4460267499281
car_3,-0.21707558631896973,-0.07358857989311218,1031.1409093249451,312.6435121645483
car_3,-0.2186611443758011,-0.06935594975948334,1032.179977741559,298.8910245264083
car_3,-0.22056086361408234,-0.06629256159067154,1033.2993628374306,284.0755133943706
car_3,-0.22300410270690918,-0.06516779959201813,1034.3066259612203,269.32782659007927
car_3,-0.22591497004032135,-0.06552205979824066,1035.2525521818436,254.92088046022295
car_3,-0.22931921482086182,-0.06697967648506165,1036.308723829749,240.05068510691575
car_3,-0.23267428576946259,-0.06958003342151642,1037.2358167985326,226.19837602677845
car_3,-0.23306387662887573,-0.07380305975675583,1038.1436649553464,212.29268033450685
car_3,-0.2326190024614334,-0.07805944979190826,1039.1139539785725,197.4305651346616
car_3,-0.23225614428520203,-0.08242589235305786,1040.0905005980771,182.4726010541846
car_3,-0.23238785564899445,-0.08637616783380508,1040.9650607921162,168.61002899928968
car_3,-0.23394151031970978,-0.09008468687534332,1041.867105809863,154.57171258248167
car_3,-0.23537668585777283,-0.0940454825758934,1044.3096893858637,141.05726920263479
car_3,-0.23588567972183228,-0.09654726088047028,1050.0995836214493,128.4508385755333
car_3,-0.2361997365951538,-0.09903126955032349,1057.0049046798233,115.81657023269096
car_3,-0.23634499311447144,-0.10146045684814453,1063.6631489852034,103.61194173601899
car_3,-0.23635096848011017,-0.10344588756561279,1069.1305788191748,93.6004869679925
car_3,-0.2363075166940689,-0.10462982952594757,1072.4624543078462,87.55057568145038
car_3,-0.23627938330173492,-0.10512667894363403,1073.9325132809583,84.98541204820641
car_3,-0.236273854970932,-0.10521380603313446,1074.1910761903973,84.5331166668047
car_3,-0.23626235127449036,-0.10544002056121826,1075.1513942312251,83.37930288438741
car_3,-0.2362634688615799,-0.10551714152097702,1075.8729450066514,83.01852749667425
car_3,-0.23626358807086945,-0.10552143305540085,1075.9135577705454,82.9982211147273
car_3,-0.23626355826854706,-0.10552214086055756,1075.9190599133296,82.99547004333519
car_3,-0.23626351356506348,-0.1055220440030098,1075.9196830617063,82.99515846914687
car_3,-0.23626349866390228,-0.10552207380533218,1075.9200966805365,82.99495165973175
car_3,-0.23630863428115845,-0.10530605912208557,1077.4428985152363,84.30158056309092
car_3,-0.2363460510969162,-0.10482921451330185,1076.5695460870593,86.81597848429224
car_3,-0.2363826185464859,-0.10405401885509491,1074.2994766488964,90.7909609429925
car_3,-0.23641110956668854,-0.10288891196250916,1071.0734001295793,96.70905443916293
car_3,-0.23639382421970367,-0.10128062963485718,1066.6546795452698,104.80039830298587
car_3,-0.23628024756908417,-0.09928620606660843,1061.1928364106,114.81611568660483
car_3,-0.23602159321308136,-0.09702256321907043,1054.9251432487663,126.29494606949483
car_3,-0.23557861149311066,-0.09454888850450516,1048.3865139476754,139.1570096362883
car_3,-0.23425963521003723,-0.09073418378829956,1045.2529542626478,152.57266998493358
car_3,-0.23264549672603607,-0.08677809685468674,1044.2568182739665,167.32747552849824
car_3,-0.23227936029434204,-0.08278504014015198,1043.3599984067168,181.60873409062768
car_3,-0.2326028198003769,-0.0787813737988472,1042.465291325213,195.3179555007701
car_3,-0.23300208151340485,-0.07479920983314514,1041.5620633119465,209.1577395750145
car_3,-0.23340891301631927,-0.0704987570643425,1040.66584664272,222.8900917647757
car_3,-0.2301659733057022,-0.0674077570438385,1039.7104556951006,237.46023262381257
car_3,-0.22695156931877136,-0.06576122343540192,1038.7232766803413,251.21323941062732
car_3,-0.22392241656780243,-0.06503959745168686,1037.7604562315237,265.5233281527627
car_3,-0.22131219506263733,-0.06562727689743042,1036.7946413520192,280.21079875032984
car_3,-0.21932843327522278,-0.06787833571434021,1035.7398873306781,294.3592286555863
car_3,-0.21776089072227478,-0.0720401406288147,1034.6614004728956,308.63540322922455
car_3,-0.21597255766391754,-0.07630705833435059,1033.618697265743,322.43790152244645
car_3,-0.21422965824604034,-0.08113884180784225,1032.5635556287357,336.40505012618826
car_3,-0.21239666640758514,-0.08608896285295486,1031.4586133862515,351.031420613379
car_3,-0.21050085127353668,-0.09028041362762451,1030.313419215431,365.93166135833053
car_3,-0.2086331993341446,-0.09312010556459427,1029.2227184382818,380.25170180270527
car_3,-0.20658233761787415,-0.09490559250116348,1028.1048081906893,395.04768911508864
car_3,-0.20427681505680084,-0.09614979475736618,1026.9944531900735,409.7436797250076
car_3,-0.20114858448505402,-0.09796249866485596,1025.9096701674175,424.101215023101
car_3,-0.19730831682682037,-0.10027478635311127,1024.7977854084745,438.81745259367784
car_3,-0.19428803026676178,-0.10208100080490112,1024.024924655524,449.0465724353837
car_3,-0.1923850178718567,-0.10320895165205002,1023.5639340153965,455.03561687913697
car_3,-0.18976648151874542,-0.1047680526971817,1019.0913441629639,461.0355277003157
car_3,-0.18860070407390594,-0.10548803210258484,1012.0461647585444,461.2166681042628
car_3,-0.18757139146327972,-0.10614584386348724,1003.712770225473,460.32195198997556
car_3,-0.18654079735279083,-0.10681898891925812,995.5602040453135,459.4466505380601
car_3,-0.1854654997587204,-0.10753767937421799,987.2376709026231,458.5531005585285
car_3,-0.1843280792236328,-0.10831668972969055,978.619653316919,457.62782584886
car_3,-0.18320713937282562,-0.10910097509622574,970.6505810679034,456.8999017722557
car_3,-0.18204714357852936,-0.10992445051670074,962.5666894403919,456.2502082422449
car_3,-0.18114067614078522,-0.11053595691919327,954.7314224717962,455.59489647013163
car_3,-0.1801942139863968,-0.11118365824222565,946.580326599157,454.90164425909364
car_3,-0.17970596253871918,-0.11152143031358719,942.4008829233663,454.54618180172315
car_3,-0.17970241606235504,-0.1115446612238884,940.6077201169993,453.72151530712335
car_3,-0.18018968403339386,-0.11123457551002502,942.3128108556693,452.92597386245393
car_3,-0.18068726360797882,-0.11089079082012177,946.5888285253151,453.2898421736658
car_3,-0.1813429743051529,-0.11044169217348099,952.2502579960402,453.7716022924749
car_3,-0.18225763738155365,-0.10981784760951996,960.0312678998614,454.4337283995125
car_3,-0.1834147870540619,-0.10898959636688232,967.9018623990524,455.0677386117815
car_3,-0.1846051663160324,-0.10815838724374771,976.1967820387931,455.7527929095117
car_3,-0.18574823439121246,-0.10737606883049011,984.8967331006596,456.68853693654245
car_3,-0.18680305778980255,-0.10667132586240768,993.0995024554725,457.5708053969389
car_3,-0.18787868320941925,-0.1059688925743103,1001.6557093478017,458.49108867630474
car_3,-0.1888556331396103,-0.10534469783306122,1009.6103228531995,459.34666614129077
car_3,-0.18928222358226776,-0.1050761267542839,1013.1439665256015,459.72673563094554
car_3,-0.1893598884344101,-0.10502734780311584,1013.7912724183633,459.79635816313066
car_3,-0.18938961625099182,-0.10500890016555786,1014.0394074152953,459.82304691570243
car_3,-0.18940070271492004,-0.10500192642211914,1014.1311586723239,459.83291544141326
car_3,-0.18972209095954895,-0.10480360686779022,1016.1546116616119,459.8125579987628
car_3,-0.1908087134361267,-0.10414939373731613,1019.412424031741,458.03611223137557
car_3,-0.19270414113998413,-0.10302368551492691,1020.5323424018745,452.62613616778145
car_3,-0.19502636790275574,-0.10164046287536621,1021.096336251396,445.2143318797544
car_3,-0.19758017361164093,-0.10010602325201035,1021.7597051801714,436.43437993394383
car_3,-0.20037485659122467,-0.09841839969158173,1022.5589899639988,425.85552752073824
car_3,-0.203219935297966,-0.09673735499382019,1023.48032192761,413.6613320802336
car_3,-0.20563142001628876,-0.09541353583335876,1024.5102836834858,400.0293780794564
car_3,-0.20745785534381866,-0.09433042258024216,1025.4638306386246,387.4088043971065
car_3,-0.20894895493984222,-0.09270773082971573,1026.288159443704,376.49848438934725
car_3,-0.2106010764837265,-0.09006250649690628,1027.269668140584,363.7974006530119
car_3,-0.21250830590724945,-0.08577580749988556,1028.4070078862112,348.8277952578658
car_3,-0.2142305225133896,-0.08111856877803802,1029.4425758364357,335.1216376976851
car_3,-0.21608105301856995,-0.07603354007005692,1030.5577921382655,320.3613022283948
car_3,-0.21795180439949036,-0.07139372080564499,1031.6788858186012,305.523177295046
car_3,-0.21964003145694733,-0.06741919368505478,1032.7940373439562,290.7636991684036
car_3,-0.2212350219488144,-0.06576848030090332,1033.6172949964384,279.64035177817686
car_3,-0.2223498821258545,-0.0652771145105362,1034.3791225689843,273.0573302449728
car_3,-0.22376032173633575,-0.06499147415161133,1038.9211285654033,266.7405484038197
car_3,-0.22450502216815948,-0.06478520482778549,1046.9288670888536,265.439881884174
car_3,-0.22491976618766785,-0.0645463615655899,1055.8976382236124,266.1699708244849
car_3,-0.22529612481594086,-0.06434911489486694,1063.9826248238437,266.82260452710966
car_3,-0.2256622016429901,-0.0641729086637497,1071.8355801610196,267.4581854446868
car_3,-0.22603876888751984,-0.06400735676288605,1079.8816402835394,268.1060479244252
car_3,-0.22640569508075714,-0.06386013329029083,1087.7051195378258,268.7354541467787
car_3,-0.22680996358394623,-0.06371290236711502,1096.315215053538,269.42814438299024
car_3,-0.22717291116714478,-0.06359310448169708,1104.04145702296,270.04972777484227
car_3,-0.22755299508571625,-0.06347949057817459,1112.1297950518854,270.7005520585382
car_3,-0.2279304713010788,-0.06337697803974152,1120.1964504212842,271.35635378926224
car_3,-0.22829164564609528,-0.06328872591257095,1127.9264870461843,271.9847891401017
car_3,-0.22870858013629913,-0.06319817900657654,1136.8596602523135,272.711036907133
car_3,-0.22907334566116333,-0.06312910467386246,1144.666175235071,273.3398950932001
car_3,-0.22944866120815277,-0.06306701898574829,1152.7057468996593,273.98459786609055
car_3,-0.22981032729148865,-0.06301454454660416,1160.4858999471637,274.61085437070705
car_3,-0.23019148409366608,-0.06296616047620773,1168.7454109665227,275.28193964102996
car_3,-0.23057924211025238,-0.06292479485273361,1177.1784730756995,275.966542801126
car_3,-0.23097649216651917,-0.06289154291152954,1185.8140603068928,276.65735233384464
car_3,-0.23176179826259613,-0.06309890747070312,1194.2095214664641,275.543055641505
car_3,-0.23221631348133087,-0.06319102644920349,1202.260454725385,275.80613890232814
car_3,-0.2325887531042099,-0.06323463469743729,1210.2406661221821,276.402191728879
car_3,-0.23295854032039642,-0.06328476965427399,1218.2299984296703,277.00105386548915
car_3,-0.23333394527435303,-0.06334331631660461,1226.3871628595768,277.6086640325941
car_3,-0.23312242329120636,-0.06296972185373306,1233.434239717468,280.5030877515168
car_3,-0.23279276490211487,-0.06264327466487885,1235.8696913170604,282.6450362096199
car_3,-0.23202075064182281,-0.062023259699344635,1238.671725047323,286.8796743153361
car_3,-0.2307308465242386,-0.06126796454191208,1240.2427757832147,293.17459235064865
car_3,-0.22877676784992218,-0.060350317507982254,1239.3157961471816,302.0245115386934
car_3,-0.22659459710121155,-0.05956796556711197,1238.5417623150013,312.6243476271125
car_3,-0.22429347038269043,-0.05921761319041252,1237.6262789259233,325.16123356472235
car_3,-0.22206494212150574,-0.059920500963926315,1236.5466183477579,339.94640791226107
car_3,-0.22055651247501373,-0.06188566982746124,1235.5993441453986,352.91864615088093
car_3,-0.21935619413852692,-0.06545446813106537,1234.6310456303827,366.1787972154892
car_3,-0.2180193066596985,-0.06968273222446442,1233.579820157152,379.7996611432984
car_3,-0.21668116748332977,-0.07443743944168091,1232.5058955462557,393.45202141017575
car_3,-0.21538682281970978,-0.07920683920383453,1231.5464020577267,406.46611734940274
car_3,-0.2140897959470749,-0.08360355347394943,1230.625004042623,418.96350509630116
car_3,-0.21271206438541412,-0.08753882348537445,1229.6840573722714,431.7260411510535
car_3,-0.2112264484167099,-0.09077820181846619,1228.7019273418716,445.04716796767116
car_3,-0.20956481993198395,-0.09323723614215851,1227.6569609987062,459.2205755059193
car_3,-0.20794881880283356,-0.09465645253658295,1226.1905260136143,472.33074101212196
car_3,-0.20621441304683685,-0.09574124217033386,1225.6720568206297,485.5145988512654
car_3,-0.20398367941379547,-0.0970773920416832,1225.5686701178856,498.97529408594767
car_3,-0.20145179331302643,-0.09854187816381454,1224.6523130952432,511.18413158963773
car_3,-0.19833360612392426,-0.10021939873695374,1223.6599184623233,524.397445863708
car_3,-0.19487829506397247,-0.10194551199674606,1221.2348976351375,536.6583005594088
car_3,-0.19143567979335785,-0.10359136015176773,1219.424425849555,547.7646379392032
car_3,-0.18909558653831482,-0.10469460487365723,1218.8944146450033,555.03630238271
car_3,-0.18742723762989044,-0.10548248887062073,1218.5257171017925,559.9883501190444
car_3,-0.1868240237236023,-0.10576874017715454,1218.3954278269098,561.7382904715959
car_3,-0.18672789633274078,-0.10581445693969727,1218.3748145721377,562.015151067802
car_3,-0.1867048591375351,-0.10582545399665833,1218.3698770679816,562.0814676373852
car_3,-0.18603529036045074,-0.10614471882581711,1218.2005293943166,563.9836214925587
car_3,-0.18500305712223053,-0.10664018988609314,1217.9212527045945,566.862091225771
car_3,-0.18332144618034363,-0.10745760053396225,1217.6034038820424,571.5070135622099
car_3,-0.1822095513343811,-0.10798688977956772,1221.4225146297015,576.3883297107598
car_3,-0.18302719295024872,-0.10755634307861328,1227.8375574061877,577.0870513712952
car_3,-0.18407504260540009,-0.10702117532491684,1235.6235813038268,577.7297153191874
car_3,-0.1852264255285263,-0.10644970834255219,1244.360768849749,578.4480259809255
car_3,-0.18625159561634064,-0.10595455765724182,1252.325562103648,579.1027007735329
car_3,-0.18722333014011383,-0.1054963767528534,1260.052169615703,579.7374838995233
car_3,-0.18872961401939392,-0.10480986535549164,1268.031021402062,578.7421559420956
car_3,-0.189775750041008,-0.10434044152498245,1276.9095350367338,579.4719559441673
car_3,-0.19070711731910706,-0.10393024235963821,1285.0494616931578,580.1410452461788
car_3,-0.19157178699970245,-0.10355538874864578,1292.8157411071045,580.7762954959553
car_3,-0.19250614941120148,-0.10315602272748947,1301.4999192314574,581.4992554893586
car_3,-0.1933944672346115,-0.10278075188398361,1310.0288228298614,582.2092888397741
car_3,-0.19421792030334473,-0.10243616998195648,1318.1766183821069,582.8821274302923
car_3,-0.19500412046909332,-0.10210932046175003,1326.2020887402098,583.5422669993239
car_3,-0.19576743245124817,-0.10179322212934494,1334.2134942512057,584.1881614033814
car_3,-0.19650281965732574,-0.10148895531892776,1342.092352847022,584.7882089480569
car_3,-0.19724547863006592,-0.10118155181407928,1350.3167982282075,585.4142488203561
car_3,-0.1980096846818924,-0.10086417198181152,1359.0910826359648,586.0831885742947
car_3,-0.19870679080486298,-0.10057301819324493,1367.396544654272,586.7195839612692
car_3,-0.1993979662656784,-0.1002822294831276,1375.9665306508361,587.3892860120277
car_3,-0.20007343590259552,-0.09999518096446991,1384.6503952588942,588.0678871134597
car_3,-0.20065639913082123,-0.09974434971809387,1392.4121592227505,588.6744306067842
car_3,-0.20129512250423431,-0.09946588426828384,1401.2141346251683,589.3622614830643
car_3,-0.2019057422876358,-0.09919517487287521,1409.944919972228,590.044529208356
car_3,-0.2024828940629959,-0.09893469512462616,1418.4980395068003,590.7129132284679
car_3,-0.20303773880004883,-0.09867940843105316,1427.0152214045572,591.3784888998747
car_3,-0.2035931944847107,-0.09841842204332352,1435.8512741303434,592.0689176766322
car_3,-0.2040872722864151,-0.09818117320537567,1443.9856441051645,592.7044987843168
car_3,-0.20461119711399078,-0.0979238748550415,1452.908935106371,593.4017224410098
car_3,-0.20511527359485626,-0.09767011553049088,1461.7975743323075,594.0940802826972
car_3,-0.20556709170341492,-0.09743695706129074,1470.0355844214603,594.7350590593531
car_3,-0.2060794085264206,-0.09716600179672241,1479.744854509594,595.5050875971006
car_3,-0.2066318243741989,-0.0968756303191185,1490.9102322330227,596.3501639251137
car_3,-0.2072094827890396,-0.09658775478601456,1503.878168250279,597.2208677025396
car_3,-0.20779810845851898,-0.09628148376941681,1518.4456195320845,598.4404026997584
car_3,-0.2083619385957718,-0.09596963971853256,1533.126325924668,599.6694190103883
car_3,-0.2088879495859146,-0.09565933793783188,1547.5168659340045,600.8741436276713
car_3,-0.20939521491527557,-0.09533838927745819,1562.079382419697,602.0932655013828
car_3,-0.20988287031650543,-0.0950055941939354,1576.754579851615,603.3218206214998
car_3,-0.21035192906856537,-0.09465818107128143,1591.5454047230728,604.5674910267892
car_3,-0.21084065735340118,-0.09423234313726425,1606.2490465753096,605.8301958864027
car_3,-0.21134237945079803,-0.09372372925281525,1620.6300240642263,607.0653941504004
car_3,-0.21174757182598114,-0.09327231347560883,1632.556524200649,608.0897014810117
car_3,-0.21196997165679932,-0.0930183008313179,1640.762354156266,609.2881710153797
car_3,-0.21154701709747314,-0.09364441782236099,1647.9471894899066,616.2525489069427
car_3,-0.21073873341083527,-0.09460203349590302,1648.5604733879247,623.9362371023939
car_3,-0.2099761813879013,-0.09531977027654648,1647.8745328603095,631.7286919161115
car_3,-0.20914645493030548,-0.09600552916526794,1647.1768549473281,639.6544863437072
car_3,-0.20816446840763092,-0.09672395884990692,1646.501149108872,648.4219571801851
car_3,-0.2071446031332016,-0.09738528728485107,1645.8719094444973,656.9160433652997
car_3,-0.2059314101934433,-0.09815336018800735,1645.227074189935,665.6400722879978
car_4,-0.15231093764305115,-0.14300137758255005,915.5814498756823,564.0325102676652
car_4,-0.15213707089424133,-0.14340919256210327,915.3562436804755,565.391596448391
car_4,-0.1510944962501526,-0.14550864696502686,914.7192640027856,569.2356748786318
car_4,-0.14927461743354797,-0.14874236285686493,913.6982971211048,575.3970594648608
car_4,-0.14692190289497375,-0.15219508111476898,912.3559704672055,583.480896830879
car_4,-0.14485256373882294,-0.1546107977628708,911.0944038099574,590.722059857721
car_4,-0.14256919920444489,-0.15669886767864227,909.6537840723397,598.9129409911188
car_4,-0.14051344990730286,-0.15815606713294983,908.3228476399464,606.4801996015481
car_4,-0.13842320442199707,-0.15931910276412964,906.9397779728453,614.3438703167418
car_4,-0.13643473386764526,-0.16020327806472778,905.6341223627899,621.9642337887543
car_4,-0.13426467776298523,-0.16099825501441956,904.2398977982122,630.3763149605078
car_4,-0.13250958919525146,-0.1617809236049652,903.134746527243,637.0442667630034
car_4,-0.13102157413959503,-0.16247206926345825,902.6367732860476,642.8212965091539
car_4,-0.13085778057575226,-0.16249039769172668,906.7552190397522,646.1443125665005
car_4,-0.1308039426803589,-0.16244137287139893,912.2561417415582,649.915961574035
car_4,-0.1317800134420395,-0.16190463304519653,919.5851975660594,650.5449137576087
car_4,-0.13272009789943695,-0.16137179732322693,926.9398610714467,651.176063496665
car_4,-0.13361957669258118,-0.16090700030326843,934.2980356471815,651.8075145426585
car_4,-0.1345699280500412,-0.16051967442035675,942.407296074927,652.5034209698067
car_4,-0.13540369272232056,-0.1601562649011612,949.6761239674655,653.1272046173198
car_4,-0.13634100556373596,-0.15971222519874573,957.9996066379847,653.8414947968351
car_4,-0.1372205913066864,-0.15925276279449463,965.9262643582365,654.5217309419778
car_4,-0.13813413679599762,-0.15872184932231903,974.2527587210426,655.2369266801237
car_4,-0.13897116482257843,-0.15817828476428986,981.9593834834637,655.9100767614127
car_4,-0.13983643054962158,-0.15755149722099304,989.8442175038567,656.5445664532225
car_4,-0.14024946093559265,-0.15722593665122986,993.6101407126855,656.8473242431044
car_4,-0.14026816189289093,-0.15721061825752258,993.7819497966436,656.8613263050129
car_4,-0.14027737081050873,-0.15720316767692566,993.8665750113852,656.8682230736151
car_4,-0.14027780294418335,-0.15720289945602417,993.86968341265,656.8684764014715
car_4,-0.14027807116508484,-0.1572026014328003,993.872143272958,656.8686768746684
car_4,-0.14027807116508484,-0.1572026014328003,993.872143272958,656.8686768746684
car_4,-0.14027807116508484,-0.1572026014328003,993.872143272958,656.8686768746684
car_4,-0.14050589501857758,-0.15700840950012207,996.3957994059206,657.2910968731799
car_4,-0.14077481627464294,-0.156753808259964,1000.6033988596832,658.4891856968509
car_4,-0.14021407067775726,-0.15709733963012695,1005.033027325319,663.540187400529
car_4,-0.13846784830093384,-0.1581895500421524,1005.6267740308318,671.9411746846744
car_4,-0.13620689511299133,-0.15931470692157745,1004.6447857850075,682.1971745077242
car_4,-0.13362830877304077,-0.1602846086025238,1003.5011146864945,694.2833272952246
car_4,-0.1307731568813324,-0.16139313578605652,1002.2376195606199,707.71390177735
car_4,-0.1278649866580963,-0.1626221388578415,1001.0699069636927,720.7585511700477
car_4,-0.12442950159311295,-0.16401082277297974,999.8296918460264,734.8590444207706
car_4,-0.12073390185832977,-0.16570526361465454,998.6487930736151,748.2851468226711
car_4,-0.11645187437534332,-0.16809479892253876,997.3832529036457,761.8677724257435
car_4,-0.1117108166217804,-0.17108705639839172,996.161276838406,774.0234993978647
car_4,-0.10876603424549103,-0.17315632104873657,995.3216464888104,781.9101150145393
car_4,-0.10709399729967117,-0.174314945936203,994.8433608784466,786.1755258757513
car_4,-0.10494478046894073,-0.17576709389686584,994.7123779197012,791.9092781027074
car_4,-0.10174514353275299,-0.17760959267616272,996.0464806476033,799.0155988146114
car_4,-0.09677474200725555,-0.18033072352409363,995.6287984224814,808.3493078822703
car_4,-0.0931437760591507,-0.1821536421775818,994.8517838508931,815.2718264185697
car_4,-0.08871201425790787,-0.18413516879081726,993.326633935499,824.1956658615937
car_4,-0.08406718820333481,-0.1858530193567276,989.7971255983409,833.9448838627602
car_4,-0.08158890902996063,-0.1865854114294052,988.7859200602882,841.1450446754538
car_4,-0.07935065031051636,-0.1871212124824524,987.9262405275061,849.1179331894544
car_4,-0.07766145467758179,-0.18743354082107544,987.2709710689205,856.7213184589043
car_4,-0.07633885741233826,-0.18760621547698975,986.6037569442383,864.4633030435792
car_4,-0.07533848285675049,-0.1876661628484726,985.8850657624146,872.802598998189
car_4,-0.07473931461572647,-0.18761782348155975,985.1551326362186,881.2723402728434
car_4,-0.07452420890331268,-0.18748024106025696,984.4692386363805,889.2310758226882
car_4,-0.07461342215538025,-0.18724782764911652,983.7780039324873,897.2517819557945
car_4,-0.07526811957359314,-0.18682938814163208,983.0937985308431,905.1909239438392
car_4,-0.0766136422753334,-0.18601834774017334,982.3806306994206,913.4661299877579
car_4,-0.07769643515348434,-0.1852884292602539,982.2892008288133,919.3782484855699
car_4,-0.07854384183883667,-0.1846788078546524,981.2598913178496,922.543555699602
car_4,-0.0787375196814537,-0.18453164398670197,979.1198762968161,921.2325406980103
car_4,-0.07786760479211807,-0.18516208231449127,979.046908607175,916.8325890126546
car_4,-0.076571524143219,-0.18604037165641785,979.464369283633,910.0562325351844
car_4,-0.07538096606731415,-0.18676045536994934,980.1011263464683,902.671163507456
car_4,-0.074724942445755,-0.18716906011104584,980.731896826491,895.3555264968829
car_4,-0.07460875809192657,-0.187399759888649,981.3723623195016,887.927447325368
car_4,-0.07479700446128845,-0.1875634789466858,982.1075114235347,879.4012334899332
car_4,-0.07530027627944946,-0.18762266635894775,982.7757071958592,871.6515402542096
car_4,-0.07624109089374542,-0.1875840574502945,983.500866968127,863.241182070693
car_4,-0.07762789726257324,-0.18741580843925476,984.2265708424864,854.8245134247721
car_4,-0.07951834052801132,-0.18707042932510376,984.9949384039594,846.3105020251061
car_4,-0.08132169395685196,-0.1866472065448761,985.7114776557313,839.8382833487749
car_4,-0.08235573023557663,-0.18636801838874817,986.0725690063646,836.5470873955281
car_4,-0.08412626385688782,-0.18583369255065918,986.6343893698154,831.4163192287898
car_4,-0.08670873939990997,-0.18493841588497162,987.3668366179235,824.7638859753542
car_4,-0.09076522290706635,-0.18328863382339478,988.3739560068236,815.622984951557
car_4,-0.09423945099115372,-0.1816738247871399,989.1558065289013,808.6252175419393
car_4,-0.0962609201669693,-0.18066072463989258,989.5916211544381,804.7952120509527
car_4,-0.09958415478467941,-0.17887325584888458,991.8828760942174,799.9804567669203
car_4,-0.1033281683921814,-0.17666378617286682,998.358430662926,797.79
car_4,-0.10594110190868378,-0.17487996816635132,1006.7387728035169,798.1600535048452
car_4,-0.10833811014890671,-0.17305129766464233,1016.7083856767731,798.9911552116887
car_4,-0.1122453361749649,-0.1701507866382599,1028.5752376654093,796.7742871172168
car_4,-0.11549588292837143,-0.16790947318077087,1042.4213120206239,797.9247959828599
car_4,-0.11815880984067917,-0.1661558300256729,1056.3684559574774,799.084709973568
car_4,-0.12042677402496338,-0.16483840346336365,1069.7147459163084,800.1946539533092
car_4,-0.12245473265647888,-0.16380968689918518,1083.1909877851317,801.3154053814571
car_4,-0.12434045225381851,-0.1629667431116104,1097.4133415384201,802.4982071919158
car_4,-0.12595292925834656,-0.16229546070098877,1111.1800060595772,803.6415755946902
car_4,-0.12744471430778503,-0.16165702044963837,1125.3418269959584,804.7331571162664
car_4,-0.12893271446228027,-0.16094233095645905,1138.5410629595594,804.3115515513739
car_4,-0.13004863262176514,-0.16027209162712097,1151.5578337485522,805.3939988064585
car_4,-0.1311016082763672,-0.15986597537994385,1164.6573049032083,806.4833232498457
car_4,-0.1317749321460724,-0.15957890450954437,1173.2730008049145,807.1997863827245
car_4,-0.1322510987520218,-0.15935663878917694,1179.4457614136238,807.7131001596592
car_4,-0.1325703263282776,-0.1591981202363968,1183.6116664384158,808.0606331439222
car_4,-0.13302433490753174,-0.1589629054069519,1189.1024018043813,808.2910901115844
car_4,-0.1338360607624054,-0.15855970978736877,1193.112826450166,805.3704726666219
car_4,-0.13499397039413452,-0.15796039998531342,1194.407877693966,798.8749227101231
car_4,-0.1365075409412384,-0.15706391632556915,1195.061079738698,790.2458778911569
car_4,-0.13843493163585663,-0.15568040311336517,1195.7756500331827,779.9266421678606
car_4,-0.14085331559181213,-0.15344753861427307,1196.602815286588,767.9814027730953
car_4,-0.14376232028007507,-0.14978738129138947,1197.5155104439539,754.8010109417249
car_4,-0.14698836207389832,-0.14415867626667023,1198.45393617159,741.2490394043938
car_4,-0.14822417497634888,-0.1410878598690033,1199.4579865606217,727.7273826110531
car_4,-0.14961449801921844,-0.13767442107200623,1203.436268308022,715.5756385448805
car_4,-0.15116894245147705,-0.13419413566589355,1204.3410807353553,702.5016968635878
car_4,-0.1530596911907196,-0.13033142685890198,1205.2986762340831,688.6650746793279
car_4,-0.15514272451400757,-0.12660491466522217,1206.6693021921653,675.5692289449551
car_4,-0.15749701857566833,-0.12306580692529678,1207.9899976216045,662.4248684012601
car_4,-0.15982192754745483,-0.12026192247867584,1205.682343733089,648.9873347902716
car_4,-0.16269329190254211,-0.11739654839038849,1206.6871623479333,635.2313933763086
car_4,-0.16689305007457733,-0.11513274163007736,1207.7056222830129,621.1303639667914
car_4,-0.17115214467048645,-0.11300498247146606,1211.2011373347511,608.459763987241
car_4,-0.1740293949842453,-0.1116584911942482,1211.8457979705104,599.1049811299929
car_4,-0.17554931342601776,-0.11096848547458649,1212.150471123058,594.1392044228853
car_4,-0.17579612135887146,-0.11085762828588486,1212.199984546437,593.3321999249567
car_4,-0.17620782554149628,-0.11067342758178711,1212.3052649203946,591.9968938332023
car_4,-0.17741762101650238,-0.11013688892126083,1212.6827350423673,588.1010256449218
car_4,-0.1793128103017807,-0.10931091010570526,1213.2635461780437,581.9842236600224
car_4,-0.18138240277767181,-0.10842394828796387,1213.903837349709,575.28900510413
car_4,-0.18455933034420013,-0.10686607658863068,1214.7317782632174,566.6613668941143
car_4,-0.18835072219371796,-0.10505101084709167,1215.621887862797,555.8400344473756
car_4,-0.19254417717456818,-0.10306411236524582,1216.5001116042056,542.7178051172883
car_4,-0.19581545889377594,-0.10147064924240112,1214.5334453442763,530.1697124409283
car_4,-0.19940711557865143,-0.09962473809719086,1215.7115114968592,516.3562551776282
car_4,-0.20237095654010773,-0.0979820266366005,1216.8159486570669,503.34460488393046
car_4,-0.2041073441505432,-0.09696370363235474,1217.5477099414238,494.81780980117355
car_4,-0.20510707795619965,-0.09636186808347702,1218.1649975631772,489.5931786718579
car_4,-0.20631174743175507,-0.09565640240907669,1219.8644167612567,482.27068419570764
car_4,-0.20752517879009247,-0.09491009265184402,1220.6159460967706,473.36714742967985
car_4,-0.20889122784137726,-0.09393380582332611,1220.9430038646842,461.922412683784
car_4,-0.2104724496603012,-0.09197769314050674,1221.9025474083678,448.9042047494413
car_4,-0.21196532249450684,-0.08923157304525375,1222.867726817097,435.80953456017085
car_4,-0.21351639926433563,-0.08526250720024109,1223.907208543722,421.70679857676805
car_4,-0.2148989588022232,-0.08084575831890106,1224.8690106636122,408.65794834913214
car_4,-0.21622522175312042,-0.07607720792293549,1225.832762836335,395.58264159076407
car_4,-0.21755026280879974,-0.07127715647220612,1226.87151019168,382.15687850188806
car_4,-0.218892440199852,-0.0670759454369545,1227.9157957709251,368.9106425211777
car_4,-0.22013969719409943,-0.0629427582025528,1228.9334913941868,354.9760409103657
car_4,-0.22169478237628937,-0.060376763343811035,1229.969804210202,340.78652696800185
car_4,-0.22358740866184235,-0.05943586677312851,1230.9383822212378,327.52445881689766
car_4,-0.22588111460208893,-0.05955212563276291,1231.893605481277,314.4452480255906
car_4,-0.2280752956867218,-0.06022784486413002,1232.692502786806,303.5065003037327
car_4,-0.2295629382133484,-0.06087011843919754,1233.0005640916224,296.5198010343467
car_4,-0.2301190197467804,-0.061135727912187576,1233.2294652207672,294.0061533993773
car_4,-0.23013758659362793,-0.06114485114812851,1233.2371018949282,293.92288901658986
car_4,-0.23014099895954132,-0.06114666908979416,1233.2385610919334,293.9069790621443
car_4,-0.23014135658740997,-0.061146777123212814,1233.2386767125909,293.90571842400806
car_4,-0.23014138638973236,-0.061146870255470276,1233.2387019878438,293.90544284221886
car_4,-0.23014147579669952,-0.061146847903728485,1233.2387190181344,293.905257157116
car_4,-0.23014147579669952,-0.061146847903728485,1233.2387190181344,293.905257157116
car_4,-0.23014147579669952,-0.061146847903728485,1233.2387190181344,293.905257157116
car_4,-0.23059622943401337,-0.06136592477560043,1233.7702062819656,291.96763247786635
car_4,-0.23157598078250885,-0.06184966862201691,1235.6091665830722,288.0308952406824
car_4,-0.23177003860473633,-0.06195026636123657,1235.971233719761,287.2558033702896
car_4,-0.23182974755764008,-0.061978816986083984,1236.1821390444431,287.04547830864277
car_4,-0.23184753954410553,-0.06198645383119583,1236.2781158624969,286.9921578541685
car_4,-0.23185034096240997,-0.06198775768280029,1236.2938330371574,286.9834260904682
car_4,-0.23185120522975922,-0.06198812648653984,1236.2981896031004,286.98100577605544
car_4,-0.23185159265995026,-0.061988215893507004,1236.3005593561063,286.9796892466077
car_4,-0.23185189068317413,-0.06198835000395775,1236.3015365897104,286.97914633904975
car_4,-0.23216892778873444,-0.062126971781253815,1238.0240135996814,286.0311666331491
car_4,-0.23272769153118134,-0.062446918338537216,1241.041753498014,284.3711771975486
car_4,-0.2334069311618805,-0.06282737851142883,1246.3434249170823,282.80950103497787
car_4,-0.23408852517604828,-0.06318533420562744,1253.3514551357944,281.69559977405635
car_4,-0.23460377752780914,-0.06337866932153702,1261.958559661742,281.74305672265405
car_4,-0.23505531251430511,-0.06354162096977234,1270.1391899964835,281.9391031841022
car_4,-0.23538421094417572,-0.06362379342317581,1277.67032448556,282.4942521432293
car_4,-0.23573119938373566,-0.06371504068374634,1285.7066222088358,283.0875358677664
car_4,-0.23609118163585663,-0.06381416320800781,1294.1559670655463,283.7139029007528
car_4,-0.2364201545715332,-0.06390880048274994,1301.9764352711252,284.29497886302255
car_4,-0.2367738038301468,-0.06401509046554565,1310.4904591690056,284.9272663593362
car_4,-0.23708580434322357,-0.06411316990852356,1318.0778651344308,285.48722251914614
car_4,-0.23739415407180786,-0.06421370804309845,1325.6762848899496,286.0479445935853
car_4,-0.23770232498645782,-0.06431777775287628,1333.3719112453205,286.6157289014037
car_4,-0.2377222329378128,-0.0645318478345871,1341.776298069169,287.23580564825437
car_4,-0.23774169385433197,-0.06473301351070404,1349.7447048143742,287.82371572851497
car_4,-0.23776032030582428,-0.06491772830486298,1357.1227333742604,288.36806762990574
car_4,-0.23777222633361816,-0.06496475636959076,1360.0099326721822,288.6679932672182
car_4,-0.2377723753452301,-0.06496496498584747,1360.0225623134102,288.669256231341
car_4,-0.23777243494987488,-0.06496502459049225,1360.0263865397485,288.66963865397486
car_4,-0.23777243494987488,-0.06496503949165344,1360.0286553640462,288.66986553640464
car_4,-0.2377723604440689,-0.064965158700943,1360.0289677243227,288.6698967724323
car_4,-0.2377723604440689,-0.064965158700943,1360.0289677243227,288.6698967724323
car_4,-0.2377723604440689,-0.064965158700943,1360.0289677243227,288.6698967724323
car_4,-0.2377723604440689,-0.064965158700943,1360.0289677243227,288.6698967724323
car_4,-0.2377723604440689,-0.064965158700943,1360.0289677243227,288.6698967724323
car_4,-0.2377723604440689,-0.064965158700943,1360.0289677243227,288.6698967724323
car_4,-0.2377723604440689,-0.064965158700943,1360.0289677243227,288.6698967724323
car_4,-0.2377723604440689,-0.064965158700943,1360.0289677243227,288.6698967724323
car_4,-0.2377723604440689,-0.064965158700943,1360.0289677243227,288.6698967724323
car_4,-0.2378161996603012,-0.06476753950119019,1361.2465350473087,289.5554054126787
car_4,-0.23798799514770508,-0.06387297809123993,1362.3211052813742,292.8416188446221
car_4,-0.23741309344768524,-0.0634065642952919,1358.4516627042042,294.5954549789006
car_4,-0.23712413012981415,-0.06330367922782898,1351.4027023803671,294.1193647656398
car_4,-0.2367989867925644,-0.06319780647754669,1343.3089217671234,293.52238006569144
car_4,-0.23647643625736237,-0.06309689581394196,1335.3895764352026,292.9382614414445
car_4,-0.23616890609264374,-0.06300409138202667,1327.9221652365966,292.3874767776625
car_4,-0.2358544021844864,-0.06291291862726212,1320.3699500225362,291.8303284149473
car_4,-0.23551444709300995,-0.06281852722167969,1312.295631156197,291.23443772370456
car_4,-0.23517481982707977,-0.06272904574871063,1304.3024565024086,290.6419856464165
car_4,-0.23484483361244202,-0.06264682114124298,1296.6121654088672,290.07058209616287
car_4,-0.23452068865299225,-0.06257027387619019,1289.123692733285,289.5141740459658
car_4,-0.23420922458171844,-0.0625004768371582,1282.008581558578,288.98848588687486
car_4,-0.23404282331466675,-0.0624648742377758,1278.2297695363352,288.7095131872462
car_4,-0.2340119332075119,-0.062458284199237823,1277.5293109646816,288.65780148061407
car_4,-0.23399758338928223,-0.06245523691177368,1277.204346160638,288.63381079038265
car_4,-0.23399324715137482,-0.06245443969964981,1277.1078087986664,288.6266838710425
car_4,-0.2339927703142166,-0.062454260885715485,1277.0951552512847,288.62574971653777
car_4,-0.23399248719215393,-0.06245424598455429,1277.0897862616764,288.62535334817744
car_4,-0.23388369381427765,-0.062431782484054565,1274.630534260817,288.4437978313355
car_4,-0.23371687531471252,-0.062398478388786316,1270.873692974872,288.1664471323731
car_4,-0.23382119834423065,-0.06259393692016602,1266.773139258018,286.57412636467154
car_4,-0.23462453484535217,-0.06325618922710419,1266.999576739004,283.0255933060435
car_4,-0.2350938469171524,-0.06355106830596924,1271.0115667587204,282.00266600232163
car_4,-0.23536419868469238,-0.06361877173185349,1277.2122441232393,282.4604341299036
car_4,-0.23570746183395386,-0.06370862573385239,1285.153986270678,283.0467372414595
car_4,-0.2360287755727768,-0.06379655003547668,1292.680404908631,283.6042657693588
car_4,-0.23636332154273987,-0.06389214843511581,1300.6183051338476,284.19406715854905
car_4,-0.23669885098934174,-0.06399212032556534,1308.6781450767016,284.7929289053678
car_4,-0.23703338205814362,-0.06409639865159988,1316.794719996198,285.392525460974
car_4,-0.23733465373516083,-0.06419403105974197,1324.202936148932,285.9392407329165
car_4,-0.23766307532787323,-0.06430429220199585,1332.3816963426736,286.5426707178163
car_4,-0.23771969974040985,-0.06450551003217697,1340.7418065723732,287.1594807318241
car_4,-0.2377399206161499,-0.06471478939056396,1349.0210210296052,287.7703222452766
car_4,-0.23775841295719147,-0.06489861756563187,1356.3567201054989,288.3115510718637
car_4,-0.23779062926769257,-0.06502041965723038,1364.051355580848,289.1225909233463
car_4,-0.23782166838645935,-0.06514281779527664,1371.6312988820928,289.909559050566
car_4,-0.23779866099357605,-0.06567753851413727,1380.11965757924,289.4735401532326
car_4,-0.23779579997062683,-0.06606491655111313,1387.8405511652702,289.39882760934165
car_4,-0.23782707750797272,-0.06625226140022278,1396.3564290824186,290.1259796356359
car_4,-0.23785720765590668,-0.06642879545688629,1404.4959856767832,290.82365591515287
car_4,-0.2378864288330078,-0.06659948825836182,1412.403753973718,291.49743089405746
car_4,-0.23791083693504333,-0.06671226769685745,1419.9551578516832,292.2361506320641
car_4,-0.23798488080501556,-0.06654846668243408,1427.6604411753617,294.0958511584101
car_4,-0.23799294233322144,-0.06668594479560852,1435.070063736864,294.63939529621484
car_4,-0.23800259828567505,-0.06681522727012634,1442.5860839614556,295.22995749768836
car_4,-0.23801177740097046,-0.06694424152374268,1450.1267641103775,295.8206856263911
car_4,-0.23802131414413452,-0.0670817568898201,1458.2394467825045,296.45618062489496
car_4,-0.2380303144454956,-0.06721743941307068,1466.2608376502046,297.08021103275496
car_4,-0.23803932964801788,-0.06735680997371674,1474.5901412518078,297.7281957537873
car_4,-0.23804834485054016,-0.06749467551708221,1482.9632729948942,298.38316960436987
car_4,-0.23805570602416992,-0.0675864964723587,1488.9463969486417,298.8762482287167
car_4,-0.23810924589633942,-0.06739409267902374,1492.6055487709505,300.2762102192106
car_4,-0.23827405273914337,-0.06658472120761871,1492.210587216569,303.78440824354436
car_4,-0.23832501471042633,-0.06625697016716003,1487.576312476947,304.51023396027466
car_4,-0.238321915268898,-0.06613776832818985,1480.7626322770927,303.9816364341138
car_4,-0.23831816017627716,-0.0660029947757721,1473.1152295167194,303.38768398185175
car_4,-0.23830313980579376,-0.06582710146903992,1465.1150600054955,302.7653045061001
car_4,-0.23828478157520294,-0.06563833355903625,1457.177137355594,302.14747277066
car_4,-0.23826804757118225,-0.0654602125287056,1449.7273472445909,301.56386486201137
car_4,-0.2382514327764511,-0.06527777761220932,1442.1850568493257,300.9730105884795
car_4,-0.23823317885398865,-0.06507094204425812,1433.6992326410568,300.305609904474
car_4,-0.2382233738899231,-0.06483624875545502,1425.867807933752,299.83454815883425
car_4,-0.23826435208320618,-0.06430470943450928,1417.6964259911465,300.359368324956
car_4,-0.23825760185718536,-0.06406622380018234,1409.1882713332725,299.81833939701113
car_4,-0.23825253546237946,-0.06382767856121063,1400.7870490092891,299.28468196036926
car_4,-0.2382490485906601,-0.06360925734043121,1393.1599748471494,298.7985503770151
car_4,-0.23808716237545013,-0.06342629343271255,1385.0379700445496,298.2801587464079
car_4,-0.23799803853034973,-0.06344889104366302,1380.350198178781,297.4960623660428
car_4,-0.2380327731370926,-0.06365177780389786,1373.2761616977864,295.4832685464781
car_4,-0.23772963881492615,-0.06354180723428726,1365.4860747521366,294.9180831324705
car_4,-0.23737718164920807,-0.06339128315448761,1357.6634532350402,294.5606344802628
car_4,-0.23705603182315826,-0.0632811114192009,1349.696972454686,293.9935527728845
car_4,-0.23674604296684265,-0.06318103522062302,1342.0027918728395,293.4260419512438
car_4,-0.23644396662712097,-0.06308690458536148,1334.5966469279372,292.879776191276
car_4,-0.23611672222614288,-0.06298872083425522,1326.665926997792,292.2948185943126
car_4,-0.2358095943927765,-0.06290020048618317,1319.3000964014243,291.75137242814935
car_4,-0.2354581654071808,-0.06280329823493958,1310.965401017271,291.13626575773213
car_4,-0.2351483553647995,-0.06272241473197937,1303.681992152701,290.5958839413034
car_4,-0.23481537401676178,-0.06263969838619232,1295.926740951417,290.01965372899787
car_4,-0.23446203768253326,-0.06255681812763214,1287.7770665002927,289.41434719129677
car_4,-0.2341320961713791,-0.06248373165726662,1280.25362671774,288.85892546238347
car_4,-0.23380006849765778,-0.06241494417190552,1272.7474388320427,288.30477736343937
car_4,-0.23341922461986542,-0.06233014911413193,1264.6498662232073,287.79641103303385
car_4,-0.23304744064807892,-0.062243103981018066,1257.2037492883378,287.4136090015563
car_4,-0.23265381157398224,-0.06215839460492134,1249.369158369191,287.01083567072124
car_4,-0.23224540054798126,-0.06208580732345581,1241.2835607386485,286.59515818059384
car_4,-0.23183725774288177,-0.0620620995759964,1233.2123213702123,286.18021884324475
car_4,-0.2314506471157074,-0.062047526240348816,1225.5416015881153,285.77222318381547
car_4,-0.2310514599084854,-0.06205593794584274,1217.043696225226,285.1795029779889
car_4,-0.23070798814296722,-0.06206894293427467,1209.7687237092127,284.6731934721211
car_4,-0.2303543984889984,-0.062088098376989365,1202.311077956055,284.15523774372105
car_4,-0.23004253208637238,-0.06215672194957733,1194.1006528666026,283.22718104641416
car_4,-0.2303338497877121,-0.062497857958078384,1187.3979651689397,279.99259069671183
car_4,-0.22995541989803314,-0.06254001706838608,1179.1057373355638,279.32397574256044
car_4,-0.2295718938112259,-0.06259141862392426,1170.7124779403864,278.64288883265635
car_4,-0.22921507060527802,-0.06264697015285492,1162.922503210726,278.0099533858715
car_4,-0.22885559499263763,-0.06271027028560638,1155.1083001923514,277.37811116784127
car_4,-0.2285171002149582,-0.06277678161859512,1147.7856240193112,276.79089709342327
car_4,-0.22816240787506104,-0.06285489350557327,1140.1270110893513,276.17674385262455
car_4,-0.22777725756168365,-0.0629512220621109,1131.7765924219484,275.4989318666039
car_4,-0.22741106152534485,-0.06305353343486786,1123.8368455934049,274.8534475272801
car_4,-0.22704701125621796,-0.06316621601581573,1115.9446092917171,274.2118256915979
car_4,-0.22665394842624664,-0.06330044567584991,1107.4332208508943,273.523515589849
car_5,-0.2066909819841385,-0.09684678167104721,1492.2084079793185,596.4364854886182
car_5,-0.20679669082164764,-0.09679486602544785,1494.5433907991662,596.5917490331273
car_5,-0.2069656103849411,-0.09671095013618469,1498.3167493877127,596.8426566732952
car_5,-0.2072366178035736,-0.0965738445520401,1504.534945220381,597.275850724958
car_5,-0.207565575838089,-0.09640459716320038,1512.6010870830978,597.9511193154492
car_5,-0.2079746127128601,-0.09618596732616425,1522.9613345274106,598.8184422323939
car_5,-0.2083931416273117,-0.09595173597335815,1533.9643043527522,599.7395715717523
car_5,-0.20877276360988617,-0.09572894126176834,1544.307511103442,600.6054679026835
car_5,-0.20915071666240692,-0.09549583494663239,1554.977603755516,601.4987299538855
car_5,-0.20950613915920258,-0.09526485204696655,1565.3593895534063,602.3678559848727
car_5,-0.20985029637813568,-0.0950285941362381,1575.7519227391235,603.237881748787
car_5,-0.21018563210964203,-0.09478464722633362,1586.213146845863,604.1138788115404
car_5,-0.2105346918106079,-0.09451446682214737,1597.5192910893638,605.0803813618423
car_5,-0.21092285215854645,-0.09415245801210403,1608.5768342130498,606.0301337865741
car_5,-0.21130387485027313,-0.09376469254493713,1619.5117873119448,606.9693543994576
car_5,-0.21164514124393463,-0.09338989853858948,1629.5177657406866,607.8287177447193
car_5,-0.21189092099666595,-0.09310147166252136,1636.6456659695236,608.3768869566978
car_5,-0.21172349154949188,-0.09335247427225113,1639.3988573239037,611.102147368115
car_5,-0.21139980852603912,-0.09376779943704605,1638.2675778923115,613.7025244315544
car_5,-0.2111213356256485,-0.09408334642648697,1634.4485646758103,614.7357138172214
car_5,-0.21090778708457947,-0.09429358690977097,1628.4864337702084,614.2644534450365
car_5,-0.2106466442346573,-0.09453816711902618,1621.145917774109,613.6368256832881
car_5,-0.2103649228811264,-0.09476140886545181,1611.890964150592,612.8428898301861
car_5,-0.21001438796520233,-0.09502267092466354,1600.677855316232,611.8797755845447
car_5,-0.2096717357635498,-0.09526318311691284,1590.0724674248022,610.9694789265076
car_5,-0.20928870141506195,-0.09551697224378586,1578.6608389269227,610.0061961909722
car_5,-0.20892752707004547,-0.09574389457702637,1568.2828231381718,609.1367546745297
car_5,-0.20854803919792175,-0.09597045928239822,1557.7443277380694,608.2538686192185
car_5,-0.20816437900066376,-0.09618876129388809,1547.453430160426,607.3917256260308
car_5,-0.20773489773273468,-0.09642207622528076,1536.33681921136,606.4604066457944
car_5,-0.20730768144130707,-0.09664399176836014,1525.6799895255094,605.5676068706601
car_5,-0.20686179399490356,-0.09686563163995743,1514.9622814604795,604.6697068729602
car_5,-0.20639578998088837,-0.09709812700748444,1504.5137230863463,603.7943554934324
car_5,-0.20580042898654938,-0.09741916507482529,1493.2330751319591,603.0152889641603
car_5,-0.20532383024692535,-0.09766801446676254,1484.516090780655,602.4039350085319
car_5,-0.2048366516828537,-0.09791465848684311,1475.6714297038507,601.7024773938997
car_5,-0.20437295734882355,-0.09814351797103882,1467.5261234880118,601.0564846284341
car_5,-0.20403052866458893,-0.09830942004919052,1461.7059551826258,600.605826655029
car_5,-0.2036551684141159,-0.09848832339048386,1455.468656937677,600.1207945998578
car_5,-0.20324698090553284,-0.09867951273918152,1448.8512377173993,599.6037408328106
car_5,-0.20283649861812592,-0.09886843711137772,1442.3696267270725,599.0972984770332
car_5,-0.2023942619562149,-0.09906876087188721,1435.5733709070032,598.5662712658788
car_5,-0.20196633040905,-0.09925965964794159,1429.169839145972,598.0659296509327
car_5,-0.201520636677742,-0.09945559501647949,1422.6780622844062,597.5586338787717
car_5,-0.20112426578998566,-0.09962773323059082,1417.046155746892,597.1185282170629
car_5,-0.20063893496990204,-0.099836066365242,1410.3244209926963,596.5932578664061
car_5,-0.20021307468414307,-0.10001669824123383,1404.5813392925559,596.1444644151917
car_5,-0.19969810545444489,-0.10023313015699387,1397.8127952346513,595.6155361487926
car_5,-0.1991845667362213,-0.10044687241315842,1391.2509036607623,595.1027567526943
car_5,-0.19871355593204498,-0.1006414070725441,1385.3885249134287,594.6446408268356
car_5,-0.19817136228084564,-0.10086400806903839,1378.8122114027158,594.1307344276512
car_5,-0.19760261476039886,-0.10109627991914749,1372.1041996792992,593.6065364640274
car_5,-0.19706372916698456,-0.10131557285785675,1365.9167231074828,593.1233254068529
car_5,-0.19649410247802734,-0.10154687613248825,1359.5692015490883,592.6358866016215
car_5,-0.19587622582912445,-0.10179754346609116,1352.881125535432,592.1274077685023
car_5,-0.19528134167194366,-0.10203919559717178,1346.6084706153401,591.6496993549762
car_5,-0.19467903673648834,-0.10228419303894043,1340.417933535922,591.1782448138358
car_5,-0.19411616027355194,-0.10251395404338837,1334.7696921930497,590.7483317848523
car_5,-0.19347555935382843,-0.10277668386697769,1328.4461087068732,590.2498818007198
car_5,-0.1928912252187729,-0.10301762819290161,1322.7612845954716,589.7827567186977
car_5,-0.192242830991745,-0.10328689962625504,1316.5945934051695,589.276036357324
car_5,-0.19161127507686615,-0.10355153679847717,1310.7180214895286,588.7916199345719
car_5,-0.19097091257572174,-0.1038225069642067,1304.8736654359168,588.3050758363898
car_5,-0.19024315476417542,-0.10413382202386856,1298.3786225253764,587.7643618951834
car_5,-0.18956170976161957,-0.10442929714918137,1292.428653141379,587.2690254609224
car_5,-0.1888890415430069,-0.1047247052192688,1286.6941995939912,586.8000102542746
car_5,-0.18812792003154755,-0.1050640419125557,1280.3304844832885,586.2775398237723
car_5,-0.18731562793254852,-0.10543238371610641,1273.6799522775977,585.7308764274874
car_5,-0.1865444928407669,-0.1057884618639946,1267.4920347033678,585.2222392338858
car_5,-0.18630225956439972,-0.10591010004281998,1261.6728569069596,583.2650229552326
car_5,-0.18564336001873016,-0.10622423142194748,1256.0208051704726,582.6136743466176
car_5,-0.18480738997459412,-0.10662892460823059,1249.5674672328164,582.0774598190371
car_5,-0.18401576578617096,-0.10702016204595566,1243.5739192340186,581.5847120776675
car_5,-0.18324227631092072,-0.10741036385297775,1237.8084748991837,581.110717429664
car_5,-0.18236251175403595,-0.10786408185958862,1231.3511952678691,580.5798449056831
car_5,-0.1815558522939682,-0.10828982293605804,1225.514794179663,580.0989166594273
car_5,-0.18131782114505768,-0.10840140283107758,1223.443781746452,579.9344690220507
car_5,-0.18080143630504608,-0.10863790661096573,1219.8548077176963,580.0173930357735
car_5,-0.17955058813095093,-0.10918743908405304,1216.7245561093632,582.7911777468169
car_5,-0.1779046505689621,-0.10990186035633087,1215.9054761665216,587.962835743915
car_5,-0.17568795382976532,-0.11088131368160248,1215.3001976643409,595.1457990587314
car_5,-0.17302078008651733,-0.11209577322006226,1214.7577386761002,603.8599158826468
car_5,-0.17006033658981323,-0.11348778754472733,1215.0487893147108,613.9420336039686
car_5,-0.1668461561203003,-0.11506299674510956,1215.6397787063859,625.058387889154
car_5,-0.16343459486961365,-0.11684104800224304,1214.8322858641786,636.3527568945175
car_5,-0.16105937957763672,-0.11877643316984177,1214.1068030438396,646.6340942373029
car_5,-0.1589318811893463,-0.12111745029687881,1213.08474961768,657.0347020785626
car_5,-0.15681925415992737,-0.1239134669303894,1211.3878706237087,667.8012421768848
car_5,-0.15498962998390198,-0.12676121294498444,1209.788240454991,677.9507474834958
car_5,-0.1533319652080536,-0.12970982491970062,1208.5437769658524,688.2409444253069
car_5,-0.15182718634605408,-0.1326889991760254,1207.8056414576122,698.8564985109178
car_5,-0.15050554275512695,-0.13553619384765625,1207.0831684642963,709.246800901635
car_5,-0.14923612773418427,-0.13843901455402374,1206.3073577046594,720.404184589571
car_5,-0.1483304500579834,-0.14047597348690033,1208.8104505729655,730.6029684935356
car_5,-0.14729541540145874,-0.14302971959114075,1208.0321062345406,741.9361019278389
car_5,-0.14544619619846344,-0.14681027829647064,1207.285432133453,752.7209508424774
car_5,-0.14286358654499054,-0.15083849430084229,1206.5133710701873,763.8724852375623
car_5,-0.14042289555072784,-0.15372197329998016,1205.7311885780935,775.1702120351322
car_5,-0.13829578459262848,-0.15564867854118347,1204.9945112872597,785.8106685193134
car_5,-0.13672253489494324,-0.15680040419101715,1204.4071118632348,794.2527227283887
car_5,-0.13574548065662384,-0.1574215292930603,1203.961593855881,799.7331564942845
car_5,-0.13556957244873047,-0.15752646327018738,1203.880611064526,800.7432430086748
car_5,-0.1355533003807068,-0.1575360745191574,1203.873154191893,800.8367928653436
car_5,-0.13554637134075165,-0.15754006803035736,1203.8700096892153,800.8762420807539
car_5,-0.13554593920707703,-0.15754038095474243,1203.8697817300929,800.8791019315631
car_5,-0.1355455368757248,-0.15754060447216034,1203.869576737936,800.8816736513465
car_5,-0.13524599373340607,-0.15771344304084778,1203.809004790876,802.6639476236375
car_5,-0.13468608260154724,-0.15801513195037842,1204.2967483867521,806.3949777599295
car_5,-0.13450483977794647,-0.158071830868721,1207.8715068916538,809.5629915424929
car_5,-0.13487978279590607,-0.1578107625246048,1213.0824347969638,810.1682351954533
car_5,-0.13547393679618835,-0.15737739205360413,1220.7019758079095,810.8004079489237
car_5,-0.13620497286319733,-0.15679939091205597,1229.926382932687,811.5657321125216
car_5,-0.1370396763086319,-0.15607550740242004,1240.2181883147575,812.41961542875
car_5,-0.13790377974510193,-0.15524888038635254,1250.5738743596942,813.2787987511704
car_5,-0.13879075646400452,-0.1543101668357849,1260.8844887649852,814.1387304936261
car_5,-0.13971787691116333,-0.15322017669677734,1271.3142255810833,815.0101806520004
car_5,-0.14099930226802826,-0.15155929327011108,1282.6502394406416,814.7807442352679
car_5,-0.14101184904575348,-0.15133026242256165,1292.7999478059437,820.3134779963416
car_5,-0.1420048177242279,-0.14979954063892365,1303.127918014417,821.1784780200992
car_5,-0.14156092703342438,-0.15028250217437744,1308.5740868763057,826.3176639440065
car_5,-0.14217548072338104,-0.14927110075950623,1315.43734568585,827.147536013694
car_5,-0.14193150401115417,-0.1495102196931839,1320.1355110832874,830.9014622871365
car_5,-0.14140629768371582,-0.15014243125915527,1324.150101532343,835.6534352340502
car_5,-0.1403723508119583,-0.15144069492816925,1324.630819113143,841.0511154746508
car_5,-0.1390765905380249,-0.1529501974582672,1320.8605897997659,845.6966334140413
car_5,-0.13794705271720886,-0.1541372388601303,1315.25851337233,848.7764329843656
car_5,-0.137222021818161,-0.154862642288208,1309.337179935143,849.6406483994476
car_5,-0.1365853101015091,-0.15549638867378235,1301.3759938786764,848.9891385645807
car_5,-0.13583658635616302,-0.15619057416915894,1291.7243445687966,848.1992883584086
car_5,-0.1349986046552658,-0.15690651535987854,1280.55980236151,847.2856293887219
car_5,-0.13425181806087494,-0.15749303996562958,1270.3011850071246,846.438128896118
car_5,-0.1334439516067505,-0.15807394683361053,1258.9202379019102,845.4868855559806
car_5,-0.13247397541999817,-0.15866968035697937,1247.8442190579206,845.9410042519927
car_5,-0.13143464922904968,-0.159213125705719,1237.355193788639,847.3240237402716
car_5,-0.13067345321178436,-0.1595829725265503,1226.3971093752045,846.403445127531
car_5,-0.12996843457221985,-0.15988269448280334,1216.4478241085756,845.5676148050993
car_5,-0.1294584572315216,-0.1600763201713562,1209.421626229219,844.9780150316815
car_5,-0.1292436122894287,-0.1602063626050949,1206.5248862005483,844.7355277851693
car_5,-0.12924088537693024,-0.1602083146572113,1206.4877448276507,844.7324582502191
car_5,-0.12924088537693024,-0.1602083146572113,1206.4877448276507,844.7324582502191
car_5,-0.12924088537693024,-0.1602083146572113,1206.4877448276507,844.7324582502191
car_5,-0.12924088537693024,-0.1602083146572113,1206.4877448276507,844.7324582502191
car_5,-0.12876807153224945,-0.16046886146068573,1206.2277227670538,847.9224564270293
car_5,-0.12876807153224945,-0.16046886146068573,1206.2277227670538,847.9224564270293
car_5,-0.12876807153224945,-0.16046886146068573,1206.2277227670538,847.9224564270293
car_5,-0.12876807153224945,-0.16046886146068573,1206.2277227670538,847.9224564270293
car_5,-0.12876807153224945,-0.16046886146068573,1206.2277227670538,847.9224564270293
car_5,-0.12876807153224945,-0.16046886146068573,1206.2277227670538,847.9224564270293
car_5,-0.12876807153224945,-0.16046886146068573,1206.2277227670538,847.9224564270293
car_5,-0.12864744663238525,-0.16054490208625793,1204.5589668517277,847.7305887395801
car_5,-0.12837499380111694,-0.16071248054504395,1200.4628776563372,847.0627256350313
car_5,-0.12796567380428314,-0.16094577312469482,1194.4938838702822,846.0894873751141
car_5,-0.127398282289505,-0.16123811900615692,1186.582995887604,844.7996252759698
car_5,-0.12740588188171387,-0.161274254322052,1180.804556748702,841.0195463957251
car_5,-0.1268031895160675,-0.1615452766418457,1174.0508838815879,840.4587346105952
car_5,-0.1259157955646515,-0.16190914809703827,1164.7145919481316,839.6839888294073
car_5,-0.12485332041978836,-0.16231867671012878,1154.4180125457624,838.8295563084977
car_5,-0.12367657572031021,-0.16277387738227844,1144.0089976887598,837.96508540458
car_5,-0.12235338240861893,-0.163320392370224,1133.3870360315607,837.0848032360664
car_5,-0.1209372729063034,-0.16396887600421906,1123.0963449298683,836.2376613235114
car_5,-0.11936358362436295,-0.16477905213832855,1112.713045317554,835.3732291402071
car_5,-0.11746302247047424,-0.16588176786899567,1101.380834453018,834.4284371554711
car_5,-0.11554607003927231,-0.167118638753891,1091.0022233110665,833.5631489308853
car_5,-0.11308203637599945,-0.16877706348896027,1079.589819827277,832.6116711065713
car_5,-0.11099191009998322,-0.17025631666183472,1068.8643483481771,830.1118487365684
car_5,-0.10843828320503235,-0.1722559779882431,1057.5338173655477,829.1707394057728
car_5,-0.10593104362487793,-0.17418301105499268,1047.0587595140585,828.3006853280095
car_5,-0.10312243551015854,-0.1762002408504486,1036.771257627923,827.4462095730372
car_5,-0.0991792231798172,-0.17866846919059753,1025.7014417659962,826.5267551349514
car_5,-0.09554187953472137,-0.1807725429534912,1015.0779389737671,825.6443712803176
car_5,-0.09227330982685089,-0.18249019980430603,1004.9246281158639,824.8027906681735
car_5,-0.0905640721321106,-0.18331262469291687,999.2573503145267,824.3200056160757
car_5,-0.08922780305147171,-0.18391838669776917,993.9389218866249,823.4168844741804
car_5,-0.08887979388237,-0.18408487737178802,989.0179380471837,820.5384761435939
car_5,-0.09060002863407135,-0.18337853252887726,985.3642720893389,813.7261803123764
car_5,-0.09337955713272095,-0.18211349844932556,986.0011170980179,808.0543704192564
car_5,-0.09748100489377975,-0.1800570785999298,987.1242259075821,800.4781051082545
car_5,-0.10245406627655029,-0.17730215191841125,989.5519562207246,792.7393050702611
car_5,-0.10731677711009979,-0.17421789467334747,991.9217090070103,783.3972319359061
car_5,-0.11135654151439667,-0.1713959127664566,993.0716351831608,772.8024015646687
car_5,-0.11574787646532059,-0.16858555376529694,994.184658271501,761.7450761237341
car_5,-0.11926694959402084,-0.1665199100971222,995.2044135449474,750.9932740419822
car_5,-0.12261827290058136,-0.1648457795381546,996.212488568613,739.5373924405899
car_5,-0.12534843385219574,-0.16366763412952423,997.1241265863731,729.1774321701611
car_5,-0.12811169028282166,-0.1625555455684662,998.1352359339243,717.6870681598622
car_5,-0.1302187740802765,-0.16170138120651245,996.3113780171627,706.6124809342571
car_5,-0.1326562762260437,-0.16063949465751648,996.9922224441292,695.1511206707921
car_5,-0.13443616032600403,-0.16006234288215637,997.7829152741878,686.7951917988516
car_5,-0.13619689643383026,-0.1593778431415558,998.554327513321,678.643017457439
car_5,-0.13803525269031525,-0.15849700570106506,999.355137684878,670.3358708448793
car_5,-0.14052411913871765,-0.15692581236362457,1001.4429267606511,660.0905195854731
car_5,-0.14340327680110931,-0.1543719619512558,1004.8854501214947,649.4546157155054
car_5,-0.14630581438541412,-0.15081116557121277,1005.9942809701724,638.0520213198755
car_5,-0.14923198521137238,-0.14595866203308105,1007.0529801289146,627.0351545058825
car_5,-0.15111993253231049,-0.14188116788864136,1008.1302327019731,615.9071901090591
car_5,-0.15240725874900818,-0.13893932104110718,1008.9155526001413,605.2644476299489
car_5,-0.15376612544059753,-0.13602890074253082,1009.6274324383545,595.2042013051996
car_5,-0.15510031580924988,-0.13335952162742615,1010.3461583720452,586.3022840018583
car_5,-0.15621942281723022,-0.13126903772354126,1010.9095864439955,579.4176560541912
car_5,-0.1575537919998169,-0.1289563626050949,1011.5052927777855,571.7662403762496
car_5,-0.15923258662223816,-0.1263158917427063,1012.2137787714596,562.8660384767223
car_5,-0.16132155060768127,-0.1234249696135521,1013.0122545881188,552.6560825561528
car_5,-0.163642019033432,-0.12067441642284393,1013.8220111198441,542.1410565549045
car_5,-0.1664922833442688,-0.11812137067317963,1014.6606489933494,530.8438500684261
car_5,-0.16991879045963287,-0.11611980944871902,1015.4525358808759,520.176563620954
car_5,-0.17349107563495636,-0.11410517990589142,1016.2724925394806,509.1361840222336
car_5,-0.17701026797294617,-0.11216774582862854,1017.0871435394769,498.16724293729806
car_5,-0.18051327764987946,-0.11026450246572495,1017.9097121010027,487.09169513862383
car_5,-0.1839025914669037,-0.10828546434640884,1018.6289589642416,477.40733156645763
car_5,-0.18674637377262115,-0.10656493157148361,1019.1990029327857,469.8379765377152
car_5,-0.18835927546024323,-0.10560563951730728,1018.5975428826345,464.94858029037226
car_5,-0.18884889781475067,-0.10533082485198975,1014.2613205329175,461.51652316403846
car_5,-0.18818818032741547,-0.10574992001056671,1008.6830415886219,460.8555858967037
car_5,-0.187445268034935,-0.10622736811637878,1002.7056225992329,460.21381943881806
car_5,-0.18672923743724823,-0.10669482499361038,997.0375250937359,459.60526332697265
car_5,-0.18585264682769775,-0.10727700591087341,990.2143340055828,458.87269042487327
car_5,-0.18498347699642181,-0.10786551237106323,983.5640812314487,458.15868506997396
car_5,-0.18407177925109863,-0.10849494487047195,976.7023497142819,457.42197426911633
car_5,-0.1831357628107071,-0.10915131121873856,970.1626835699593,456.8606899838834
car_5,-0.18223153054714203,-0.1097974106669426,964.0243347021202,456.3673575979306
car_5,-0.18150381743907928,-0.11028982698917389,957.8748206543615,455.86224306674706
car_5,-0.18079271912574768,-0.11077293753623962,951.7276864610042,455.3394281670479
car_5,-0.18014086782932281,-0.11122040450572968,946.1233379024744,454.86277728594735
car_5,-0.1797022670507431,-0.11152402311563492,942.3687882427013,454.5434521431986
car_5,-0.17958207428455353,-0.11160946637392044,941.1927443450487,454.3865399977186
car_5,-0.17982037365436554,-0.11147353798151016,940.6770616756137,453.36881901361164
car_5,-0.18010865151882172,-0.11129076778888702,941.6186015524703,452.86690002639943
car_5,-0.18045245110988617,-0.11105269193649292,944.5691986299676,453.1179814901823
car_5,-0.18105962872505188,-0.11063520610332489,949.8005112612467,453.56314075743165
car_5,-0.18176348507404327,-0.11015588045120239,955.8957616097637,454.0818169234524
car_5,-0.18251731991767883,-0.1096300482749939,961.7887217576316,454.5764321834196
car_5,-0.18344132602214813,-0.10897088795900345,968.0835196119281,455.08233820333015
car_5,-0.18437373638153076,-0.10831866413354874,974.5327423348791,455.6006551810641
car_5,-0.18521817028522491,-0.10773644596338272,980.8381867661985,456.252010286692
car_5,-0.18607240915298462,-0.10715778172016144,987.3984772149059,456.957618003254
car_5,-0.18690301477909088,-0.1066053956747055,993.8863231340273,457.65543377531327
car_5,-0.18766939640045166,-0.10610434412956238,999.974661681785,458.31027957732897
car_5,-0.1884351223707199,-0.10561183840036392,1006.1638769206847,458.97597541292896
car_5,-0.18913011252880096,-0.10517159104347229,1011.8795570226343,459.59073904525115
car_5,-0.18949948251247406,-0.10493306815624237,1017.0808638902054,460.90214677010937
car_5,-0.1887115091085434,-0.10538695752620697,1020.9519561663917,465.0112964296791
car_5,-0.18714798986911774,-0.10630915313959122,1022.3877189101316,470.1801500573907
car_5,-0.18442396819591522,-0.10794612765312195,1021.840599935331,477.49059067243957
car_5,-0.18089179694652557,-0.11003053188323975,1021.1096745040871,487.33220136564864
car_5,-0.17734399437904358,-0.11194981634616852,1020.2749822534084,498.57098965878026
car_5,-0.17385466396808624,-0.11386129260063171,1019.4656872103594,509.46781498346064
car_5,-0.1702776551246643,-0.11586730182170868,1018.6437926657655,520.5342874210094
car_5,-0.16670361161231995,-0.11794302612543106,1017.8183664919088,531.6534333947103
car_5,-0.16395683586597443,-0.12025778740644455,1017.0357239308736,542.1963326560629
car_5,-0.1614965945482254,-0.12311267852783203,1016.1778968093655,553.2642024469956
car_5,-0.15917116403579712,-0.1263086497783661,1015.2868239757016,564.6054008758006
car_5,-0.15713301301002502,-0.12955696880817413,1014.4253003210601,575.5403371348903
car_5,-0.15523117780685425,-0.13299299776554108,1013.5105132017898,586.8811491278518
car_5,-0.1536300927400589,-0.13619071245193481,1012.6741489788762,597.5715652741715
car_5,-0.15223640203475952,-0.13919410109519958,1011.9268489457338,607.997936284522
car_5,-0.1510082483291626,-0.14201873540878296,1011.1098949500215,618.243168512214
car_5,-0.14899583160877228,-0.14630404114723206,1010.0140477090588,629.5854655899963
car_5,-0.14628258347511292,-0.15076936781406403,1009.0355269573516,639.8326428696897
car_5,-0.14475443959236145,-0.15279173851013184,1008.5010655869384,645.8001757690436
car_5,-0.14433103799819946,-0.1532941460609436,1008.3626322125211,647.488387652181
car_5,-0.14417774975299835,-0.15347032248973846,1008.3122277731575,648.1030759371035
car_5,-0.14412128925323486,-0.15353435277938843,1008.2936376055601,648.3297852980481
car_5,-0.14409467577934265,-0.15356433391571045,1008.2849067029398,648.4362597202467
car_5,-0.14409253001213074,-0.15356680750846863,1008.2841569243786,648.445403361236
car_5,-0.1440923810005188,-0.15356697142124176,1008.2841359911093,648.4456586450074
car_5,-0.1440923810005188,-0.15356697142124176,1008.2841359911093,648.4456586450074
car_5,-0.1440923810005188,-0.15356697142124176,1008.2841359911093,648.4456586450074
car_5,-0.1440923810005188,-0.15356697142124176,1008.2841359911093,648.4456586450074
car_5,-0.1440923810005188,-0.15356697142124176,1008.2841359911093,648.4456586450074
car_5,-0.1440923810005188,-0.15356697142124176,1008.2841359911093,648.4456586450074
car_5,-0.1440923810005188,-0.15356697142124176,1008.2841359911093,648.4456586450074
car_5,-0.1440923810005188,-0.15356697142124176,1008.2841359911093,648.4456586450074
car_5,-0.1440923810005188,-0.15356697142124176,1008.2841359911093,648.4456586450074
car_5,-0.1440923810005188,-0.15356697142124176,1008.2841359911093,648.4456586450074
car_5,-0.1440923810005188,-0.15356697142124176,1008.2841359911093,648.4456586450074
car_5,-0.1440923810005188,-0.15356697142124176,1008.2841359911093,648.4456586450074
car_5,-0.1440923810005188,-0.15356697142124176,1008.2841359911093,648.4456586450074
car_5,-0.1440923810005188,-0.15356697142124176,1008.2841359911093,648.4456586450074
car_5,-0.1440923810005188,-0.15356697142124176,1008.2841359911093,648.4456586450074
car_5,-0.1440923810005188,-0.15356697142124176,1008.2841359911093,648.4456586450074
car_5,-0.1440923810005188,-0.15356697142124176,1008.2841359911093,648.4456586450074
car_5,-0.1440923810005188,-0.15356697142124176,1008.2841359911093,648.4456586450074
car_5,-0.14357756078243256,-0.15413163602352142,1008.0498722399927,650.4894565587016
car_5,-0.14271654188632965,-0.1550031453371048,1007.6534696109884,653.9524973984712
car_5,-0.1413014531135559,-0.1562538743019104,1006.9872962890425,659.7723009301949
car_5,-0.1394091546535492,-0.15762054920196533,1006.0668165235385,667.8137688390448
car_5,-0.1372026950120926,-0.15885689854621887,1005.0768595503235,677.6310806806873
car_5,-0.1349652111530304,-0.1598157435655594,1004.0977598003118,687.9780669674194
car_5,-0.13259504735469818,-0.1606074422597885,1003.0366921442387,699.1912783757062
car_5,-0.13058394193649292,-0.16145972907543182,1003.9371625213743,709.7196613644167
car_5,-0.1284605860710144,-0.16234949231147766,1004.3378909667592,720.1550449664928
car_5,-0.12576818466186523,-0.16342446208000183,1003.3303779600557,731.6151731245374
car_5,-0.12296982109546661,-0.16460195183753967,1002.3743231362721,742.4899814235639
car_5,-0.119857557117939,-0.16610725224018097,1001.4157290696256,753.3936727726752
car_5,-0.11647403985261917,-0.16802825033664703,1000.3909150242824,763.9914097362956
car_5,-0.11214317381381989,-0.17074790596961975,999.2645514935117,775.2107774816589
car_5,-0.10955097526311874,-0.17254982888698578,998.5272789498541,782.0720511308866
car_5,-0.10805066674947739,-0.17359767854213715,998.0850503516757,785.9504114166799
car_5,-0.10614398866891861,-0.17489424347877502,998.4134496785714,791.415201545296
car_5,-0.10607802867889404,-0.17486873269081116,1002.2465476041743,794.4453344160636
car_6,-0.14479275047779083,-0.1528099626302719,1005.4501707262451,643.9398941764616
car_6,-0.145205557346344,-0.15229696035385132,1005.596599792803,642.3168091185611
car_6,-0.14604352414608002,-0.15118147432804108,1005.9000893171852,639.0621455984625
car_6,-0.1473464071750641,-0.14923973381519318,1006.3704322193385,634.0858397647011
car_6,-0.14914743602275848,-0.14611811935901642,1007.0226304332263,627.3486653217491
car_6,-0.15081001818180084,-0.14262065291404724,1007.8654455097266,618.6424283639917
car_6,-0.1520700305700302,-0.13969187438488007,1008.7263570433336,607.9381487278902
car_6,-0.15372660756111145,-0.1361110508441925,1009.6076994083411,595.4830673890689
car_6,-0.15569990873336792,-0.13222257792949677,1010.6528374007509,582.5549183360309
car_6,-0.15713447332382202,-0.12966212630271912,1011.3270497429843,574.1119596875848
car_6,-0.15788252651691437,-0.12841598689556122,1011.6516914780299,569.9669531248585
car_6,-0.15794257819652557,-0.12831850349903107,1011.6781408898146,569.6418813219564
car_6,-0.15798866748809814,-0.12824398279190063,1011.6984433415266,569.3923576412367
car_6,-0.15798914432525635,-0.12824323773384094,1011.6986568648786,569.3897333703634
car_6,-0.15798941254615784,-0.12824282050132751,1011.6987424721239,569.3886812297034
car_6,-0.1579894870519638,-0.12824270129203796,1011.6987915398761,569.3880781712003
car_6,-0.15823036432266235,-0.12785811722278595,1011.7596728525092,568.0749292138928
car_6,-0.15869446098804474,-0.12715183198451996,1011.3408665582145,565.3425309150515
car_6,-0.15889516472816467,-0.1269703209400177,1007.5461751875864,562.5157440761516
car_6,-0.15852737426757812,-0.12772265076637268,1001.861972158551,561.8937379094881
car_6,-0.15804262459278107,-0.12873411178588867,994.7114936697936,561.2901260890086
car_6,-0.15749403834342957,-0.1299290806055069,986.3856924355225,560.5872987120896
car_6,-0.15696153044700623,-0.13114193081855774,978.0439290620589,559.8836576871987
car_6,-0.15645074844360352,-0.1323544830083847,969.7802041107248,559.1876425434103
car_6,-0.15595583617687225,-0.13357652723789215,961.5042692993428,558.4905990198602
car_6,-0.15546657145023346,-0.13483063876628876,953.0401295894652,557.7777038724648
car_6,-0.15504266321659088,-0.13595464825630188,945.4652320182702,557.1397054573134
car_6,-0.15462952852249146,-0.13708481192588806,937.8411487001455,556.4951669688829
car_6,-0.1542380005121231,-0.1381862759590149,930.4154979336862,555.875785932757
car_6,-0.15388178825378418,-0.13925224542617798,922.569164335939,554.8902861732516
car_6,-0.15373234450817108,-0.13988900184631348,914.7957023145285,552.4551872903708
car_6,-0.15362241864204407,-0.14044001698493958,907.1606737410053,549.7951952450989
car_6,-0.15338826179504395,-0.14126044511795044,899.6583586032591,548.1489298053677
car_6,-0.1531093269586563,-0.14219975471496582,891.8902986256401,546.7594277261911
car_6,-0.15283548831939697,-0.1431373655796051,884.133197195033,545.3718858434987
car_6,-0.1522381603717804,-0.14465880393981934,876.275736069316,543.9663922450084
car_6,-0.15148070454597473,-0.14633601903915405,868.9785509869183,542.6617409340248
car_6,-0.1507149338722229,-0.14791080355644226,861.6660040738136,541.3543461828939
car_6,-0.14996230602264404,-0.14935460686683655,854.1222630059593,539.849591207074
car_6,-0.14929787814617157,-0.15056167542934418,846.5255967317552,537.9800066723011
car_6,-0.14862826466560364,-0.151688814163208,838.9404191177051,536.1132495647935
car_6,-0.1480659544467926,-0.1526123583316803,830.7691896221245,533.5143424233953
car_6,-0.14757110178470612,-0.15338656306266785,823.0430658980537,530.9043543884094
car_6,-0.14711084961891174,-0.15406379103660583,815.9476721436305,528.5074353816813
car_6,-0.14662614464759827,-0.15473540127277374,808.5687952739371,526.0147519832091
car_6,-0.14612989127635956,-0.15538163483142853,801.1177863403257,523.4977014078071
car_6,-0.1456437110900879,-0.15597791969776154,793.882596659146,521.0436356801408
car_6,-0.14512908458709717,-0.15657871961593628,785.9419649258601,518.2561582056098
car_6,-0.14464981853961945,-0.15710856020450592,778.5271628740984,515.6202502626451
car_6,-0.14414438605308533,-0.1576363891363144,770.8478408327553,512.8903073964627
car_6,-0.14359398186206818,-0.15817074477672577,763.161485253756,510.27631705132814
car_6,-0.14298248291015625,-0.15872123837471008,755.3529607907365,507.75891467462196
car_6,-0.14236681163311005,-0.15923874080181122,748.0045016983152,505.4853960280542
car_6,-0.1420614868402481,-0.1594773530960083,744.9157430164628,504.67220247982584
car_6,-0.14200304448604584,-0.15952202677726746,744.3406397654014,504.5249199399199
car_6,-0.1419822722673416,-0.15953794121742249,744.1354500767784,504.4723713611262
car_6,-0.14198100566864014,-0.1595388650894165,744.1231473767613,504.4692206696584
car_6,-0.1419806033372879,-0.15953916311264038,744.119709267,504.46834017813416
car_6,-0.1419806033372879,-0.15953916311264038,744.119709267,504.46834017813416
car_6,-0.1419806033372879,-0.15953916311264038,744.119709267,504.46834017813416
car_6,-0.1419806033372879,-0.15953916311264038,744.119709267,504.46834017813416
car_6,-0.1419806033372879,-0.15953916311264038,744.119709267,504.46834017813416
car_6,-0.1419806033372879,-0.15953916311264038,744.119709267,504.46834017813416
car_6,-0.1419806033372879,-0.15953916311264038,744.119709267,504.46834017813416
car_6,-0.1417539417743683,-0.15970593690872192,742.1818592600233,504.06896014031054
car_6,-0.14124934375286102,-0.16005371510982513,738.7200571979552,503.6734913652662
car_6,-0.13958245515823364,-0.1610191911458969,733.6306219106809,506.0966755695363
car_6,-0.13694719970226288,-0.16232500970363617,731.1484634048363,513.1444324605183
car_6,-0.13340520858764648,-0.16431114077568054,728.4140599912394,522.4133261134806
car_6,-0.12893855571746826,-0.1668386459350586,725.1253829397497,533.534980620347
car_6,-0.1235015019774437,-0.17016613483428955,721.401438791775,546.1286222483326
car_6,-0.11729760468006134,-0.17446047067642212,717.5341188463537,559.2018098891926
car_6,-0.11028937995433807,-0.17854031920433044,713.4301493867761,573.0293225322721
car_6,-0.10212394595146179,-0.18152374029159546,709.6361371019361,585.8813282579604
car_6,-0.09518572688102722,-0.18317767977714539,705.6403353481,599.1907206789454
car_6,-0.09068077802658081,-0.1835310459136963,702.0015387645371,611.0995094978784
car_6,-0.08868875354528427,-0.1833188533782959,699.6927839011099,618.7314370074353
car_6,-0.08801693469285965,-0.18310660123825073,697.88135136618,621.74793611524
car_6,-0.08822955191135406,-0.18310660123825073,696.1226195649182,619.5192386138478
car_6,-0.0892782062292099,-0.18335503339767456,697.6060171503608,614.5403075079103
car_6,-0.09101833403110504,-0.1834951937198639,699.5264691192411,608.2551919733926
car_6,-0.0942406877875328,-0.1833009123802185,702.206542032955,599.4840442557837
car_6,-0.09921135008335114,-0.1823551058769226,705.341908255258,589.1135082300314
car_6,-0.10680750012397766,-0.17996540665626526,709.127388435236,576.3267009199868
car_6,-0.1149594634771347,-0.17616289854049683,713.1605905662984,562.7016073452354
car_6,-0.1204388439655304,-0.17240390181541443,713.8851215656049,548.9657301839193
car_6,-0.1267218440771103,-0.16830570995807648,718.0026736472671,535.0570649526362
car_6,-0.13218560814857483,-0.16511979699134827,721.8973122817504,521.901378299613
car_6,-0.1358315646648407,-0.16307160258293152,724.6564818183389,512.5716973914152
car_6,-0.13773158192634583,-0.16200818121433258,726.1325936071145,507.5548854800955
car_6,-0.1379871517419815,-0.16189059615135193,726.3407780015589,506.8553859147622
car_6,-0.13799668848514557,-0.16188617050647736,726.3485982992239,506.8291097146077
car_6,-0.13800200819969177,-0.16188368201255798,726.3529604876526,506.8144527614874
car_6,-0.13800351321697235,-0.16188302636146545,726.3541752959318,506.81037100566914
car_6,-0.13800376653671265,-0.1618829220533371,726.3543634726228,506.80973873198724
car_6,-0.13800382614135742,-0.16188286244869232,726.3544235054512,506.80953702168387
car_6,-0.13856633007526398,-0.16161687672138214,726.8673298181441,505.2994931971429
car_6,-0.13996316492557526,-0.16091150045394897,728.3660090854046,501.6702590796689
car_6,-0.1422351896762848,-0.15958021581172943,731.9068780200587,496.3840127430437
car_6,-0.14517958462238312,-0.15744233131408691,735.0422345882878,488.62823107172323
car_6,-0.1486845463514328,-0.15399929881095886,737.9468631233979,478.93156185756953
car_6,-0.1529591679573059,-0.14799350500106812,741.4537830430564,467.0951731884173
car_6,-0.1565386950969696,-0.14115336537361145,745.2189349119164,454.3485529351431
car_6,-0.1591138243675232,-0.13612259924411774,748.9966535577677,441.3415184285549
car_6,-0.16227246820926666,-0.13075970113277435,753.0088320716831,427.47475033183696
car_6,-0.16569256782531738,-0.1258895993232727,756.8121704488744,414.348383500902
car_6,-0.16941003501415253,-0.12153851985931396,760.5330737985508,401.50652262330755
car_6,-0.17445702850818634,-0.11777118593454361,764.5295064255638,387.7137344265265
car_6,-0.17921720445156097,-0.11427004635334015,768.3208083366421,374.62890875072355
car_6,-0.18446281552314758,-0.11009622365236282,772.33556196631,360.77288973467046
car_6,-0.18993307650089264,-0.10576439648866653,773.8154086325214,346.6299695937923
car_6,-0.19500796496868134,-0.10193990170955658,777.2096306824236,332.84877909771257
car_6,-0.1983209103345871,-0.09969239681959152,780.1664616172772,322.8948607262527
car_6,-0.20042350888252258,-0.09846384823322296,782.1989586380937,315.87426777811856
car_6,-0.20160602033138275,-0.09785446524620056,781.2783514170034,310.0801906439308
car_6,-0.20156458020210266,-0.09790532290935516,775.6796400863652,307.598438390324
car_6,-0.2012740522623062,-0.09809712320566177,767.5940539968028,305.1729175047039
car_6,-0.20100997388362885,-0.09827315807342529,760.4888655091859,303.05929407092793
car_6,-0.20071221888065338,-0.09847484529018402,752.6130005633265,300.7140034711935
car_6,-0.20039837062358856,-0.09869065135717392,744.4808247393343,298.2923881125625
car_6,-0.20004822313785553,-0.09892132878303528,736.3925590702534,295.8811141086721
car_6,-0.1996954381465912,-0.09915487468242645,728.5340007901054,293.5373335689788
car_6,-0.19932886958122253,-0.09940119832754135,720.5378185563136,291.1525072887251
car_6,-0.1988791972398758,-0.09970004856586456,712.1435924785333,288.86021149475255
car_6,-0.19806154072284698,-0.10021474957466125,703.9522131023328,287.96245584154724
car_6,-0.19717566668987274,-0.10079719871282578,696.0198479999378,287.3295419935415
car_6,-0.1961948126554489,-0.10147713124752045,687.5377875921321,286.65276861984745
car_6,-0.19519458711147308,-0.10220641642808914,679.1820177072882,285.98607181472056
car_6,-0.19427622854709625,-0.10290670394897461,671.7449466704717,285.3927514919664
car_6,-0.19329671561717987,-0.10368376970291138,664.0377441975685,284.7779813983639
car_6,-0.19224970042705536,-0.10454678535461426,656.0318140666527,284.1393830958979
car_6,-0.19159072637557983,-0.10510624945163727,651.108925091319,283.7477065697294
car_6,-0.19187568128108978,-0.10488756746053696,648.5972489943641,281.6935179876949
car_6,-0.19272401928901672,-0.10419391840696335,651.6318568650132,280.58852200181354
car_6,-0.193495973944664,-0.10356540977954865,657.5781410531436,281.06198781721787
car_6,-0.19457392394542694,-0.10271981358528137,666.1101139680603,281.742546269647
car_6,-0.1955859214067459,-0.10196224600076675,674.3815613001831,282.4023237269637
car_6,-0.196506068110466,-0.10130557417869568,682.1444734397005,283.02008387703967
car_6,-0.19745439291000366,-0.10066255927085876,690.4135364480901,283.6779327036796
car_6,-0.19833384454250336,-0.10009786486625671,698.3534390570414,284.30959503466374
car_6,-0.19913063943386078,-0.09961310774087906,705.7949184897043,284.90160509774773
car_6,-0.19981516897678375,-0.09920817613601685,713.3577430686682,285.8706712995053
car_6,-0.20019181072711945,-0.09894780069589615,721.689073916673,288.1646364831451
car_6,-0.2004893273115158,-0.09874028712511063,729.1994679076076,290.40347636485336
car_6,-0.20078875124454498,-0.0985342264175415,736.9095960706501,292.7018567754333
car_6,-0.20110158622264862,-0.09832202643156052,745.1289271492226,295.15142191182605
car_6,-0.2013731300830841,-0.09814039617776871,752.3970932132274,297.3157507397576
car_6,-0.20167578756809235,-0.09794048219919205,760.6660493597477,299.77809681264785
car_6,-0.20197437703609467,-0.09774604439735413,768.990055540944,302.2544106939155
car_6,-0.20220425724983215,-0.09759733080863953,775.596564189326,304.23215931471344
car_6,-0.20237727463245392,-0.09746992588043213,783.4209687600924,307.0799971047813
car_6,-0.20174649357795715,-0.09774653613567352,788.5616877741517,312.85596325160617
car_6,-0.19983835518360138,-0.09876231849193573,787.4900646637777,320.62823770230784
car_6,-0.19699613749980927,-0.10053806006908417,784.8075752213473,329.74776094702526
car_6,-0.19299288094043732,-0.10340049117803574,781.413282766919,341.155439632863
car_6,-0.18750064074993134,-0.10763994604349136,777.3310838036724,355.0521242113676
car_6,-0.1818285435438156,-0.11219865083694458,773.4321045902074,368.51034936531335
car_6,-0.17706845700740814,-0.11582168191671371,769.5239561745993,382.0002241332138
car_6,-0.17216315865516663,-0.11934998631477356,765.6869131777287,395.2446621643064
car_6,-0.16782626509666443,-0.1231936439871788,761.9293387241029,408.21479620733163
car_6,-0.16412030160427094,-0.12791165709495544,758.0617801944892,421.56456563104354
car_6,-0.16098521649837494,-0.13272586464881897,754.3818287480447,434.2713916478844
car_6,-0.1580938994884491,-0.13792306184768677,750.5011572944206,447.67848560540483
car_6,-0.15573325753211975,-0.14259201288223267,749.7656850179386,461.5825804504551
car_6,-0.1515302062034607,-0.15008273720741272,746.0063072263831,474.26019022927744
car_6,-0.1478806734085083,-0.15477031469345093,742.9953107085289,484.41406169824535
car_6,-0.14567287266254425,-0.15691892802715302,741.140216350968,490.5542132015969
car_6,-0.14479966461658478,-0.15764948725700378,740.4208869768718,492.9963456049337
car_6,-0.14332085847854614,-0.15874387323856354,739.9083946391477,497.5526916532026
car_6,-0.1429711878299713,-0.15891122817993164,744.0611490417683,501.1509003628802
car_6,-0.14373880624771118,-0.15824708342552185,752.1788097928339,503.36556497394065
car_6,-0.14435142278671265,-0.1576589047908783,760.0362024982124,505.899322575093
car_6,-0.14497926831245422,-0.1570141315460205,768.3176766977717,508.58821513094284
car_6,-0.14551056921482086,-0.15641435980796814,776.4466466001262,511.477496393839
car_6,-0.14603056013584137,-0.15578970313072205,784.5501118174881,514.3577125218717
car_6,-0.14647176861763,-0.15522755682468414,791.5422588635514,516.8436222803236
car_6,-0.1470153033733368,-0.1545017510652542,799.7740544711088,519.6592048161408
car_6,-0.14750105142593384,-0.1538127362728119,807.1059141414243,522.1361073700482
car_6,-0.14801055192947388,-0.15304307639598846,814.9020087071623,524.7698411577476
car_6,-0.14849677681922913,-0.15226101875305176,822.441289573775,527.3168162599504
car_6,-0.14902059733867645,-0.15136271715164185,830.6697565057316,530.0966172483713
car_6,-0.1495078057050705,-0.15047520399093628,838.3202604105795,532.6591177035496
car_6,-0.15021473169326782,-0.14918252825737,846.3446299050458,534.6335682416201
car_6,-0.1509038507938385,-0.14782178401947021,854.2470165397199,536.5780040697102
car_6,-0.15172997117042542,-0.14609545469284058,862.6099138032614,538.2645125171309
car_6,-0.15253205597400665,-0.14430055022239685,870.3050529933084,539.6394815500734
car_6,-0.15304739773273468,-0.142899289727211,878.5195609452803,541.1079433913015
car_6,-0.1533278226852417,-0.1419498324394226,886.3230672628121,542.5054153483494
car_6,-0.15363922715187073,-0.14091500639915466,894.825850326354,544.0281155813801
car_6,-0.1539389193058014,-0.139939084649086,902.8449156832357,545.4641904049244
car_6,-0.15414097905158997,-0.13917915523052216,910.9421139902588,547.6892403547723
car_6,-0.15425226092338562,-0.13864107429981232,918.4318069695039,550.3072689898347
car_6,-0.15446096658706665,-0.1379012018442154,926.0446578786851,552.2961759656722
car_6,-0.1548910290002823,-0.13670580089092255,934.0783666127261,552.9737176661336
car_6,-0.1553465873003006,-0.13547930121421814,942.3209503636766,553.6717386094482
car_6,-0.15579527616500854,-0.13431094586849213,950.1714479940692,554.3341895634442
car_6,-0.15627020597457886,-0.13311593234539032,958.2171288599712,555.011839867361
car_6,-0.15673278272151947,-0.13199324905872345,965.8111389487773,555.651448041038
car_6,-0.1572045385837555,-0.13088901340961456,973.3291650460487,556.2846564362729
car_6,-0.15769967436790466,-0.129773810505867,980.9920280802788,556.9300637735221
car_6,-0.15820936858654022,-0.1286720633506775,988.6564090557964,557.5770345306842
car_6,-0.15874165296554565,-0.12757058441638947,996.4363440760343,558.2337822921328
car_6,-0.1592242270708084,-0.12661416828632355,1003.3141250192848,558.8154086038095
car_6,-0.15939421951770782,-0.12628626823425293,1005.7076321105525,559.0209266572298
car_6,-0.15959808230400085,-0.1258671134710312,1009.579036511128,559.7379373064952
car_6,-0.15936847031116486,-0.1260668784379959,1013.7893723915396,562.8757290123316
car_6,-0.15804213285446167,-0.12805375456809998,1014.8217594873032,570.5275958616718
car_6,-0.1563887745141983,-0.13085417449474335,1014.0804680480242,579.8279579057014
car_6,-0.15463009476661682,-0.13416144251823425,1013.1976214279674,590.7531848289026
car_6,-0.15286529064178467,-0.13781341910362244,1012.2743727600952,603.1492649841517
car_6,-0.1511894166469574,-0.14159005880355835,1011.2621021988301,616.6677848557625
car_6,-0.1487099975347519,-0.1468297392129898,1009.911256636056,630.6493792846795
car_6,-0.14603304862976074,-0.15112289786338806,1008.9454918898016,640.7950866952244
car_6,-0.1445252001285553,-0.1530667245388031,1008.42623916083,646.7126931606092
car_6,-0.14416642487049103,-0.1534830927848816,1008.3085183122181,648.1483132656324
car_6,-0.14410799741744995,-0.15354926884174347,1008.2892855727962,648.3828588683386
car_6,-0.14409935474395752,-0.153559148311615,1008.2864142751674,648.4178746930802
car_6,-0.1440952569246292,-0.1535637229681015,1008.2851013664216,648.433885775346
car_6,-0.1435319483280182,-0.15417999029159546,1008.0290570534431,650.6713015714091
car_6,-0.14259502291679382,-0.15511924028396606,1007.5969474641423,654.4462844941095
car_6,-0.14115411043167114,-0.15637212991714478,1006.9168373170465,660.3878425025684
car_6,-0.1394369900226593,-0.15760266780853271,1006.080632266908,667.6930721533529
car_6,-0.13728074729442596,-0.15881860256195068,1005.1104436162602,677.2761690695927
car_6,-0.13492092490196228,-0.15983235836029053,1004.0781327461985,688.1854828714232
car_6,-0.1321301907300949,-0.16074855625629425,1002.8274876637454,701.4021214392051
car_6,-0.12954562902450562,-0.16189970076084137,1004.766089880998,715.2844235435813
car_6,-0.12630486488342285,-0.16320990025997162,1003.5245208195697,729.4068621288518
car_6,-0.12259378284215927,-0.16477125883102417,1002.2529375078642,743.8707029118659
car_6,-0.11856534332036972,-0.16680580377578735,1001.0338257471909,757.5875697408619
car_6,-0.11407949030399323,-0.16951709985733032,999.7344234095169,770.5305249034578
car_6,-0.11031050980091095,-0.1720156967639923,998.7647908402577,780.069834976924
car_6,-0.10837295651435852,-0.17337355017662048,998.173633943891,785.1218942894902
car_6,-0.10606642067432404,-0.17494481801986694,998.5170508813646,791.7032634262337
car_6,-0.10633441060781479,-0.17467240989208221,1003.4704917477178,794.6588680314677
car_6,-0.10832206159830093,-0.17315316200256348,1011.7937710569088,795.3800565077491
car_6,-0.11058411002159119,-0.17138966917991638,1021.6135741457523,796.1959011752513
car_6,-0.11331020295619965,-0.16940881311893463,1032.8104774606302,797.1261574929526
car_6,-0.11608423292636871,-0.16750463843345642,1045.3713798820756,798.1701383268932
car_6,-0.11869994550943375,-0.16582585871219635,1059.4118926024612,799.3378173309118
car_6,-0.1210147887468338,-0.1645256131887436,1073.4530905093989,800.5055533184584
car_6,-0.12302833050489426,-0.16354314982891083,1087.3262821541496,801.6593170680387
car_6,-0.12476732581853867,-0.16278687119483948,1100.9015620226376,802.7881760897917
car_6,-0.12631164491176605,-0.16214603185653687,1114.4746651929681,803.9151248267666
car_6,-0.12778735160827637,-0.1615062654018402,1127.9658597330376,804.4435350667405
car_6,-0.12922438979148865,-0.1607789397239685,1141.8526556659397,804.5869366290624
car_6,-0.13043420016765594,-0.16012239456176758,1156.2916025249328,805.7876490520733
car_6,-0.1315639317035675,-0.1596720963716507,1170.5568068853474,806.9739134146763
car_6,-0.13231965899467468,-0.15932324528694153,1180.3382305240523,807.7873821050741
car_6,-0.13272757828235626,-0.15911711752414703,1185.670067879121,808.2324588178483
car_6,-0.13280615210533142,-0.15907587110996246,1186.6952088710716,808.3156167096857
car_6,-0.13282594084739685,-0.15906555950641632,1186.9513585298848,808.3361086823908
car_6,-0.13282784819602966,-0.15906447172164917,1186.9773268984873,808.338186151879
car_6,-0.13282917439937592,-0.15906375646591187,1186.994449178767,808.3395559343013
car_6,-0.13282960653305054,-0.15906354784965515,1186.9998796572759,808.3399903725821
car_6,-0.13282985985279083,-0.159063458442688,1187.0017283091047,808.3401382647284
car_6,-0.13282978534698486,-0.1590634286403656,1187.0021890797598,808.3401751263808
car_6,-0.13282975554466248,-0.159063458442688,1187.0023519610163,808.3401881568813
car_6,-0.13282975554466248,-0.159063458442688,1187.0023519610163,808.3401881568813
car_6,-0.13282975554466248,-0.159063458442688,1187.0023519610163,808.3401881568813
car_6,-0.13282975554466248,-0.159063458442688,1187.0023519610163,808.3401881568813
car_6,-0.13282975554466248,-0.159063458442688,1187.0023519610163,808.3401881568813
car_6,-0.13282975554466248,-0.159063458442688,1187.0023519610163,808.3401881568813
car_6,-0.13282975554466248,-0.159063458442688,1187.0023519610163,808.3401881568813
car_6,-0.13282975554466248,-0.159063458442688,1187.0023519610163,808.3401881568813
car_6,-0.13282975554466248,-0.159063458442688,1187.0023519610163,808.3401881568813
car_6,-0.13282975554466248,-0.159063458442688,1187.0023519610163,808.3401881568813
car_6,-0.13282975554466248,-0.159063458442688,1187.0023519610163,808.3401881568813
car_6,-0.13282975554466248,-0.159063458442688,1187.0023519610163,808.3401881568813
car_6,-0.13282975554466248,-0.159063458442688,1187.0023519610163,808.3401881568813
car_6,-0.13282975554466248,-0.159063458442688,1187.0023519610163,808.3401881568813
car_6,-0.13296881318092346,-0.1589893102645874,1188.7922602308872,808.4730463256711
car_6,-0.13330169022083282,-0.1588062196969986,1193.0187918912916,808.7560366439737
car_6,-0.13380977511405945,-0.15850915014743805,1199.4668060955455,809.187767845511
car_6,-0.13451071083545685,-0.15806393325328827,1208.3182162018775,809.7804200636132
car_6,-0.13531863689422607,-0.15749379992485046,1218.7190581462924,810.6358906221911
car_6,-0.13631470501422882,-0.15670816600322723,1231.2960977132884,811.6793736511758
car_6,-0.13746266067028046,-0.15568116307258606,1245.325579333965,812.843361877391
car_6,-0.13869237899780273,-0.15441899001598358,1259.757719495369,814.0445839896661
car_6,-0.139968603849411,-0.1529047042131424,1274.0736877625675,815.2407457944851
car_6,-0.1414932906627655,-0.1508297622203827,1287.8302061980432,815.2145827609193
car_6,-0.14273500442504883,-0.14880239963531494,1300.499405245445,816.2756680715644
car_6,-0.14359289407730103,-0.14722833037376404,1308.9876422204186,816.9865846444053
car_6,-0.1440257579088211,-0.14637631177902222,1313.2091103775717,817.3431290668208
car_6,-0.14414454996585846,-0.1461358368396759,1314.359970256312,817.4408855043972
car_6,-0.14417748153209686,-0.14606855809688568,1314.6789769060451,817.4679825943359
car_6,-0.1441931277513504,-0.14603671431541443,1314.8292744468633,817.4807491808147
car_6,-0.14419591426849365,-0.14603087306022644,1314.8573722543636,817.4831358671661
car_6,-0.14419804513454437,-0.14602676033973694,1314.8764877742228,817.4847595792777
car_6,-0.1441984623670578,-0.14602577686309814,1314.8814249763734,817.4851789555221
car_6,-0.14419850707054138,-0.14602553844451904,1314.8821311439633,817.4852389388695
car_6,-0.14419852197170258,-0.14602550864219666,1314.8822396664802,817.4852481569983
car_6,-0.14419852197170258,-0.14602550864219666,1314.8822396664802,817.4852481569983
car_6,-0.14442849159240723,-0.14554476737976074,1317.2386937077947,817.7502836114912
car_6,-0.14479407668113708,-0.1447513997554779,1321.142377887164,818.2682592802828
car_6,-0.14512503147125244,-0.14390742778778076,1326.574924678335,818.9890980900076
car_6,-0.1452561914920807,-0.14332470297813416,1333.4802129313118,819.9053533854377
car_6,-0.14543896913528442,-0.1425679624080658,1341.9903420263163,820.8875318018802
car_6,-0.14569023251533508,-0.14160752296447754,1351.9754528243557,821.7742735089591
car_6,-0.14601872861385345,-0.14039814472198486,1364.1151259418393,822.8523541313284
car_6,-0.14642572402954102,-0.13894695043563843,1378.0467408600146,824.0872467332147
car_7,-0.22060105204582214,-0.05986667796969414,1658.9978243201,503.7859643638637
car_7,-0.22061902284622192,-0.05978380888700485,1660.4365634084177,504.01042587352845
car_7,-0.2206629067659378,-0.05958142504096031,1663.9738819855343,504.56229234774315
car_7,-0.2207375168800354,-0.0592377670109272,1670.03659793312,505.5081527788064
car_7,-0.2208142876625061,-0.05888639762997627,1676.3296584316183,506.4899498755658
car_7,-0.2208985686302185,-0.05850302428007126,1683.2962630966013,507.5768283881723
car_7,-0.22094981372356415,-0.0582825243473053,1689.8580835978912,509.10933287910075
car_7,-0.22103433310985565,-0.05790140852332115,1697.0695041987092,510.25538616747485
car_7,-0.22107148170471191,-0.057747017592191696,1702.9798293052804,511.7882792320077
car_7,-0.22115375101566315,-0.0573781281709671,1710.0154009942974,512.8852799151528
car_7,-0.22123461961746216,-0.057018596678972244,1716.9985427772563,513.9741056204417
car_7,-0.2213040441274643,-0.056622106581926346,1724.0266145355936,515.069936899103
car_7,-0.2213616967201233,-0.05624179169535637,1730.5436452797708,516.0860856208338
car_7,-0.22135750949382782,-0.056377291679382324,1735.9493008657444,518.4258601731489
car_7,-0.22140468657016754,-0.05608576163649559,1742.6025389067163,519.7766027814222
car_7,-0.2214355319738388,-0.05589627847075462,1746.9846426083807,520.6663594723987
car_7,-0.22141028940677643,-0.05616065859794617,1749.0950062050895,522.292631897291
car_7,-0.2213059961795807,-0.05680256709456444,1747.2475722687873,523.9929649355494
car_7,-0.22126199305057526,-0.05699796602129936,1742.2637514005169,522.9774053094189
car_7,-0.2212022840976715,-0.057263731956481934,1735.5924495776442,521.6241706928412
car_7,-0.22106166183948517,-0.05795927345752716,1729.080372076874,521.9327934852952
car_7,-0.22098922729492188,-0.05830059573054314,1722.8103520944946,520.9548659535504
car_7,-0.22090665996074677,-0.05869264528155327,1715.7183314156346,519.8487319544481
car_7,-0.2208307683467865,-0.0590544268488884,1709.2740958331565,518.8436322235277
car_7,-0.22075210511684418,-0.05943123996257782,1702.6575347147893,517.8116550844902
car_7,-0.22063496708869934,-0.060023386031389236,1695.605445492593,517.3390408555645
car_7,-0.22054915130138397,-0.06043767184019089,1688.5973216480884,516.2474068203325
car_7,-0.22043390572071075,-0.061022087931632996,1681.4178333970851,515.6319056534061
car_7,-0.22035636007785797,-0.06139831244945526,1675.2432143153248,514.6685869169162
car_7,-0.2202707827091217,-0.06181296706199646,1668.5170283847133,513.6192167701467
car_7,-0.22018130123615265,-0.062246646732091904,1661.566800719808,512.5348932768561
car_7,-0.22009025514125824,-0.06268638372421265,1654.5974665164915,511.4475889217184
car_7,-0.2199779599905014,-0.06325237452983856,1647.786731030343,510.78447139193764
car_7,-0.219857320189476,-0.06386525928974152,1640.947361030168,510.2290939783896
car_7,-0.219744473695755,-0.06443588435649872,1634.6661141709299,509.7190378424514
car_7,-0.2196316421031952,-0.0650048553943634,1628.4779531216082,509.21654055423585
car_7,-0.21949656307697296,-0.065681591629982,1621.232414336951,508.63601500810876
car_7,-0.219369575381279,-0.06631608307361603,1614.677983040262,508.1547362800354
car_7,-0.2192406803369522,-0.0669543445110321,1608.1510034669082,507.67547327688044
car_7,-0.21909625828266144,-0.06766276061534882,1600.972509366373,507.14837087030975
car_7,-0.21895773708820343,-0.06833864003419876,1594.4872873560585,506.7571902125528
car_7,-0.21880947053432465,-0.06905939429998398,1587.9449903054965,506.4560653072119
car_7,-0.21864823997020721,-0.06983067095279694,1580.9863803731141,506.1357786034749
car_7,-0.2184855192899704,-0.07060141861438751,1574.3387962028833,505.9126348789063
car_7,-0.21836556494235992,-0.07113318145275116,1568.0513833320902,505.15705085059506
car_7,-0.21820616722106934,-0.07186737656593323,1561.8486302565636,504.97831462033565
car_7,-0.21803373098373413,-0.0726473480463028,1555.2717883575224,504.7887987853938
car_7,-0.2178383320569992,-0.07351204007863998,1547.9778638942207,504.57861976545007
car_7,-0.21766357123851776,-0.07426850497722626,1541.589928972461,504.3945474038463
car_7,-0.21748071908950806,-0.07504268735647202,1535.0353169164605,504.2056721358101
car_7,-0.21728579699993134,-0.07584381103515625,1527.9453863955216,503.9107950023382
car_7,-0.21710847318172455,-0.07655732333660126,1521.6981936169848,503.68242821053053
car_7,-0.21690009534358978,-0.07737965881824493,1514.7649298016347,503.5276822146071
car_7,-0.21669714152812958,-0.0781608298420906,1508.2411935745367,503.42167508223883
car_7,-0.2164948582649231,-0.07891863584518433,1501.8532892214123,503.31787514325526
car_7,-0.21634067595005035,-0.07948180288076401,1497.0598182062968,503.2399838707216
car_7,-0.21621127426624298,-0.07990697026252747,1490.8868240991098,502.28365048190904
car_7,-0.21633480489253998,-0.07929863035678864,1485.2917800537562,498.5342516066083
car_7,-0.21683764457702637,-0.07708844542503357,1483.3113693006308,491.5842325157664
car_7,-0.2173842340707779,-0.07455859333276749,1483.3159533063033,484.623119604471
car_7,-0.21789196133613586,-0.07208780944347382,1483.818650934578,478.0624025987227
car_7,-0.21838031709194183,-0.069637730717659,1484.3224540197943,471.48725825186807
car_7,-0.2188740223646164,-0.06716160476207733,1484.848370643151,464.62350966745004
car_7,-0.2193327099084854,-0.06494944542646408,1485.3445453249046,458.14792376986605
car_7,-0.21979397535324097,-0.06290291994810104,1485.8393779878113,451.68985258764536
car_7,-0.22025884687900543,-0.06109184771776199,1486.3213933067464,445.3990608231788
car_7,-0.22067517042160034,-0.05898616462945938,1486.8498534342677,438.5021169139936
car_7,-0.22113902866840363,-0.057149842381477356,1487.4072097285077,431.2123485831159
car_7,-0.22167442739009857,-0.055795811116695404,1487.9587514932728,423.9899245797132
car_7,-0.22222279012203217,-0.054961197078228,1488.4412705263767,417.6713513194016
car_7,-0.22295142710208893,-0.05436090752482414,1488.9883465118185,410.4827962563208
car_7,-0.22367988526821136,-0.05409763753414154,1489.4638889787377,404.25282915622364
car_7,-0.22458487749099731,-0.0540364608168602,1489.9869089026602,397.41823096118344
car_7,-0.22556065022945404,-0.05416281521320343,1490.4915142195023,390.82426688839394
car_7,-0.2265845686197281,-0.05442197993397713,1490.98261435586,384.51085892335345
car_7,-0.22783948481082916,-0.054848045110702515,1491.5310905722067,377.3605237423003
car_7,-0.228994682431221,-0.0553092285990715,1492.005103288108,371.1809489535274
car_7,-0.23022980988025665,-0.055854812264442444,1492.4891796055852,364.8701777295239
car_7,-0.23156048357486725,-0.056492384523153305,1492.9932496373906,358.2987538925138
car_7,-0.23292230069637299,-0.05719459056854248,1493.4980091273144,351.71834177763117
car_7,-0.23435841500759125,-0.05799226090312004,1494.025470150899,344.84197594595685
car_7,-0.2357773631811142,-0.05909314006567001,1494.548424781285,338.02435873613706
car_7,-0.2371705174446106,-0.060268647968769073,1495.068940223932,331.2385405531135
car_7,-0.23842939734458923,-0.061416395008563995,1495.5499724352605,324.96745451260335
car_7,-0.23895679414272308,-0.06290696561336517,1496.0490550905186,318.46104974647733
car_7,-0.23873506486415863,-0.06409066915512085,1496.377292967796,314.1819018605707
car_7,-0.2384478598833084,-0.06587481498718262,1496.8843394335995,307.6208425684154
car_7,-0.238148495554924,-0.06729674339294434,1497.365252241826,301.4242160462008
car_7,-0.23784217238426208,-0.06894567608833313,1497.9289499235938,294.1608952412616
car_7,-0.23759783804416656,-0.0704689621925354,1498.4699338758721,287.3974330557158
car_7,-0.23738445341587067,-0.07202363759279251,1499.0296105815394,280.4681913756936
car_7,-0.2372187077999115,-0.07343742251396179,1499.538617020422,274.17215943467556
car_7,-0.23707430064678192,-0.07487046718597412,1500.0518912788284,267.82333773307835
car_7,-0.23695345222949982,-0.07625969499349594,1500.5450131159682,261.72378652845805
car_7,-0.23683065176010132,-0.07787587493658066,1501.110986853984,254.7231113697131
car_7,-0.23672041296958923,-0.07952550798654556,1501.67818532811,247.70728713410293
car_7,-0.2372986227273941,-0.08091329783201218,1502.2061575913012,241.1766620199657
car_7,-0.23786424100399017,-0.0823199450969696,1502.7176940335653,234.8493358145051
car_7,-0.23848076164722443,-0.08398926258087158,1503.2947978016987,227.7109904422382
car_7,-0.23908264935016632,-0.08577392995357513,1503.8806926477164,220.46390595996075
car_7,-0.23947913944721222,-0.08704372495412827,1504.2804237220628,215.51952919052542
car_7,-0.23996737599372864,-0.08873026818037033,1504.5310741266287,209.16329073508294
car_7,-0.2404589205980301,-0.09062661975622177,1505.0954346787753,202.08388557359757
car_7,-0.240571990609169,-0.09181321412324905,1505.5375115969055,195.21233288326223
car_7,-0.24062512814998627,-0.09282124042510986,1503.1288687315057,189.2072176226175
car_7,-0.24068574607372284,-0.0941317230463028,1503.6961924945497,181.8730080409964
car_7,-0.24070927500724792,-0.09529698640108109,1504.2041054114009,175.4638994939154
car_7,-0.240702286362648,-0.09664330631494522,1504.781247064073,168.18122686186166
car_7,-0.24066413938999176,-0.09789017587900162,1505.307620804765,161.5391700672803
car_7,-0.24059250950813293,-0.0991959422826767,1505.8519298053102,154.6707968641039
car_7,-0.24048298597335815,-0.10056948661804199,1506.4994344375718,147.52446454229246
car_7,-0.2403886467218399,-0.10150226950645447,1506.9529083663617,142.69748650028362
car_7,-0.2403365522623062,-0.10195906460285187,1507.1746644529808,140.3370161560486
car_7,-0.24032814800739288,-0.10202953964471817,1507.2089077154392,139.97251565121266
car_7,-0.24032540619373322,-0.10205293446779251,1507.2202342068165,139.8519514429978
car_7,-0.2403244525194168,-0.10206075757741928,1507.224051497442,139.81131850500688
car_7,-0.24032394587993622,-0.10206472873687744,1507.226024839141,139.79031337892113
car_7,-0.24032388627529144,-0.10206516832113266,1507.2261950841873,139.78850121498417
car_7,-0.24032382667064667,-0.10206537693738937,1507.226283767301,139.78755723250578
car_7,-0.24032382667064667,-0.10206538438796997,1507.2263046524174,139.7873349220462
car_7,-0.24032382667064667,-0.10206538438796997,1507.2263046524174,139.7873349220462
car_7,-0.24026690423488617,-0.10251515358686447,1507.2669949535805,137.44559927717964
car_7,-0.24015888571739197,-0.10324589908123016,1505.7695771094568,133.49193942166698
car_7,-0.24010048806667328,-0.10349790006875992,1501.21312166316,131.75308410535052
car_7,-0.2400631159543991,-0.10352202504873276,1494.0625260914949,130.96827990375144
car_7,-0.24003233015537262,-0.10350840538740158,1487.2322147690488,130.4117360182188
car_7,-0.23999904096126556,-0.10349389910697937,1479.9984375194697,129.82231713121604
car_7,-0.23996691405773163,-0.1034802496433258,1473.1552688486956,129.2647256098937
car_7,-0.23993359506130219,-0.10346641391515732,1466.2005201972556,128.69804238644303
car_7,-0.23990048468112946,-0.10344897210597992,1459.342617425553,128.1599364646814
car_7,-0.2398722916841507,-0.10340918600559235,1452.9094011195002,127.77778706651368
car_7,-0.23983904719352722,-0.10340310633182526,1446.560321357892,127.22776348777042
car_7,-0.23979268968105316,-0.1034533903002739,1439.3883019714485,126.30573511108354
car_7,-0.23975928127765656,-0.1034097969532013,1432.2798688135604,125.88320861944112
car_7,-0.23966726660728455,-0.10377271473407745,1425.2559714260533,123.3323509627014
car_7,-0.23955081403255463,-0.10427621752023697,1418.2704356862325,120.03639889467969
car_7,-0.2394285351037979,-0.10479801148176193,1411.7454052738035,116.66893228462334
car_7,-0.23930107057094574,-0.10530450195074081,1404.8692652149316,113.33153333856929
car_7,-0.23922616243362427,-0.10551923513412476,1398.6840108212934,111.60897263878334
car_7,-0.2392156571149826,-0.10552127659320831,1396.9687350982936,111.44054763239058
car_7,-0.2392105609178543,-0.1055222600698471,1396.1294693598554,111.35813911027003
car_7,-0.2392081916332245,-0.10552266240119934,1395.7427679993032,111.3201684340401
car_7,-0.23920778930187225,-0.10552269220352173,1395.695602897031,111.31553723536737
car_7,-0.23920764029026031,-0.10552287101745605,1395.6612491286683,111.31216399713021
car_7,-0.23920758068561554,-0.10552282631397247,1395.6538444069465,111.31143691851153
car_7,-0.23920758068561554,-0.1055227741599083,1395.649560259933,111.31101625291332
car_7,-0.23920759558677673,-0.10552289336919785,1395.6486667977592,111.31092852277739
car_7,-0.23920759558677673,-0.10552289336919785,1395.6486667977592,111.31092852277739
car_7,-0.23920759558677673,-0.10552289336919785,1395.6486667977592,111.31092852277739
car_7,-0.23920759558677673,-0.10552289336919785,1395.6486667977592,111.31092852277739
car_7,-0.23920759558677673,-0.10552289336919785,1395.6486667977592,111.31092852277739
car_7,-0.23920759558677673,-0.10552281141281128,1395.6486667977592,111.31092852277739
car_7,-0.23920759558677673,-0.10552281141281128,1395.6486667977592,111.31092852277739
car_7,-0.23920759558677673,-0.10552281141281128,1395.6486667977592,111.31092852277739
car_7,-0.23920759558677673,-0.10552281141281128,1395.6486667977592,111.31092852277739
car_7,-0.23920759558677673,-0.10552281141281128,1395.6486667977592,111.31092852277739
car_7,-0.23920759558677673,-0.10552281141281128,1395.6486667977592,111.31092852277739
car_7,-0.23920759558677673,-0.10552281141281128,1395.6486667977592,111.31092852277739
car_7,-0.23919110000133514,-0.10555191338062286,1393.7765655206208,110.9821888216046
car_7,-0.2391504943370819,-0.10566631704568863,1390.4969414876364,110.06369441967291
car_7,-0.23906169831752777,-0.10599229484796524,1385.9436796321736,107.87918229513896
car_7,-0.2388996183872223,-0.1066378802061081,1380.4446779126922,103.83829889712072
car_7,-0.23881301283836365,-0.10688543319702148,1374.7437051359739,101.94294751273237
car_7,-0.23876875638961792,-0.10689651966094971,1367.924802869348,101.25401909151277
car_7,-0.23873214423656464,-0.10688381642103195,1361.6442843797388,100.74731338771991
car_7,-0.2386942356824875,-0.10687089711427689,1355.2327215663215,100.23003516408922
car_7,-0.23865652084350586,-0.10685846209526062,1348.9856069579052,99.72602445071114
car_7,-0.23861314356327057,-0.10684449225664139,1341.9298959648793,99.15677702147497
car_7,-0.2385687381029129,-0.10683075338602066,1334.8526722404401,98.58579396742864
car_7,-0.23852743208408356,-0.10681826621294022,1328.3938261454593,98.06470097778748
car_7,-0.23849059641361237,-0.10675080120563507,1321.0864579855336,97.7722133778517
car_7,-0.23855209350585938,-0.10622768849134445,1315.3204912965762,100.13553711403824
car_7,-0.2385135143995285,-0.1061757281422615,1308.6238277722348,99.81255931351538
car_7,-0.23846422135829926,-0.10616324841976166,1301.6363545057322,99.24644931210524
car_7,-0.2384202927350998,-0.10615257173776627,1295.4944460271122,98.7488451446359
car_7,-0.2383742779493332,-0.1061415746808052,1289.1912872590358,98.23817682677769
car_7,-0.23832781612873077,-0.10613095760345459,1282.9221061992166,97.73026130950075
car_7,-0.2382798045873642,-0.10611982643604279,1276.563371881998,97.21786364669325
car_7,-0.23823218047618866,-0.10611030459403992,1270.3862288235212,96.71338555918594
car_7,-0.2382044941186905,-0.10610654950141907,1266.893224372056,96.41870822891832
car_7,-0.2381974309682846,-0.10610556602478027,1265.9999215296218,96.3441601274685
car_7,-0.2381964474916458,-0.10610542446374893,1265.8707256927892,96.33339380773243
car_7,-0.23819638788700104,-0.10610545426607132,1265.8688085056754,96.33323404213962
car_7,-0.2381964474916458,-0.10610543936491013,1265.867869110189,96.33315575918242
car_7,-0.2381964474916458,-0.10610543936491013,1265.867869110189,96.33315575918242
car_7,-0.2381964474916458,-0.10610543936491013,1265.867869110189,96.33315575918242
car_7,-0.2381964474916458,-0.10610543936491013,1265.867869110189,96.33315575918242
car_7,-0.2381964474916458,-0.10610543936491013,1265.867869110189,96.33315575918242
car_7,-0.2381964474916458,-0.10610543936491013,1265.867869110189,96.33315575918242
car_7,-0.2381964474916458,-0.10610543936491013,1265.867869110189,96.33315575918242
car_7,-0.2381964474916458,-0.10610543936491013,1265.867869110189,96.33315575918242
car_7,-0.2381964474916458,-0.10610543936491013,1265.867869110189,96.33315575918242
car_7,-0.2381964474916458,-0.10610543936491013,1265.867869110189,96.33315575918242
car_7,-0.2381964474916458,-0.10610543936491013,1265.867869110189,96.33315575918242
car_7,-0.2381964474916458,-0.10610543936491013,1265.867869110189,96.33315575918242
car_7,-0.2381964474916458,-0.10610543936491013,1265.867869110189,96.33315575918242
car_7,-0.2381841093301773,-0.10608640313148499,1263.9559957266051,96.26519120676002
car_7,-0.2381763756275177,-0.10595793277025223,1260.2965037180675,96.6408609873806
car_7,-0.23825182020664215,-0.1053159311413765,1256.6816558018265,99.81075637403615
car_7,-0.2383875697851181,-0.10433436930179596,1255.9214813362198,105.01010994813873
car_7,-0.23855243623256683,-0.10287756472826004,1255.3157041445904,112.65936009330734
car_7,-0.23868809640407562,-0.1011279970407486,1254.595450859842,121.7541190559268
car_7,-0.23876217007637024,-0.09904610365629196,1253.7382967004962,132.57754831078776
car_7,-0.23873835802078247,-0.09691424667835236,1252.8504462137957,143.78858523678267
car_7,-0.23861317336559296,-0.09482555836439133,1251.9620929039131,154.99162941069565
car_7,-0.2383863478899002,-0.0927702784538269,1251.0653876992012,166.29011499006452
car_7,-0.23782649636268616,-0.09072432667016983,1250.4363405043018,174.0765949569812
car_7,-0.23716077208518982,-0.08880957961082458,1246.8842454975447,180.5950196977188
car_7,-0.23659034073352814,-0.08744367957115173,1240.2875009187917,185.00117287449208
car_7,-0.2363460212945938,-0.08705903589725494,1233.2966417890448,185.72452124563137
car_7,-0.2362249344587326,-0.08701162040233612,1226.501187457281,185.18081216208913
car_7,-0.23609638214111328,-0.08696217089891434,1219.3829225498,184.61127477719836
car_7,-0.23597638309001923,-0.08691717684268951,1212.8249293190602,184.08656512346778
car_7,-0.23584668338298798,-0.08686976134777069,1205.8348050466925,183.52728036097434
car_7,-0.23571233451366425,-0.08682185411453247,1198.6922599605489,182.95580030190104
car_7,-0.23572127521038055,-0.08710271120071411,1192.7259288728342,181.23896987962968
car_7,-0.23558926582336426,-0.08705787360668182,1185.826665519759,180.68315339368345
car_7,-0.23544946312904358,-0.0870114341378212,1178.6252467863742,180.10359383406356
car_7,-0.23531846702098846,-0.08696873486042023,1171.974892270411,179.5700132383262
car_7,-0.23519712686538696,-0.08693015575408936,1165.902592523126,179.0828909501061
car_7,-0.23505523800849915,-0.08688612282276154,1158.8864332555345,178.52062252600513
car_7,-0.23491992056369781,-0.08684515953063965,1152.2892619353374,177.99193140309043
car_7,-0.2347937375307083,-0.08680802583694458,1146.222051474496,177.50571084645856
car_7,-0.23464435338974,-0.08676528185606003,1139.124992159018,176.93695916838627
car_7,-0.2345031350851059,-0.0867261067032814,1132.5132399836843,176.40709954941454
car_7,-0.23435811698436737,-0.0866871029138565,1125.8155270799277,175.87035111827913
car_7,-0.23420321941375732,-0.0866466835141182,1118.7555538139882,175.30457148143836
car_7,-0.23406066000461578,-0.08661076426506042,1112.3532822319323,174.79149944076548
car_7,-0.23392032086849213,-0.08657647669315338,1106.129546725568,174.29273511377122
car_7,-0.23377618193626404,-0.08654241263866425,1099.8225045334434,173.78729466710337
car_7,-0.2336246818304062,-0.08650790899991989,1093.2792945967453,173.26292795885846
car_7,-0.23346669971942902,-0.08647307753562927,1086.5467693164667,172.72338969651486
car_7,-0.23329883813858032,-0.08643758296966553,1079.498814437997,172.15857320197534
car_7,-0.23312409222126007,-0.08640209585428238,1072.2687722463093,171.5791644009121
car_7,-0.2329469621181488,-0.08636786043643951,1065.0490779157174,171.0005848677331
car_7,-0.23277559876441956,-0.08633612096309662,1058.1673809532317,170.44909212666744
car_7,-0.23263148963451385,-0.08631425350904465,1052.3863289302913,169.9699070927631
car_7,-0.23253843188285828,-0.08641958236694336,1046.4476454731264,168.96827342174933
car_7,-0.2328629344701767,-0.08739659935235977,1042.0891789385603,164.6868648479034
car_7,-0.23348601162433624,-0.08893197029829025,1041.5734818076683,158.78427516934536
car_7,-0.23439764976501465,-0.09129267930984497,1042.2962811606253,150.2929884988578
car_7,-0.23542334139347076,-0.0941825732588768,1044.444817148775,140.613881230582
car_7,-0.23582608997821808,-0.09619095176458359,1049.0962946800364,130.2860855775947
car_7,-0.23612555861473083,-0.09830217063426971,1054.9923448977545,119.50033690092981
car_7,-0.23629869520664215,-0.10036548227071762,1060.6691438496498,109.10726761773158
car_7,-0.23635977506637573,-0.10230813175439835,1065.9878692921327,99.3509729738677
car_7,-0.236338272690773,-0.1038973331451416,1070.3766625105359,91.30203847846525
car_7,-0.23629938066005707,-0.10478522628545761,1072.9212850910155,86.74994382903766
car_7,-0.23628388345241547,-0.10505437105894089,1073.7180211294824,85.35968782669269
car_7,-0.23627300560474396,-0.10522576421499252,1074.2265134306606,84.47110149634385
car_7,-0.2362728863954544,-0.10522735863924026,1074.2313905169588,84.46256659532233
car_7,-0.2362729161977768,-0.10522790998220444,1074.232973777471,84.45979588942593
car_7,-0.23627294600009918,-0.1052279844880104,1074.2332003577433,84.45939937394932
car_7,-0.23627284169197083,-0.10522808134555817,1074.2333456516383,84.4591451096332
car_7,-0.23627284169197083,-0.10522808134555817,1074.2333456516383,84.4591451096332
car_7,-0.23627284169197083,-0.10522808134555817,1074.2333456516383,84.4591451096332
car_7,-0.23627284169197083,-0.10522808134555817,1074.2333456516383,84.4591451096332
car_7,-0.23627284169197083,-0.10522808134555817,1074.2333456516383,84.4591451096332
car_7,-0.23627284169197083,-0.10522808134555817,1074.2333456516383,84.4591451096332
car_7,-0.23627284169197083,-0.10522808134555817,1074.2333456516383,84.4591451096332
car_7,-0.23627284169197083,-0.10522808134555817,1074.2333456516383,84.4591451096332
car_7,-0.23627284169197083,-0.10522808134555817,1074.2333456516383,84.4591451096332
car_7,-0.23625628650188446,-0.10546860098838806,1074.948378852881,83.20680691852958
car_7,-0.23621903359889984,-0.10594618320465088,1076.3757264168119,80.70221591012267
car_7,-0.23613522946834564,-0.10681856423616409,1079.0239743047819,76.05529037085438
car_7,-0.2360016405582428,-0.10790842026472092,1082.4240085815138,70.08919248904172
car_7,-0.23579876124858856,-0.10920532047748566,1086.6418923426656,62.68800022890743
car_7,-0.2356102019548416,-0.1101798564195633,1089.7293451935964,56.82972708074943
car_7,-0.23537851870059967,-0.11113782227039337,1091.436833662452,50.65202431781748
car_7,-0.23514603078365326,-0.11205936968326569,1095.0265076950063,44.52876875793867
car_7,-0.2348913699388504,-0.11295096576213837,1098.7166130584817,38.23419772487991
car_7,-0.23465177416801453,-0.11370469629764557,1102.0341534932777,32.575146867264
car_7,-0.23452241718769073,-0.11411044001579285,1104.8740003522562,29.468342686046995
car_7,-0.23451538383960724,-0.11420656740665436,1108.1895811989802,28.949925983347043
car_7,-0.23473027348518372,-0.11368544399738312,1109.3949938879452,33.381561403499035
car_7,-0.23489852249622345,-0.11317425221204758,1107.2876620806085,37.25919319345911
car_7,-0.2351440191268921,-0.11235551536083221,1103.837360541014,43.14294418965397
car_7,-0.2353808432817459,-0.11147043108940125,1100.3212960194826,49.138839879883044
car_7,-0.2355787307024002,-0.11063477396965027,1097.1740287009854,54.505830853859024
car_7,-0.2357064038515091,-0.10992912203073502,1092.7786544208795,58.692274918752496
car_7,-0.23579221963882446,-0.10947325825691223,1091.053439270074,61.407867618441344
car_7,-0.2358044981956482,-0.10940664261579514,1090.8295137863834,61.802034494617885
car_7,-0.2358085662126541,-0.10938489437103271,1090.7567615988344,61.930420707939476
car_7,-0.23580963909626007,-0.10937821865081787,1090.7343733597054,61.96992936522599
car_7,-0.23581023514270782,-0.10937553644180298,1090.7253969960514,61.98577000696834
car_7,-0.2358102649450302,-0.1093752384185791,1090.7243705016485,61.98758146767904
car_7,-0.23586376011371613,-0.10908322036266327,1089.8773270190109,63.710193793456135
car_7,-0.23599188029766083,-0.1084214597940445,1089.323795050311,67.64954457674446
car_7,-0.23608319461345673,-0.10817550867795944,1092.956026672804,69.41293384170432
car_7,-0.23613691329956055,-0.10817429423332214,1097.3757759460584,69.79517338901583
car_7,-0.2363174557685852,-0.10763230174779892,1104.1168012163457,73.52905801845833
car_7,-0.23639719188213348,-0.10764167457818985,1110.981213046546,74.05961177693668
car_7,-0.2364693433046341,-0.10765085369348526,1117.3166504750188,74.54928084435664
car_7,-0.23654372990131378,-0.10766049474477768,1123.96021492832,75.06396900751497
car_7,-0.23661725223064423,-0.10766958445310593,1130.6543962088176,75.58807977818684
car_7,-0.23668618500232697,-0.10767850279808044,1137.0452741608428,76.08844387475891
car_7,-0.2367589920759201,-0.10768856108188629,1143.924501585403,76.62704255263118
car_7,-0.23683349788188934,-0.10769936442375183,1151.122709621675,77.19061533371764
car_7,-0.23690281808376312,-0.10770998150110245,1157.9442413658837,77.72469681580056
car_7,-0.2369702309370041,-0.10772085934877396,1164.724832284631,78.2555728980466
car_8,-0.23833931982517242,-0.06910255551338196,1642.4742101979048,314.41765620524376
car_8,-0.23833808302879333,-0.06908465176820755,1641.1590230486845,314.3161959528505
car_8,-0.23833408951759338,-0.06903267651796341,1637.350704739608,314.0224028321818
car_8,-0.2383279651403427,-0.06894908845424652,1631.281757976301,313.55421328917146
car_8,-0.23832125961780548,-0.06885188072919846,1624.2981785187385,313.0154643097636
car_8,-0.23831450939178467,-0.0687473714351654,1616.8675309396037,312.44222621260656
car_8,-0.23830746114253998,-0.06863678991794586,1609.0894129212602,311.8418222551412
car_8,-0.2383008897304535,-0.06853006780147552,1601.5800440276093,311.25500954550307
car_8,-0.23834030330181122,-0.06816808134317398,1594.5171872452374,311.9471202099605
car_8,-0.23833738267421722,-0.06805583834648132,1587.5732430581938,311.45146031316676
car_8,-0.23833447694778442,-0.06793751567602158,1580.3286748033076,310.93434182015926
car_8,-0.23833194375038147,-0.06782055646181107,1573.2509620919443,310.4291335037394
car_8,-0.23832964897155762,-0.06770268827676773,1566.1949205137562,309.92547207642804
car_8,-0.23832781612873077,-0.06759239733219147,1559.664965676624,309.4593628086318
car_8,-0.23832595348358154,-0.06747142970561981,1552.5709442877587,308.9529903760858
car_8,-0.23832423985004425,-0.06734102964401245,1545.0178903153392,308.4138521209955
car_8,-0.2383228987455368,-0.06722487509250641,1538.3533411748772,307.93813548932934
car_8,-0.23832161724567413,-0.06710869073867798,1531.7537916176407,307.46705853877893
car_8,-0.2383204847574234,-0.06697706878185272,1524.3584950219376,306.9391810316088
car_8,-0.23831947147846222,-0.06685897707939148,1517.7918829870785,306.4704551669114
car_8,-0.2383183240890503,-0.0667179524898529,1510.0221427325,305.9158498087802
car_8,-0.23831842839717865,-0.0666467472910881,1506.2885779294975,305.6624807191685
car_8,-0.23831874132156372,-0.06652850657701492,1500.1423566080796,305.2452509464134
car_8,-0.23831938207149506,-0.066378653049469,1492.5321774531476,304.7386398883427
car_8,-0.2383243292570114,-0.06622783094644547,1485.900807232628,304.3802501774673
car_8,-0.23832084238529205,-0.06609638035297394,1478.4079615691542,303.79896377049704
car_8,-0.2383164018392563,-0.06595923006534576,1470.728340530994,303.2019940769655
car_8,-0.2382992058992386,-0.06578807532787323,1463.4659115169607,302.63700770310226
car_8,-0.23828203976154327,-0.0656086876988411,1455.9298568535646,302.0497622641301
car_8,-0.23826706409454346,-0.06544908881187439,1449.2679017722432,301.52787243708934
car_8,-0.23825079202651978,-0.06527090072631836,1441.9026760142785,300.95088920168484
car_8,-0.23823505640029907,-0.06509167701005936,1434.5543760813332,300.3733956649837
car_8,-0.23821747303009033,-0.06491626054048538,1427.0135137896712,299.74518576960656
car_8,-0.23825299739837646,-0.06446033716201782,1420.4830700024752,300.25454518024935
car_8,-0.23826073110103607,-0.06418323516845703,1413.342239440728,300.0815621518173
car_8,-0.23825544118881226,-0.0639655739068985,1405.6420069922797,299.5941254456713
car_8,-0.23825155198574066,-0.06377793103456497,1399.04186985243,299.1734483878715
car_8,-0.2382487654685974,-0.06358828395605087,1392.4296213132018,298.7519993782548
car_8,-0.2381182760000229,-0.06343880295753479,1385.8174451859516,298.32992955873226
car_8,-0.2380048781633377,-0.0634598582983017,1380.1767470280415,297.4171661828939
car_8,-0.23802615702152252,-0.06365011632442474,1373.0711199613959,295.46220805805035
car_8,-0.2377411127090454,-0.06354695558547974,1365.7379771836709,294.9286390438872
car_8,-0.2374420315027237,-0.06341884285211563,1359.0844555184437,294.6234096815377
car_8,-0.2371673434972763,-0.06331799179315567,1352.4871156673332,294.1993494071409
car_8,-0.23687507212162018,-0.06322227418422699,1345.1947087502083,293.66147278762924
car_8,-0.23658157885074615,-0.06312933564186096,1337.9615850742239,293.1279688080018
car_8,-0.2362775355577469,-0.06303652375936508,1330.5514051202474,292.5814054320253
car_8,-0.2359592616558075,-0.0629427582025528,1322.8750174742243,292.01520424164016
car_8,-0.23564304411411285,-0.06285363435745239,1315.3382995958273,291.45898890006106
car_8,-0.23536528646945953,-0.06277864426374435,1308.7790211370316,290.97460308495687
car_8,-0.23505227267742157,-0.06269801408052444,1301.4353866204133,290.42895679101036
car_8,-0.23473967611789703,-0.06262153387069702,1294.1751434263497,289.88950663413954
car_8,-0.2344445139169693,-0.06255282461643219,1287.3764891724952,289.38477436843925
car_8,-0.23417620360851288,-0.06249326467514038,1281.2586555507894,288.93312222187035
car_8,-0.23394562304019928,-0.062444452196359634,1276.0278593948715,288.5469560627086
car_8,-0.23375746607780457,-0.06240648776292801,1271.7861939627028,288.2338129771123
car_8,-0.23348009586334229,-0.062345027923583984,1265.8746528842457,287.85937684811216
car_8,-0.23314273357391357,-0.062264733016490936,1259.106519831939,287.51142970943636
car_8,-0.23277515172958374,-0.062183599919080734,1251.7781399506741,287.13468049497664
car_8,-0.23246978223323822,-0.062121547758579254,1245.722122999424,286.8233429734364
car_8,-0.23215265572071075,-0.06207985058426857,1239.443328624874,286.5005525495375
car_8,-0.23180846869945526,-0.06206066533923149,1232.6406717580337,286.1508305547248
car_8,-0.23146313428878784,-0.062047459185123444,1225.805768568306,285.79000365363595
car_8,-0.23117922246456146,-0.062052298337221146,1219.7645943431262,285.3707012241116
car_8,-0.23089304566383362,-0.06206129863858223,1213.6838676382977,284.94511188883075
car_8,-0.23057642579078674,-0.06207536533474922,1206.9931207808577,284.4804195748229
car_8,-0.23023094236850739,-0.06209629774093628,1199.7145455368232,283.9749008270811
car_8,-0.23009127378463745,-0.06219405680894852,1193.6602363166603,282.8801861888839
car_8,-0.23034390807151794,-0.06249679625034332,1187.6193357131176,280.01043916163997
car_8,-0.23002102971076965,-0.06253217160701752,1180.540857569768,279.43972199890624
car_8,-0.2297399789094925,-0.06256787478923798,1174.3876426709392,278.94123944970744
car_8,-0.2294130176305771,-0.0626152753829956,1167.2424957281478,278.36095277791196
car_8,-0.22910776734352112,-0.06266512721776962,1160.5832228152253,277.81988685373705
car_8,-0.22877570986747742,-0.06272532790899277,1153.3787001018047,277.23941248824883
car_8,-0.22848506271839142,-0.06278345733880997,1147.093539310138,276.73539800097234
car_8,-0.2281966507434845,-0.06284702569246292,1140.8634978262737,276.2358035962652
car_8,-0.22790484130382538,-0.0629180446267128,1134.5419689272815,275.7237510283572
car_8,-0.22761200368404388,-0.06299614906311035,1128.1943906332735,275.20770656624865
car_8,-0.22730885446071625,-0.06308411061763763,1121.620129739592,274.6732332963649
car_8,-0.22699464857578278,-0.06318338960409164,1114.8083846857148,274.11945307506903
car_8,-0.22668389976024628,-0.06328974664211273,1108.081969944283,273.57570806110806
car_8,-0.22639450430870056,-0.0633966326713562,1101.8203447594717,273.0719544592555
car_8,-0.22610962390899658,-0.06350986659526825,1095.6516870402731,272.5756801769526
car_8,-0.2258365899324417,-0.0636262595653534,1089.7309235155737,272.0993492144223
car_8,-0.2255164235830307,-0.06377318501472473,1082.7728410507698,271.5395649730827
car_8,-0.2252040058374405,-0.06392800807952881,1075.968950810521,270.99218564040575
car_8,-0.22485710680484772,-0.06411416828632355,1068.384445644759,270.3799101690902
car_8,-0.22458516061306,-0.06427143514156342,1062.411793040507,269.89651202665976
car_8,-0.2242898941040039,-0.06445331871509552,1055.9172826239471,269.3725227922538
car_8,-0.22398671507835388,-0.06465362757444382,1049.2122088407311,268.82828063919607
car_8,-0.22375956177711487,-0.06481336802244186,1044.1609637755962,268.4163609346688
car_8,-0.22318409383296967,-0.0650777816772461,1036.562522466286,269.0695657670929
car_8,-0.22260232269763947,-0.06537650525569916,1029.6951852162147,270.0740720974415
car_8,-0.2222583144903183,-0.06568657606840134,1022.5498682479478,269.6958566382367
car_8,-0.22195492684841156,-0.06600691378116608,1015.4387685398733,269.1098902440724
car_8,-0.22171272337436676,-0.06627770513296127,1009.7328015880781,268.6397091163675
car_8,-0.22144009172916412,-0.06659966707229614,1003.2734462153772,268.10744753493174
car_8,-0.22124822437763214,-0.06683766096830368,998.6972544726174,267.72870363570706
car_8,-0.2205200046300888,-0.06746919453144073,993.1502821072926,270.4568135831058
car_8,-0.21949593722820282,-0.06865430623292923,988.3865518728406,275.92548926652603
car_8,-0.21871809661388397,-0.06999459117650986,983.657865649413,280.2475385026586
car_8,-0.2184424251317978,-0.07064816355705261,977.370020863038,280.16111740313846
car_8,-0.21837185323238373,-0.07091432809829712,969.894518760436,277.90879970857395
car_8,-0.21830271184444427,-0.07117178291082382,962.7411610663145,275.75338733073494
car_8,-0.2182280421257019,-0.07143853604793549,955.6355587726363,273.6460920531968
car_8,-0.21815256774425507,-0.07170386612415314,948.6659359964418,271.58304719737504
car_8,-0.21807368099689484,-0.07197690010070801,941.571794144954,269.4846614740157
car_8,-0.21799664199352264,-0.07223965972661972,934.8179479510948,267.4874744505495
car_8,-0.2179301381111145,-0.07246330380439758,929.1192702759715,265.80231242923765
car_8,-0.21786154806613922,-0.07269150018692017,923.3517123080052,264.0967817434508
car_8,-0.21777503192424774,-0.07297571003437042,916.2371380542536,261.99292344267997
car_8,-0.2176908254623413,-0.07324834167957306,909.4772834279738,259.993959659288
car_8,-0.21762694418430328,-0.07345213741064072,904.46424949435,258.51155007620736
car_8,-0.2175615429878235,-0.07366301119327545,899.162356252598,256.9176802498252
car_8,-0.21754150092601776,-0.07378213852643967,894.1325188526621,255.06833605543693
car_8,-0.21705107390880585,-0.07485584914684296,889.7364742320856,257.2170515358288
car_8,-0.2164669632911682,-0.07632553577423096,888.0761964742616,261.48561712635745
car_8,-0.21548646688461304,-0.0785088837146759,886.1493448020743,267.98671910314624
car_8,-0.2144060879945755,-0.08064493536949158,884.2509668204736,274.4459394237628
car_8,-0.21323014795780182,-0.08316268771886826,882.1383207515539,281.63420569681034
car_8,-0.21215589344501495,-0.08552099019289017,880.1855072428383,288.27864258984397
car_8,-0.2111489623785019,-0.0876726284623146,878.3461101019371,294.53646012569425
car_8,-0.20995478332042694,-0.09001991152763367,876.1594738990681,301.97446673702837
car_8,-0.20880116522312164,-0.09196766465902328,874.0479006710627,309.1571410244163
car_8,-0.20763753354549408,-0.09355448931455612,871.9371632206593,316.34280640801416
car_8,-0.2064511775970459,-0.09480439871549606,869.8405740816703,323.4890236366597
car_8,-0.20536646246910095,-0.09570417553186417,866.730341543841,329.1437785353304
car_8,-0.2046087235212326,-0.0960785523056984,861.6065539206264,331.4989651704274
car_8,-0.20418862998485565,-0.09629605710506439,854.5755053865256,330.7302386646928
car_8,-0.20395977795124054,-0.09642937034368515,847.1961103231469,328.6050121515947
car_8,-0.20372803509235382,-0.09656521677970886,839.8744078809573,326.4964008064213
car_8,-0.20352093875408173,-0.09668739885091782,833.453736771242,324.6472816906869
car_8,-0.2032950520515442,-0.09682165086269379,826.5809821748549,322.6680885440569
car_8,-0.20304425060749054,-0.09697207808494568,819.1105328188148,320.51901256361407
car_8,-0.20282317698001862,-0.09710591286420822,812.6478025747019,318.659834129525
car_8,-0.2025836855173111,-0.09725228697061539,805.7747442450234,316.6826137690721
car_8,-0.20236529409885406,-0.09738867729902267,799.2967841575107,314.7578158957327
car_8,-0.2021322399377823,-0.09753667563199997,792.3232229877477,312.6524388044769
car_8,-0.20191697776317596,-0.09767533838748932,785.9335303860324,310.7135237691583
car_8,-0.20168115198612213,-0.09782871603965759,779.05419154099,308.6260284307874
car_8,-0.2014227658510208,-0.09799890220165253,771.6695342313968,306.38785068727697
car_8,-0.20118467509746552,-0.09815642982721329,765.1782547508626,304.4548123976716
car_8,-0.20094604790210724,-0.0983162373304367,758.7843362152286,302.5517159753701
car_8,-0.2006796896457672,-0.09849706292152405,751.7630877042398,300.46091474345224
car_8,-0.2004215568304062,-0.09867452085018158,745.0790036674364,298.4705150137576
car_8,-0.2001093477010727,-0.09888111054897308,737.7720776050669,296.29254946116026
car_8,-0.1998205929994583,-0.09907161444425583,731.3040023881708,294.363474396472
car_8,-0.19949080049991608,-0.09929199516773224,724.0494447219286,292.1998343907506
car_8,-0.19919191300868988,-0.09949418902397156,717.5917443948346,290.2738535914419
car_8,-0.1988161951303482,-0.09974050521850586,711.2657838834491,288.677579425979
car_8,-0.19812573492527008,-0.10017362982034683,704.5377698569248,288.0091767090301
car_8,-0.19727765023708344,-0.10072867572307587,696.9194751883166,287.40132216228284
car_8,-0.19639024138450623,-0.10133872926235199,689.2044173611513,286.78574699977503
car_8,-0.19550995528697968,-0.10197270661592484,681.7862018554054,286.1938565282107
car_8,-0.1946885734796524,-0.10258873552083969,675.0578234784937,285.6570073294662
car_8,-0.1937469094991684,-0.10332275927066803,667.5532344367653,285.0583967982458
car_8,-0.19284863770008087,-0.10404907912015915,660.5838908515141,284.5024825059567
car_8,-0.19192172586917877,-0.10482369363307953,653.5703888610715,283.94304588932386
car_8,-0.191200390458107,-0.105440653860569,648.6821838332102,283.7348679133139
car_8,-0.1897028237581253,-0.10673007369041443,644.6093593014854,286.1042196329453
car_8,-0.18751618266105652,-0.10865749418735504,643.6171433821248,291.69528472495153
car_8,-0.18451029062271118,-0.11138951778411865,643.0027063035516,299.3458626021444
car_8,-0.1817971020936966,-0.113949254155159,642.4330480696101,306.4517416151014
car_8,-0.17948688566684723,-0.11615991592407227,641.8415194206741,313.830430733582
car_8,-0.177138552069664,-0.11824197322130203,641.2340660066063,320.9646062451858
car_8,-0.17457298934459686,-0.12040901929140091,639.7955425893603,328.0946162604867
car_8,-0.1723717749118805,-0.12233368307352066,634.0200370255509,331.912938998497
car_8,-0.17145368456840515,-0.12339916080236435,627.4213395526845,331.7732354354535
car_8,-0.17058992385864258,-0.12459072470664978,619.8336888245559,331.20027781942264
car_8,-0.16978462040424347,-0.125749871134758,612.7250037828859,330.6648956823931
car_8,-0.16898486018180847,-0.12695005536079407,605.60760275154,330.12885711099466
car_8,-0.16813288629055023,-0.12828591465950012,597.9397897751824,329.55136492030664
car_8,-0.16733980178833008,-0.12958569824695587,590.7036783824532,329.00638581959896
car_8,-0.16662496328353882,-0.13080687820911407,584.0850690174553,328.50791314775813
car_8,-0.1658109426498413,-0.13225798308849335,576.420030953914,327.93062994631987
car_8,-0.16512565314769745,-0.13353267312049866,569.8483203082425,327.43568939559987
car_8,-0.16435939073562622,-0.1350184977054596,562.3586870344018,326.8716165967332
car_8,-0.16368164122104645,-0.13638877868652344,555.5861871639046,326.3558727574677
car_8,-0.1629776805639267,-0.13787148892879486,548.3734202391726,325.7931746285879
car_8,-0.1623554527759552,-0.13923299312591553,541.8728446522703,325.28925536673574
car_8,-0.16169005632400513,-0.14074429869651794,534.7720595114605,324.74032942322634
car_8,-0.16099649667739868,-0.14238305389881134,527.1856368204589,324.15386128612056
car_8,-0.1601623296737671,-0.14425796270370483,520.5169390463928,323.63833784117503
car_8,-0.1589876115322113,-0.14662905037403107,513.7559115169961,323.11754886351343
car_8,-0.15765556693077087,-0.149111807346344,506.32971405476644,322.5465881000669
car_8,-0.15628576278686523,-0.1514449119567871,498.9346072427142,321.97801773109234
car_8,-0.1549052745103836,-0.15358489751815796,491.7084497787178,321.422436977495
car_8,-0.15338662266731262,-0.15571539103984833,484.0007376099124,320.8298320478914
car_8,-0.15183638036251068,-0.15767516195774078,476.3604204390011,320.2354733846224
car_8,-0.15037959814071655,-0.15934595465660095,469.2796612819691,319.63032717715765
car_8,-0.14888162910938263,-0.1609116643667221,462.1642239619642,319.0048358837102
car_8,-0.14730298519134521,-0.16241653263568878,454.8716642529796,318.3638857303669
car_8,-0.14552628993988037,-0.16410395503044128,447.29353059985795,317.7005477713403
car_8,-0.14374011754989624,-0.16578438878059387,439.8702230161639,317.0507622268791
car_8,-0.14193466305732727,-0.16746073961257935,432.5026355855872,316.4058433077421
car_8,-0.14013877511024475,-0.16910825669765472,425.28670873260256,315.7725749003208
car_8,-0.13846424221992493,-0.17062623798847198,418.6427606251849,315.1895032419331
car_8,-0.13668344914913177,-0.17221949994564056,411.64286892460666,314.57519403957286
car_8,-0.1354241818189621,-0.17346960306167603,406.58624746748563,314.1314258747447
car_8,-0.13512879610061646,-0.1737983226776123,405.3638618419607,314.02326210990805
car_8,-0.13498219847679138,-0.17396005988121033,404.7578770231706,313.96963513479386
car_8,-0.13486848771572113,-0.17408481240272522,404.2883843692687,313.92808711232465
car_8,-0.13484179973602295,-0.1741139441728592,404.1782748601651,313.9183429079792
car_8,-0.13484159111976624,-0.1741141378879547,404.1775742901397,313.91828091063184
car_8,-0.13484150171279907,-0.17411430180072784,404.1771153186375,313.91824029368473
car_8,-0.13484150171279907,-0.17411430180072784,404.1771153186375,313.91824029368473
car_8,-0.13484150171279907,-0.17411430180072784,404.1771153186375,313.91824029368473
car_8,-0.13484150171279907,-0.17411430180072784,404.1771153186375,313.91824029368473
car_8,-0.13484150171279907,-0.17411430180072784,404.1771153186375,313.91824029368473
car_8,-0.13484150171279907,-0.17411430180072784,404.1771153186375,313.91824029368473
car_8,-0.13484150171279907,-0.17411430180072784,404.1771153186375,313.91824029368473
car_8,-0.13484150171279907,-0.17411430180072784,404.1771153186375,313.91824029368473
car_8,-0.13484150171279907,-0.17411430180072784,404.1771153186375,313.91824029368473
car_8,-0.13426101207733154,-0.17464107275009155,402.50049633119755,314.32418448640175
car_8,-0.13254573941230774,-0.17589382827281952,400.29334440906143,317.56221596462365
car_8,-0.12885843217372894,-0.1768234372138977,399.32510054640505,323.5043754476747
car_8,-0.12434463948011398,-0.17745228111743927,399.09674392185224,331.32289910217594
car_8,-0.11946073174476624,-0.17765504121780396,399.63132694078297,341.06497122347946
car_8,-0.11524491757154465,-0.1772995889186859,400.2994043274633,350.6822562570234
car_8,-0.11099863052368164,-0.17620617151260376,400.78654548512344,361.98243046951416
car_8,-0.10750244557857513,-0.17347262799739838,400.950030434184,374.3703706418794
car_8,-0.10513543337583542,-0.16902194917201996,401.28040861074066,387.251168693578
car_8,-0.1038338765501976,-0.16563625633716583,401.5871594998923,395.6376021970277
car_8,-0.1031399667263031,-0.163994699716568,403.0442745745562,400.7579954672565
car_8,-0.10341048240661621,-0.16567936539649963,408.3905744052377,402.4629712250333
car_8,-0.10378675162792206,-0.16821524500846863,414.97451891827427,403.15881623932273
car_8,-0.10390477627515793,-0.17022064328193665,421.9757165780105,405.1294740774869
car_8,-0.10397642850875854,-0.17203673720359802,428.86377533539616,407.0682862121651
car_8,-0.10405625402927399,-0.17376400530338287,436.05911130929655,409.09358901381825
car_8,-0.10417689383029938,-0.17523884773254395,442.8851000928367,411.0149300404921
car_8,-0.10439611226320267,-0.17666295170783997,450.3340085481592,413.11160700158814
car_8,-0.10482360422611237,-0.17746183276176453,457.071980078548,415.0358928266775
car_8,-0.10528884828090668,-0.17810387909412384,463.49199841253505,416.93603936225253
car_8,-0.10586424171924591,-0.17870685458183289,470.39673872279536,418.9796500962172
car_8,-0.10647875815629959,-0.1791871190071106,476.8551186331089,420.8911505894546
car_8,-0.10724174976348877,-0.17961856722831726,483.9329577166034,422.9859937369674
car_8,-0.10808902978897095,-0.1799447238445282,490.91085384018527,425.0512565532173
car_8,-0.10898113995790482,-0.18016129732131958,497.53057239640395,427.01050879000474
car_8,-0.11006848514080048,-0.1802937239408493,504.85809648316433,429.17925174110985
car_8,-0.1111111268401146,-0.1803160458803177,511.31344400023266,431.0898547304431
car_8,-0.11239466816186905,-0.18023282289505005,518.6838388906691,433.27128624485823
car_8,-0.11373959481716156,-0.1800401210784912,525.8913156208846,435.4044985234984
car_8,-0.11520609259605408,-0.17972931265830994,533.2998565943969,437.59722021557843
car_8,-0.1165158748626709,-0.17937718331813812,539.6145408228886,439.46619079102015
car_8,-0.11801271140575409,-0.17890092730522156,546.5686221960569,441.52440510473633
car_8,-0.11964733153581619,-0.17830276489257812,553.9251979802898,443.70174654877917
car_8,-0.12103849649429321,-0.1776590645313263,560.6380757000069,445.6885713021187
car_8,-0.12181088328361511,-0.17691713571548462,567.0083954905416,447.57400845366215
car_8,-0.12263841181993484,-0.17610830068588257,573.6851653332259,449.5248601242219
car_8,-0.12346598505973816,-0.17528247833251953,580.3470868869082,451.4709053092581
car_8,-0.1245482936501503,-0.17418426275253296,587.162857931861,453.46189219156514
car_8,-0.12539592385292053,-0.1732606589794159,593.6477888045921,455.7677386381129
car_8,-0.1260337382555008,-0.17259293794631958,599.7268354737774,458.22906248586213
car_8,-0.12668181955814362,-0.17192226648330688,606.0996167598208,460.8432913229618
car_8,-0.12734892964363098,-0.17123202979564667,612.9679569392912,463.71983255750547
car_8,-0.12828361988067627,-0.1703876554965973,619.6353003681073,465.7771652968561
car_8,-0.1292484700679779,-0.16953939199447632,626.38309155698,467.76945669177866
car_8,-0.13028877973556519,-0.1686413735151291,633.8190375925288,469.9649264218085
car_8,-0.13115118443965912,-0.16791054606437683,640.1097715460775,471.81614500806484
car_8,-0.13204878568649292,-0.16716238856315613,646.8027960119371,473.78236179138554
car_8,-0.13285838067531586,-0.16649487614631653,653.09783557594,475.6696286683325
car_8,-0.13368527591228485,-0.16582196950912476,659.714616866745,477.6613178643435
car_8,-0.1344946175813675,-0.16517627239227295,666.1982989858762,479.55783670909597
car_8,-0.13528496026992798,-0.16455432772636414,672.6259220901879,481.4126014350369
car_8,-0.1360977590084076,-0.16392040252685547,679.4160592546589,483.37197377105844
car_8,-0.1368435025215149,-0.16334222257137299,685.8147733168803,485.21812401513046
car_8,-0.13758733868598938,-0.1627674251794815,692.3580965230265,487.10442755457166
car_8,-0.1383313238620758,-0.16220146417617798,699.1017368755882,489.0484783472648
car_8,-0.1390087902545929,-0.16176488995552063,705.6527685625015,490.9370040808566
car_8,-0.13971029222011566,-0.161300390958786,712.5890659356866,492.9365938723812
car_8,-0.14037929475307465,-0.16084536910057068,719.1796561627312,494.7825053185938
car_8,-0.14066505432128906,-0.160648912191391,721.8487258805568,495.47018655808705
car_8,-0.14074404537677765,-0.16059401631355286,722.5890703366864,495.6604620024194
car_8,-0.14074410498142242,-0.1605939120054245,722.5903832268999,495.66079942747433
car_8,-0.14074410498142242,-0.1605939120054245,722.5903832268999,495.66079942747433
car_8,-0.1407441943883896,-0.1605938971042633,722.5905480940808,495.6608417998806
car_8,-0.1407441943883896,-0.1605938971042633,722.5905480940808,495.6608417998806
car_8,-0.1407441943883896,-0.1605938971042633,722.5905480940808,495.6608417998806
car_8,-0.1407441943883896,-0.1605938971042633,722.5905480940808,495.6608417998806
car_8,-0.1407441943883896,-0.1605938971042633,722.5905480940808,495.6608417998806
car_8,-0.1407441943883896,-0.1605938971042633,722.5905480940808,495.6608417998806
car_8,-0.1407441943883896,-0.1605938971042633,722.5905480940808,495.6608417998806
car_8,-0.1407441943883896,-0.1605938971042633,722.5905480940808,495.6608417998806
car_8,-0.14097920060157776,-0.1604289710521698,724.7991837725779,496.22678839328415
car_8,-0.1413896083831787,-0.16013476252555847,728.683464188883,497.21977666457707
car_8,-0.14203888177871704,-0.15965121984481812,734.9183359886932,498.81367666835587
car_8,-0.14268788695335388,-0.15914234519004822,741.2603322312287,500.4349622632336
car_8,-0.14335256814956665,-0.15859003365039825,747.898802378233,502.14272964413817
car_8,-0.1439024806022644,-0.15809351205825806,754.2623720746942,504.03744710674073
car_8,-0.14439351856708527,-0.15761709213256836,760.5817738882041,506.0752518824593
car_8,-0.14490878582000732,-0.15708987414836884,767.316536633046,508.2469972611801
car_8,-0.1453530639410019,-0.1565960943698883,774.0210219090568,510.61535616513726
car_8,-0.14581306278705597,-0.1560557782649994,781.143303251098,513.146829928458
car_8,-0.146257683634758,-0.1555042266845703,788.1347874419229,515.6318144363394
car_8,-0.14665400981903076,-0.154987633228302,794.3882848908329,517.8400363275192
car_8,-0.1470695286989212,-0.15442682802677155,800.5889101921006,519.9344853462036
car_8,-0.14752352237701416,-0.15377981960773468,807.4477755309745,522.2515974894633
car_8,-0.1479429453611374,-0.1531480848789215,813.8623206690106,524.4186061269694
car_8,-0.1483559012413025,-0.15249258279800415,820.2470080814714,526.5755280088559
car_8,-0.14875394105911255,-0.15182732045650482,826.4679358046094,528.6771273926383
car_9,-0.15924230217933655,-0.12092167139053345,1205.8436282776981,652.059393623323
car_9,-0.1596357524394989,-0.12047290056943893,1205.616623745006,649.9139556974125
car_9,-0.16048887372016907,-0.11953210830688477,1205.921884126461,645.7089192103962
car_9,-0.1619051694869995,-0.11811377108097076,1206.41782905453,638.9212807831001
car_9,-0.1642112135887146,-0.11652959138154984,1207.0661522770788,629.9623295070224
car_9,-0.16756069660186768,-0.11478951573371887,1208.2738676188462,619.1457459282088
car_9,-0.17131350934505463,-0.11292795091867447,1211.2582590835548,607.9456682480077
car_9,-0.17473064363002777,-0.11133834719657898,1211.98634297186,596.8142801339691
car_9,-0.1767740249633789,-0.11042138189077377,1212.4810830481647,590.1740431602399
car_9,-0.17812691628932953,-0.10982580482959747,1212.8987480570652,585.8126377704664
car_9,-0.178142711520195,-0.10981899499893188,1212.9035748536162,585.7615038945031
car_9,-0.17814989387989044,-0.10981585085391998,1212.905785809745,585.7380815780127
car_9,-0.1781504899263382,-0.10981573164463043,1212.905900958548,585.7368617203821
car_9,-0.1781504601240158,-0.10981568694114685,1212.905920011695,585.7366598761085
car_9,-0.1781504601240158,-0.10981568694114685,1212.905920011695,585.7366598761085
car_9,-0.1781504601240158,-0.10981568694114685,1212.905920011695,585.7366598761085
car_9,-0.1787949949502945,-0.10953499376773834,1213.1036518350718,583.65616233327
car_9,-0.1798575222492218,-0.10907615721225739,1213.4319164304327,580.2236564556935
car_9,-0.18170611560344696,-0.10827548056840897,1213.9961835679019,574.3233848660707
car_9,-0.18479497730731964,-0.10675173252820969,1214.7935992844014,566.0135901069252
car_9,-0.18843041360378265,-0.10501328855752945,1215.6394060167006,555.6032149594183
car_9,-0.19196341931819916,-0.1033407524228096,1216.397233866711,544.628734911243
car_9,-0.19483785331249237,-0.1019548550248146,1215.309022694354,534.1253478274688
car_9,-0.197804793715477,-0.10046502947807312,1215.168329690012,522.7457981581281
car_9,-0.20066572725772858,-0.09894195199012756,1216.1628606968327,511.03879741543847
car_9,-0.20303089916706085,-0.0975995808839798,1217.0834592053088,500.19299623745513
car_9,-0.20533816516399384,-0.09622207283973694,1218.4539074872303,488.40108734387826
car_9,-0.20703881978988647,-0.09521599113941193,1220.3795669244867,477.0828107487591
car_9,-0.2083469182252884,-0.09435971081256866,1220.6052301693346,466.50501680816905
car_9,-0.20974673330783844,-0.09297430515289307,1221.452014279233,455.01662559266066
car_9,-0.2110956609249115,-0.09095481783151627,1222.3003031002559,443.50781983481113
car_9,-0.2123853713274002,-0.08826939761638641,1223.1458566961005,432.03612310692876
car_9,-0.21364280581474304,-0.08489067852497101,1223.9935062223785,420.5359907146368
car_9,-0.21478396654129028,-0.08123999089002609,1224.7873619269376,409.76568362451803
car_9,-0.21594356000423431,-0.0771135687828064,1225.6247675120921,398.40453164274334
car_9,-0.21662618219852448,-0.0745982676744461,1226.1313353188125,391.5316870562883
car_9,-0.21708284318447113,-0.0729280337691307,1225.3269628824776,386.4480567872943
car_9,-0.2171756476163864,-0.07257900387048721,1220.1041904273332,383.46891151122605
car_9,-0.21702927350997925,-0.07308131456375122,1214.8008875441355,382.93994002284546
car_9,-0.21683701872825623,-0.07373892515897751,1208.3126415128636,382.40492972269965
car_9,-0.2166588455438614,-0.07434387505054474,1202.3849655922247,381.91614312949974
car_9,-0.216480553150177,-0.07494466006755829,1196.530618091681,381.4334030795189
car_9,-0.21626952290534973,-0.07564909756183624,1189.702958992855,380.87040532540317
car_9,-0.2160583883523941,-0.07634507119655609,1182.9835782246776,380.31633602774554
car_9,-0.21599744260311127,-0.07651865482330322,1177.3936455713888,378.704556972875
car_9,-0.21578174829483032,-0.07721609622240067,1170.697878491387,378.15530588893404
car_9,-0.21557416021823883,-0.0778777152299881,1164.354769710578,377.63498322361613
car_9,-0.2153654545545578,-0.07853282988071442,1158.0743815163935,377.11980550282465
car_9,-0.21515049040317535,-0.07919661700725555,1151.7026845812832,376.5966303003734
car_9,-0.21491418778896332,-0.07991312444210052,1144.8044436440473,376.0291092028585
car_9,-0.21468456089496613,-0.08059470355510712,1138.213109741467,375.4868374723528
car_9,-0.2144508808851242,-0.08127503842115402,1131.6024862306574,374.94297877790484
car_9,-0.21423251926898956,-0.0818965807557106,1125.5202096204262,374.44258739861925
car_9,-0.21402037143707275,-0.0824873223900795,1119.694843803409,373.9633321751529
car_9,-0.21379990875720978,-0.08308820426464081,1113.7173857874902,373.4715642644045
car_9,-0.21356578171253204,-0.08371049165725708,1107.4579605894899,372.95659879849757
car_9,-0.21330825984477997,-0.08437614142894745,1100.672603386608,372.39836469188293
car_9,-0.21303488314151764,-0.08506068587303162,1093.5781013977594,371.8146971175453
car_9,-0.21280530095100403,-0.08561830967664719,1087.7010519279365,371.33155189900134
car_9,-0.2125522643327713,-0.08621393889188766,1081.3064327340942,370.80614710280133
car_9,-0.21229492127895355,-0.08679918199777603,1074.886957980286,370.27870008484854
car_9,-0.2120501548051834,-0.08733657002449036,1068.8581178548843,369.7833490058571
car_9,-0.2117760330438614,-0.08791585266590118,1062.1892555627421,369.23541141531797
car_9,-0.21151188015937805,-0.08845139294862747,1055.8441666203735,368.71407620182373
car_9,-0.2112201303243637,-0.08901755511760712,1048.922687898563,368.14538274143166
car_9,-0.21094806492328644,-0.08952073007822037,1042.5529305538587,367.6220206837253
car_9,-0.21073366701602936,-0.08990080654621124,1037.5877838650113,367.2133338952318
car_9,-0.21046411991119385,-0.09035758674144745,1031.281169706641,366.64948744254974
car_9,-0.21017776429653168,-0.09081849455833435,1024.6674441963028,366.057829612568
car_9,-0.20998744666576385,-0.09109262377023697,1018.0430333808047,364.668332331705
car_9,-0.209695503115654,-0.09152176231145859,1011.4195188332667,364.05966076765526
car_9,-0.20937953889369965,-0.09195917844772339,1004.3548611089883,363.4104501053021
car_9,-0.2090936154127121,-0.09233175963163376,998.0576994252236,362.8317689197137
car_9,-0.2087785303592682,-0.09271818399429321,991.2241820036758,362.2037990244138
car_9,-0.20850475132465363,-0.09303433448076248,985.3834713148887,361.6674551500449
car_9,-0.20821116864681244,-0.09335477650165558,979.2163509730917,361.1014565871046
car_9,-0.20791639387607574,-0.09365836530923843,973.1261551399842,360.54177489107906
car_9,-0.2076616734266281,-0.09390728920698166,967.945609584578,360.06433054434143
car_9,-0.20753802359104156,-0.09402353316545486,965.3603652972489,359.79050038061956
car_9,-0.2076016068458557,-0.0939558818936348,964.5932401718312,358.9829606873249
car_9,-0.20778797566890717,-0.09376659989356995,966.04674706335,358.28520761843856
car_9,-0.20798273384571075,-0.09357143193483353,970.0079745725523,358.6464783676684
car_9,-0.20829124748706818,-0.09324653446674347,976.3790857100315,359.2282127120073
car_9,-0.20861215889453888,-0.09288694709539413,983.133574767633,359.8481180954142
car_9,-0.20894189178943634,-0.0924924910068512,990.1988144910716,360.49713137002425
car_9,-0.2092204988002777,-0.09213807433843613,996.2722517129511,361.0571228698043
car_9,-0.20949892699718475,-0.09176356345415115,1002.4261241968967,361.62453077340876
car_9,-0.20976385474205017,-0.09138767421245575,1008.3600162479441,362.17165573540365
car_9,-0.21006695926189423,-0.09093290567398071,1015.2439780842652,362.8063803521763
car_9,-0.21027636528015137,-0.09059759974479675,1019.4198231115968,362.97153920565364
car_9,-0.21060989797115326,-0.09001835435628891,1024.270941292969,362.4203618848403
car_9,-0.2111952304840088,-0.0888577401638031,1027.4066782018765,359.0634050952937
car_9,-0.21190692484378815,-0.0872548371553421,1028.0486469095,353.5708466521852
car_9,-0.21278245747089386,-0.085069939494133,1028.5709311019216,346.65820568934845
car_9,-0.21393117308616638,-0.0819554477930069,1029.2617211949353,337.5153214838232
car_9,-0.21535860002040863,-0.07796955108642578,1030.1246484800995,326.09413243401093
car_9,-0.21685849130153656,-0.07409513741731644,1031.0154553513419,314.3039458699209
car_9,-0.2181714028120041,-0.07069946080446243,1031.8390189335298,303.4037512319503
car_9,-0.2195301651954651,-0.0675935298204422,1032.7293680785913,291.6196228576229
car_9,-0.22120404243469238,-0.06578797847032547,1033.6043267826626,279.8371108837383
car_9,-0.2231733351945877,-0.0651523619890213,1034.3663719594858,268.4187185624186
car_9,-0.22551710903644562,-0.06541123986244202,1035.1300685391109,256.76630067739467
car_9,-0.2279575765132904,-0.06630071997642517,1035.8926282600148,245.8475721040672
car_9,-0.2305125594139099,-0.06779266893863678,1036.6563775597585,235.07376522713892
car_9,-0.23310650885105133,-0.0699751228094101,1037.3512508862186,224.43024852238082
car_9,-0.23308396339416504,-0.07363033294677734,1038.103529115476,212.9074491935934
car_9,-0.23273281753063202,-0.07687899470329285,1038.847429972335,201.51296778934216
car_9,-0.23242855072021484,-0.08022216707468033,1039.5992663007412,189.99693714617428
car_9,-0.23218484222888947,-0.08341509103775024,1040.309116720919,179.11222044332675
car_9,-0.2320607453584671,-0.08530513197183609,1040.9882344240068,172.75349683446717
car_9,-0.23259970545768738,-0.08667868375778198,1044.1781056966233,167.71414875806053
car_9,-0.23293645679950714,-0.0871196836233139,1050.3191071127053,166.57572415785302
car_9,-0.23308958113193512,-0.08713831007480621,1056.6308016937387,167.1251159496052
car_9,-0.23323647677898407,-0.08716708421707153,1062.5751084989133,167.60148712252834
car_9,-0.23339860141277313,-0.08720004558563232,1069.2220133360888,168.13416384285466
car_9,-0.23354700207710266,-0.08723153173923492,1075.3955742046512,168.6289072214282
car_9,-0.23368598520755768,-0.08726198971271515,1081.2460254040056,169.09775689411669
car_9,-0.23383085429668427,-0.08729486912488937,1087.4241287611483,169.59286430346518
car_9,-0.23398658633232117,-0.08733142912387848,1094.1556604959412,170.13232294400527
car_9,-0.2341269999742508,-0.08736563473939896,1100.3077697064678,170.6253472068207
car_9,-0.23427774012088776,-0.08740346133708954,1107.0049495839344,171.1620529217291
car_9,-0.2344224900007248,-0.08744092285633087,1113.5240719642145,171.68448927579146
car_9,-0.2345629781484604,-0.08747855573892593,1119.9339747198644,172.19817287155982
car_9,-0.23471230268478394,-0.08751976490020752,1126.8375775154875,172.7514211255503
car_9,-0.23485024273395538,-0.08755908906459808,1133.3129314426124,173.27034991682194
car_9,-0.23498207330703735,-0.08759759366512299,1139.5781298907011,173.77243704508294
car_9,-0.23511271178722382,-0.08763681352138519,1145.8722016704521,174.27683805506655
car_9,-0.23523539304733276,-0.08767464011907578,1151.847942110092,174.75572828997795
car_9,-0.23536865413188934,-0.08771684020757675,1158.4371768663352,175.28378338410013
car_9,-0.23549509048461914,-0.08775777369737625,1164.7602385559326,175.79050761827273
car_9,-0.23562490940093994,-0.08780092746019363,1171.3461058309204,176.3187028748368
car_9,-0.23575198650360107,-0.08784419298171997,1177.8826638132591,176.84315318705944
car_9,-0.2358817309141159,-0.08788979053497314,1184.637423316158,177.38372908146823
car_9,-0.23599864542484283,-0.08793195337057114,1190.8005523128425,177.8760500368247
car_9,-0.23624008893966675,-0.08830498158931732,1197.389401698784,177.17555139324142
car_9,-0.23634885251522064,-0.08834652602672577,1203.3028555399796,177.64856442120222
car_9,-0.23646150529384613,-0.0883905291557312,1209.50715259131,178.1448417936869
car_9,-0.23657701909542084,-0.08843657374382019,1215.9478966852312,178.66003239938044
car_9,-0.23668277263641357,-0.08847972750663757,1221.9185829082448,179.13762340544815
car_9,-0.23679010570049286,-0.08852434158325195,1228.056653279909,179.62860335224525
car_9,-0.2368786334991455,-0.08856171369552612,1233.169511894879,180.03757732920513
car_9,-0.23690621554851532,-0.0885733887553215,1234.7832469860396,180.16723886835126
car_9,-0.23691101372241974,-0.08857510983943939,1235.073530707543,180.19248093109067
car_9,-0.23691438138484955,-0.08857619762420654,1235.2770314823345,180.21017665063778
car_9,-0.23691445589065552,-0.08857620507478714,1235.2832462011854,180.21071706097263
car_9,-0.23691461980342865,-0.08857625722885132,1235.2863928112276,180.21099067923717
car_9,-0.23690536618232727,-0.0884442925453186,1237.7586155865822,180.96558135166504
car_9,-0.23683243989944458,-0.08808092027902603,1241.4033694624336,182.71351959042565
car_9,-0.23652340471744537,-0.08703289926052094,1245.8386475497996,187.16967408886316
car_9,-0.23594532907009125,-0.08541763573884964,1248.1017841895562,193.76746035925783
car_9,-0.23521511256694794,-0.08366117626428604,1247.5464473882375,200.96156361320587
car_9,-0.23481038212776184,-0.08141593635082245,1246.8557654667609,209.92622703746937
car_9,-0.23505143821239471,-0.0784030556678772,1245.983954973553,221.27195660292264
car_9,-0.23534509539604187,-0.07545620203018188,1245.122090994958,232.48824236631694
car_9,-0.235717311501503,-0.0724785327911377,1244.2489007150684,243.85192845634938
car_9,-0.23618026077747345,-0.06945953518152237,1243.3639242270096,255.36900009465165
car_9,-0.23655329644680023,-0.066480353474617,1242.6487156833682,265.0504322560974
car_9,-0.2347252517938614,-0.06405636668205261,1241.9137251340385,275.7129841213564
car_9,-0.2320093959569931,-0.061959393322467804,1240.8434034288573,287.53695688539773
car_9,-0.2294158637523651,-0.06062637269496918,1239.7840062234047,299.13375895896274
car_9,-0.2270180732011795,-0.0596938394010067,1238.697339560248,310.4938292567983
car_9,-0.22500266134738922,-0.05925111472606659,1237.923679591191,321.08854555889434
car_9,-0.22311535477638245,-0.0593901164829731,1237.089126994741,332.51714255525275
car_9,-0.22164413332939148,-0.06028628721833229,1236.3061600681572,343.23931094040444
car_9,-0.2204025238752365,-0.062215834856033325,1235.48717137368,354.4547715040221
car_9,-0.21939726173877716,-0.06528972089290619,1234.667780326147,365.67574200307905
car_9,-0.21830011904239655,-0.06877649575471878,1233.8039627193502,376.98477987517384
car_9,-0.21721741557121277,-0.07246948033571243,1232.9296118540738,387.9652641183218
car_9,-0.21613608300685883,-0.07646384835243225,1232.0975302847091,398.9908861920117
car_9,-0.21497996151447296,-0.0806448757648468,1231.2530180165,410.4454336295113
car_9,-0.21382327377796173,-0.08443021774291992,1230.4403142992471,421.4685455869565
car_9,-0.2125956267118454,-0.08783160150051117,1229.6058666436245,432.7865815886206
car_9,-0.21141524612903595,-0.09042506664991379,1228.8248260681373,443.380230324476
car_9,-0.21014629304409027,-0.09249667823314667,1228.0138995272982,454.3792375385057
car_9,-0.20873118937015533,-0.09410911798477173,1227.159577825337,465.96683529211793
car_9,-0.2072715312242508,-0.09509418159723282,1225.7449156842627,477.6215517303762
car_9,-0.20573563873767853,-0.09602592885494232,1226.058201182093,489.05029077500944
car_9,-0.20369622111320496,-0.09724811464548111,1225.4585315801269,500.44269541224844
car_9,-0.20144131779670715,-0.09854773432016373,1224.6487479012155,511.23163149794436
car_9,-0.19877959787845612,-0.09998734295368195,1223.7946126165689,522.6096870891746
car_9,-0.19581454992294312,-0.10148850828409195,1222.2454430358587,533.6512120188014
car_9,-0.19238372147083282,-0.10314219444990158,1219.5974081434692,544.6725794354887
car_9,-0.18872305750846863,-0.10487030446529388,1218.8109554319635,556.1572591523421
car_9,-0.18564684689044952,-0.10633067786693573,1218.0921346050823,565.0715460945731
car_9,-0.184040829539299,-0.10710643976926804,1217.6668803117727,569.5014984807581
car_9,-0.184006005525589,-0.10712338984012604,1217.657731205511,569.5963877828417
car_9,-0.18400071561336517,-0.10712597519159317,1217.6563247305562,569.6109749373729
car_9,-0.1839996725320816,-0.10712650418281555,1217.656053075369,569.6137923897437
car_9,-0.1839996725320816,-0.10712650418281555,1217.656053075369,569.6137923897437
car_9,-0.1839996725320816,-0.10712650418281555,1217.656053075369,569.6137923897437
car_9,-0.1839996725320816,-0.10712650418281555,1217.656053075369,569.6137923897437
car_9,-0.1839996725320816,-0.10712650418281555,1217.656053075369,569.6137923897437
car_9,-0.1834886223077774,-0.10737617313861847,1217.523072405968,570.9989526875045
car_9,-0.18218906223773956,-0.1080179363489151,1217.1928425391586,574.4772132554302
car_9,-0.18035449087619781,-0.10884521901607513,1216.6640107858648,580.0473170510753
car_9,-0.1780676245689392,-0.10983070731163025,1215.9566641573265,587.4369954747358
car_9,-0.17527003586292267,-0.11106882244348526,1215.2151478698083,596.5120476811553
car_9,-0.17207835614681244,-0.11253536492586136,1214.5769181029739,606.9405799459292
car_9,-0.16904528439044952,-0.1139751672744751,1215.434089376092,617.5381675101934
car_9,-0.1658148616552353,-0.11558996886014938,1215.3974747224104,628.445892606302
car_9,-0.16264192759990692,-0.11729774624109268,1214.6358624683157,639.1364137065956
car_9,-0.1603919416666031,-0.11946366727352142,1213.8781767011901,649.874122103334
car_9,-0.15816611051559448,-0.12207412719726562,1212.484822017483,660.8411871529597
car_9,-0.15610358119010925,-0.12497708201408386,1210.7791793048207,671.6633322349231
car_9,-0.15413857996463776,-0.1282346248626709,1208.98885336496,683.0227845524178
car_9,-0.15250739455223083,-0.1313057839870453,1208.1492044053168,693.9155208551124
car_9,-0.15097294747829437,-0.13450689613819122,1207.3475976616326,705.443891524153
car_9,-0.14964042603969574,-0.1374989002943039,1206.5644012386795,716.7074927121474
car_9,-0.14847590029239655,-0.1402435004711151,1205.7987616804833,727.7825123449891
car_9,-0.14741450548171997,-0.14285224676132202,1205.0130167785958,739.2474956203881
car_9,-0.14544539153575897,-0.14689898490905762,1204.197586092703,751.0254543508519
car_9,-0.1428895890712738,-0.15087372064590454,1203.4341084151015,762.0530116086144
car_9,-0.14042070508003235,-0.15378126502037048,1202.6435594521927,773.4715824578996
car_9,-0.13820195198059082,-0.15577039122581482,1201.8744420368946,784.5805992424989
car_9,-0.13657815754413605,-0.15693709254264832,1201.2666512685767,793.3232148033542
car_9,-0.1346968710422516,-0.15805268287658691,1200.3838297633736,804.1039218878145
car_9,-0.13294723629951477,-0.15890321135520935,1199.4564091241045,814.8034273682255
car_9,-0.13118652999401093,-0.15960082411766052,1198.4789091582386,826.1625235112062
car_9,-0.13012902438640594,-0.15994933247566223,1197.9017869722802,833.1936098137498
car_9,-0.12953825294971466,-0.16012507677078247,1197.1908904637805,836.9157728281185
car_9,-0.1287057101726532,-0.160602867603302,1193.7136264546402,840.5438461307934
car_9,-0.12796783447265625,-0.16099748015403748,1187.1700206341905,841.411165885568
car_9,-0.1274167001247406,-0.16126912832260132,1180.9295973593955,841.0299664466163
car_9,-0.1266421228647232,-0.16161388158798218,1172.3046205470112,840.313825886559
car_9,-0.12562492489814758,-0.16202279925346375,1161.804596299731,839.4425110705773
car_9,-0.1243869885802269,-0.16249722242355347,1150.174722492587,838.4774388843119
car_9,-0.12309059500694275,-0.1630098819732666,1139.1720984510803,837.5630057148635
car_9,-0.12083570659160614,-0.16396167874336243,1127.4593681469573,839.7982340849723
car_9,-0.11911364644765854,-0.16485324501991272,1116.1507400213195,838.8629053111347
car_9,-0.11732593178749084,-0.16589772701263428,1105.5461996115175,837.9814632411161
car_9,-0.11521748453378677,-0.16726866364479065,1094.2006041397394,837.0384251864924
car_9,-0.1128617599606514,-0.16885073482990265,1083.505306422068,836.1494394317666
car_9,-0.10953423380851746,-0.17123840749263763,1071.7909903394095,836.6677802834148
car_9,-0.1068343073129654,-0.17333191633224487,1060.4234344921176,835.8346376275524
car_9,-0.103951096534729,-0.17550769448280334,1048.6403725260363,834.8557881431987
car_9,-0.1000330001115799,-0.17802694439888,1037.5631792453362,833.9355769992605
car_9,-0.09595880657434464,-0.1804451048374176,1025.7779077493697,832.956543963535
car_9,-0.09220803529024124,-0.18245366215705872,1014.1995927750825,831.9947033422354
car_9,-0.08894339948892593,-0.18399550020694733,1003.1788567807101,831.0818737510224
car_9,-0.086225226521492,-0.18510624766349792,992.1563913347675,829.638551943116
car_9,-0.0840226262807846,-0.185865581035614,981.5146325928309,827.9233023491832
car_9,-0.08193904161453247,-0.18644505739212036,970.8134922020427,826.787770034867
car_9,-0.07999951392412186,-0.1868342012166977,958.9763753166961,825.7964262478589
car_9,-0.07863821089267731,-0.18697962164878845,948.0516308618762,824.881492514853
car_9,-0.07764317840337753,-0.1869511604309082,936.4935427471181,823.913517039639
car_9,-0.07709455490112305,-0.18676233291625977,924.9716688523349,822.9485744602155
car_9,-0.0769663155078888,-0.18642422556877136,913.4801648642571,821.9861753226296
car_9,-0.0772169902920723,-0.1859455555677414,902.2549874988194,821.0301498873463
car_9,-0.07813047617673874,-0.18515655398368835,890.4154065342398,820.0205246038203
car_9,-0.07981505244970322,-0.18386754393577576,879.1178817446742,819.0571233903033
car_9,-0.08196204900741577,-0.18204009532928467,867.4322323729211,818.0952149268326
car_9,-0.08440109342336655,-0.17974340915679932,855.8274203395442,817.1388918107538
car_9,-0.08687382936477661,-0.17716580629348755,844.839496173405,816.1929259272563
car_9,-0.08931853622198105,-0.17432281374931335,834.1821827276582,815.2735013557779
car_9,-0.09193235635757446,-0.17083574831485748,822.3930072214114,814.2564291177233
car_9,-0.0940639078617096,-0.16743303835391998,811.7745889178086,813.3403600963636
car_9,-0.0959886759519577,-0.1634199172258377,800.007331101505,812.3251787347281
car_9,-0.09719127416610718,-0.15915890038013458,788.163270242992,811.3138037005539
car_9,-0.09725704044103622,-0.15491998195648193,776.8967151369704,810.3526448727802
car_9,-0.0958370566368103,-0.15073944628238678,766.2755574980974,809.446545419157
car_9,-0.09234708547592163,-0.1462397277355194,755.4853198563719,808.5260216152502
car_9,-0.08636872470378876,-0.14111775159835815,744.0760257701816,807.5526856109068
car_9,-0.07996051013469696,-0.13610178232192993,733.4860401380819,806.6492454661148
car_9,-0.0739872083067894,-0.13059867918491364,721.9223388948636,805.6627368637012
car_9,-0.0700182318687439,-0.1255737990140915,711.3281540033178,804.7587271976104
car_9,-0.06677734106779099,-0.11998717486858368,700.0112807546451,803.7914390514875
car_9,-0.06372874975204468,-0.11390449106693268,688.3719172588264,802.7965866668642
car_9,-0.06059270352125168,-0.10797345638275146,676.7675135009288,801.8018246631327
car_9,-0.057574786245822906,-0.1031336560845375,665.5940270238872,800.8424359716955
car_9,-0.05514014512300491,-0.09991681575775146,655.8512011592835,799.9270310911495
car_9,-0.0535743311047554,-0.09814491122961044,650.3592963566309,800.7261743254857
car_9,-0.05187470465898514,-0.09642282128334045,647.499216010033,805.5403286641566
car_9,-0.05051953345537186,-0.09513041377067566,646.6672321465322,811.3552182204842
car_9,-0.04903026670217514,-0.09369267523288727,645.9662528128683,818.3557701297754
car_9,-0.0478205569088459,-0.0924275666475296,645.4152235115163,824.3602675479456
car_9,-0.04654218629002571,-0.09090059995651245,644.8043861609902,831.0164858019596
car_9,-0.045484110713005066,-0.08941096067428589,644.269566004975,836.8443541895383
car_9,-0.04446622356772423,-0.08770735561847687,643.7188869210229,842.8450353324782
car_9,-0.0434015654027462,-0.08553839474916458,643.0830956937516,849.7665621456231
car_9,-0.042461927980184555,-0.08316530287265778,642.4225547077388,856.7994867841813
car_9,-0.04169091582298279,-0.08074147999286652,641.7645438232897,863.824485578886
car_9,-0.04111795872449875,-0.0784810483455658,641.129122071803,870.6083202293745
car_9,-0.040703728795051575,-0.07635170221328735,640.4686878975899,877.6591903403057
car_9,-0.04048005864024162,-0.0747038871049881,639.8686450427167,884.0664638358685
car_9,-0.0403890535235405,-0.0734146237373352,639.2864322349657,890.2895497904149
car_9,-0.04040401056408882,-0.0724819153547287,638.7296056724587,896.2412903123058
car_9,-0.04050835222005844,-0.07181921601295471,638.1569410993882,902.362318248993
car_9,-0.040691524744033813,-0.07142865657806396,637.5724580888244,908.5521494907335
car_9,-0.04074457287788391,-0.07133084535598755,637.0000547370989,914.5386064570773
car_9,-0.0407395213842392,-0.07142175734043121,636.3818838411872,920.9457452585789
car_9,-0.040777597576379776,-0.07164318859577179,635.7760841901419,927.2246601602967
car_9,-0.040850117802619934,-0.07196220010519028,635.189067238917,933.3088985322506
car_9,-0.04096745699644089,-0.07241745293140411,634.5369363678752,940.0680213494875
car_9,-0.04110649973154068,-0.07269005477428436,633.902340409036,946.6454005468007
car_9,-0.04120861738920212,-0.07269671559333801,633.5466923584881,950.3787557809535
car_9,-0.04137150198221207,-0.07273265719413757,632.6483623984215,955.0322746572016
car_9,-0.041740283370018005,-0.07291167974472046,628.6127423814074,959.1756198063912
car_9,-0.042124807834625244,-0.07296252250671387,622.4130259523481,960.1084519433847
car_9,-0.042468637228012085,-0.07290498912334442,615.86994974163,959.9599188626289
car_9,-0.042876943945884705,-0.07299850881099701,608.7494025908425,959.6135719309178
car_10,-0.14290665090084076,-0.13795876502990723,1689.3208076839364,1001.3959770062306
car_10,-0.14306646585464478,-0.1375499963760376,1689.5226246086845,999.3912622203993
car_10,-0.1433778703212738,-0.13674311339855194,1689.9070221986287,995.5729128269529
car_10,-0.14383037388324738,-0.13555480539798737,1690.4449092943862,990.229901009096
car_10,-0.14452753961086273,-0.13372324407100677,1691.2209694666637,982.4741027162182
car_10,-0.14529277384281158,-0.1317628026008606,1692.0082164346288,974.5988052468715
car_10,-0.14609144628047943,-0.12984369695186615,1692.0197174247837,966.7048006160188
car_10,-0.14703592658042908,-0.12772978842258453,1692.6902241891878,958.4643666069829
car_10,-0.1481332778930664,-0.12552709877490997,1693.5468561035207,949.8292416874024
car_10,-0.14938974380493164,-0.12332618236541748,1694.4408864430657,940.8171286261268
car_10,-0.1506950408220291,-0.12136325240135193,1695.2979445349513,932.1777076998903
car_10,-0.15213130414485931,-0.11952889710664749,1696.1823198953184,923.2629199307269
car_10,-0.15350693464279175,-0.11804408580064774,1696.991068084557,915.1104783444272
car_10,-0.15502126514911652,-0.1166725680232048,1697.8566099039451,906.4049121364345
car_10,-0.15643981099128723,-0.11560305953025818,1698.6541092004047,898.3871265266633
car_10,-0.15823599696159363,-0.11467055231332779,1699.4919784606145,889.955905383937
car_10,-0.15932855010032654,-0.11424244940280914,1699.908171892449,885.761540408567
car_10,-0.16070440411567688,-0.11372406780719757,1699.6209590647238,880.1261145280507
car_10,-0.1607746034860611,-0.11373333632946014,1693.3835368331827,876.8135574043799
car_10,-0.15978404879570007,-0.11416728049516678,1683.6352663716825,876.0085002881954
car_10,-0.15854722261428833,-0.11473331600427628,1671.4451989793008,875.000455499567
car_10,-0.15732401609420776,-0.115409255027771,1657.8676136313345,873.8776713744581
car_10,-0.15632683038711548,-0.11628039926290512,1643.0486653747616,872.6522340505983
car_10,-0.1553957760334015,-0.11722253262996674,1629.1571843698714,871.5022015665509
car_10,-0.1544356793165207,-0.118338443338871,1614.6460983370234,870.2933413674039
car_10,-0.1535121500492096,-0.11956486105918884,1600.4792501686277,869.1523980135311
car_10,-0.15261201560497284,-0.12092291563749313,1586.2504177995977,868.010642010101
car_10,-0.1523805856704712,-0.12153482437133789,1570.9866941241194,862.2769565466868
car_10,-0.15147413313388824,-0.12316644191741943,1555.752313797122,861.053156826192
car_10,-0.15067343413829803,-0.12478949129581451,1541.5043159809431,859.9085873750666
car_10,-0.14991523325443268,-0.1265036016702652,1527.1036786479162,858.7517560938741
car_10,-0.14919468760490417,-0.12830615043640137,1512.3974532927741,857.570376330905
car_10,-0.14839354157447815,-0.130405455827713,1498.320856662984,857.8291391284621
car_10,-0.14723841845989227,-0.1334686279296875,1484.550563249214,862.2450733903154
car_10,-0.14654001593589783,-0.1355774700641632,1471.11249910792,863.3515064800985
car_10,-0.14605385065078735,-0.13723404705524445,1456.5036931775917,862.2014339923359
car_10,-0.14560134708881378,-0.1388048529624939,1441.9386043612642,861.0569950811524
car_10,-0.14517764747142792,-0.1402992606163025,1427.2707879139082,859.9011962279257
car_10,-0.14478656649589539,-0.1417139172554016,1412.5488633545435,858.7412685205736
car_10,-0.14442633092403412,-0.1430785059928894,1397.539142459242,857.558665588744
car_10,-0.14327141642570496,-0.14584164321422577,1383.0339393495967,859.3016648441767
car_10,-0.14185187220573425,-0.148487389087677,1368.9391630869563,858.189249198726
car_10,-0.14046359062194824,-0.15070503950119019,1354.5060759360474,857.050132716162
car_10,-0.1395273506641388,-0.15201741456985474,1344.3349849684378,856.247389876344
car_10,-0.13902108371257782,-0.1526726484298706,1338.6510083280446,855.7912938213832
car_10,-0.13884663581848145,-0.15289059281349182,1336.6383194831856,855.6177861623436
car_10,-0.13884517550468445,-0.15289247035980225,1336.6215367553662,855.6163393754626
car_10,-0.13884495198726654,-0.15289273858070374,1336.618229701524,855.6160542846142
car_10,-0.1388448178768158,-0.15289290249347687,1336.6176189505975,855.6160016336722
car_10,-0.13884472846984863,-0.1528928279876709,1336.6174012668773,855.6159828678342
car_10,-0.13884472846984863,-0.1528928279876709,1336.6174012668773,855.6159828678342
car_10,-0.13884472846984863,-0.1528928279876709,1336.6174012668773,855.6159828678342
car_10,-0.13884472846984863,-0.1528928279876709,1336.6174012668773,855.6159828678342
car_10,-0.13884472846984863,-0.1528928279876709,1336.6174012668773,855.6159828678342
car_10,-0.13884472846984863,-0.1528928279876709,1336.6174012668773,855.6159828678342
car_10,-0.13884472846984863,-0.1528928279876709,1336.6174012668773,855.6159828678342
car_10,-0.13884472846984863,-0.1528928279876709,1336.6174012668773,855.6159828678342
car_10,-0.13884472846984863,-0.1528928279876709,1336.6174012668773,855.6159828678342
car_10,-0.1386553943157196,-0.15312939882278442,1334.159614651856,855.2855578172635
car_10,-0.13837283849716187,-0.1534791886806488,1330.1357879270092,854.612041756023
car_10,-0.1381160318851471,-0.15382078289985657,1324.568886354766,852.9645144470081
car_10,-0.13775858283042908,-0.1542821228504181,1316.623046161354,850.5887718088466
car_10,-0.13695430755615234,-0.15513423085212708,1306.0174711933475,849.3689774601136
car_10,-0.13592925667762756,-0.15610745549201965,1292.935615792093,848.2984136783134
car_10,-0.13480333983898163,-0.1570645570755005,1277.9062390918923,847.0684729807023
car_10,-0.13376528024673462,-0.15784968435764313,1263.4740556368295,845.8675031577052
car_10,-0.13275299966335297,-0.15852338075637817,1249.2772220181469,844.7957969144014
car_10,-0.1317625343799591,-0.15909260511398315,1235.6528877416426,843.9683321197164
car_10,-0.1307976245880127,-0.15957096219062805,1221.8618089631234,842.8097562508755
car_10,-0.13013306260108948,-0.1598556637763977,1212.5563987634093,842.0280262311036
car_10,-0.1297588348388672,-0.16000139713287354,1207.4152823474326,841.598075214109
car_10,-0.12971046566963196,-0.16001954674720764,1206.7576125143246,841.5432737615143
car_10,-0.1295267790555954,-0.16008830070495605,1204.0497125756303,841.2010383882724
car_10,-0.12927697598934174,-0.16024911403656006,1199.7145158586407,840.3015776767886
car_10,-0.12941212952136993,-0.1602155566215515,1195.0663330941777,836.4906524224403
car_10,-0.13031066954135895,-0.15992963314056396,1192.2709160133604,828.5122393937447
car_10,-0.13086730241775513,-0.15975071489810944,1192.572265386258,824.8409552913287
car_10,-0.13097113370895386,-0.15971586108207703,1192.6282090843708,824.1589749714796
car_10,-0.13098643720149994,-0.15971064567565918,1192.6364499042645,824.0585154527762
car_10,-0.13098877668380737,-0.15970978140830994,1192.637730413695,824.0429054330526
car_10,-0.13098950684070587,-0.1597096025943756,1192.6380811587385,824.0386296839497
car_10,-0.131239116191864,-0.15962350368499756,1192.7638720274063,822.3980059989556
car_10,-0.1317681223154068,-0.15943190455436707,1193.0007071544676,818.9323186396233
car_10,-0.13268065452575684,-0.1590699553489685,1193.4026718100101,813.0502358468525
car_10,-0.13385926187038422,-0.15854087471961975,1193.9064277616096,805.6786070884452
car_10,-0.13549268245697021,-0.15768107771873474,1194.6396271960755,795.9822879729597
car_10,-0.13752776384353638,-0.15636929869651794,1195.4459126496502,784.6884379124067
car_10,-0.14007894694805145,-0.15423233807086945,1196.3455359470552,771.696819117529
car_10,-0.14315931499004364,-0.15064775943756104,1197.3324469009083,757.444663872177
car_10,-0.1464949995279312,-0.14513617753982544,1198.3140384024978,743.2693277756943
car_10,-0.14815987646579742,-0.14124688506126404,1199.3474037818773,728.3753190814989
car_10,-0.14967024326324463,-0.13754519820213318,1203.4709994742386,715.073796143158
car_10,-0.15133532881736755,-0.1338365375995636,1204.431092074217,701.2010924958946
car_10,-0.15326304733753204,-0.12994343042373657,1205.3955090363818,687.287566261964
car_10,-0.15554313361644745,-0.1259528547525406,1206.9667890474993,673.2547812104552
car_10,-0.15815523266792297,-0.12220823764801025,1207.6937570563218,658.6850017735377
car_10,-0.16063034534454346,-0.11938242614269257,1205.9721864847054,645.0204673269747
car_10,-0.16388729214668274,-0.116702601313591,1206.9885566653054,631.0411345173092
car_10,-0.16854843497276306,-0.11428839713335037,1209.1125230048153,616.2167106996008
car_10,-0.17222186923027039,-0.1124977096915245,1211.4839017727306,605.0034191587428
car_10,-0.17465412616729736,-0.11137322336435318,1211.9710098090861,597.0641907739853
car_10,-0.17570926249027252,-0.11089655756950378,1212.1825418265228,593.6164936066763
car_10,-0.17624753713607788,-0.11065572500228882,1212.3174946732627,591.868889086519
car_10,-0.17710153758525848,-0.11027632653713226,1212.583746738202,589.1190852419242
car_10,-0.17728860676288605,-0.11019384115934372,1212.6423409109923,588.5169796042859
car_10,-0.1773335188627243,-0.11017396301031113,1212.6564359732508,588.3721406886654
car_10,-0.1778499186038971,-0.10994713008403778,1212.8143557224023,586.706669065802
car_10,-0.1787613034248352,-0.10954970121383667,1213.0932487629673,583.7649422828849
car_10,-0.18039613962173462,-0.10884512960910797,1213.5984622177796,578.4821668097404
car_10,-0.1826925128698349,-0.10778267681598663,1214.2462300293855,571.7087686057746
car_10,-0.18583522737026215,-0.10624968260526657,1215.07368165826,563.1256046401811
car_10,-0.18952682614326477,-0.10449457913637161,1215.8837014515163,552.3007025998725
car_10,-0.19341526925563812,-0.10264649242162704,1216.3951189420811,539.6741156019445
car_10,-0.19697456061840057,-0.10088925808668137,1214.8979557638793,525.9073706010387
car_10,-0.20057205855846405,-0.09899354726076126,1216.1284000313103,511.4447871311243
car_10,-0.203746035695076,-0.09717871993780136,1217.383761294758,496.65506224613296
car_10,-0.20635466277599335,-0.09563085436820984,1219.90083350036,481.9766856434348
car_10,-0.20817328989505768,-0.09448013454675674,1220.546546581714,467.97264577253816
car_10,-0.2098822146654129,-0.09280227869749069,1221.5349735166124,453.8911106440279
car_10,-0.21158452332019806,-0.09003060311079025,1222.6176853530515,439.2018681260423
car_10,-0.21317897737026215,-0.08622170239686966,1223.6779847335406,424.8166972823415
car_10,-0.214735209941864,-0.08140549063682556,1224.752883772196,410.23345164877924
car_10,-0.2161693423986435,-0.07628283649682999,1225.791460601586,396.1429924822388
car_10,-0.2176087647676468,-0.07107530534267426,1226.9185552353667,381.56606607013504
car_10,-0.2190297693014145,-0.06670621037483215,1228.0108246993584,367.6094771933998
car_10,-0.22027717530727386,-0.06260286271572113,1229.0376913317539,353.54930330367733
car_10,-0.2218400090932846,-0.06024514138698578,1230.053169932671,339.6450578449671
car_10,-0.22388598322868347,-0.05939723551273346,1231.0730079471962,325.68112195377483
car_10,-0.22647826373577118,-0.0596969798207283,1232.1192383508142,311.35581335039086
car_10,-0.228529155254364,-0.06040959805250168,1232.8492576220076,301.3601648678946
car_10,-0.22970999777317047,-0.06093908101320267,1233.060190366875,295.8517953547168
car_10,-0.22993455827236176,-0.06104617938399315,1233.1533227761722,294.83635166625186
car_10,-0.23008787631988525,-0.06112051382660866,1233.2166229647842,294.146175416223
car_10,-0.230137437582016,-0.06114489957690239,1233.2370594044787,293.9233522995533
car_10,-0.23072396218776703,-0.06144068390130997,1233.4756540096782,291.30094261559486
car_10,-0.23186258971691132,-0.06205747276544571,1233.931298770716,286.26738007219546
car_10,-0.23342867195606232,-0.06318163871765137,1234.5482611215202,279.45172268896425
car_10,-0.2353488802909851,-0.06480869650840759,1235.3021747200892,271.11626101795355
car_10,-0.23636136949062347,-0.06733439862728119,1236.3834725232518,261.25849512252415
car_10,-0.2359238862991333,-0.07069160044193268,1237.2679770368431,249.77433535652432
car_10,-0.23543067276477814,-0.07423748075962067,1238.3063079912758,236.29293601094653
car_10,-0.23502716422080994,-0.07802791893482208,1239.414858082662,221.89983098720614
car_10,-0.23472467064857483,-0.08178076148033142,1240.5001116598678,207.81300527281394
car_10,-0.23553334176540375,-0.08464846014976501,1241.396155227275,196.17879616237818
car_10,-0.23625314235687256,-0.08641326427459717,1243.0950795362253,189.28040276390357
car_10,-0.23700283467769623,-0.08820565789937973,1250.23352123531,183.19545838565534
car_10,-0.23729307949543,-0.08872301131486893,1258.3899135426352,182.15314668894976
car_10,-0.2374384105205536,-0.0887967050075531,1267.1953283008615,182.831863878226
car_10,-0.2375754863023758,-0.0888708308339119,1275.570530524173,183.46447356997038
car_10,-0.23771615326404572,-0.08894895762205124,1284.3162919098197,184.12507295213746
car_10,-0.23784683644771576,-0.08902306854724884,1292.570262389271,184.7485255663489
car_10,-0.23797409236431122,-0.08909749239683151,1300.7263956227616,185.36198090977575
car_10,-0.2381017655134201,-0.089174285531044,1309.0346386926713,185.98548883247065
car_10,-0.23822249472141266,-0.0892484039068222,1317.0162397492354,186.58448328324468
car_10,-0.2383548468351364,-0.08933137357234955,1325.90988870683,187.25192410557824
car_10,-0.23847202956676483,-0.08940660208463669,1333.9096114255108,187.85227853099516
car_10,-0.23860017955303192,-0.0894906222820282,1342.7993087359778,188.51942279444486
car_10,-0.23872514069080353,-0.08957451581954956,1351.6379912022658,189.18273855176477
car_10,-0.23883648216724396,-0.08965078741312027,1359.6248250525114,189.78212570750554
car_10,-0.2388990968465805,-0.08969433605670929,1364.169804559298,190.1232123496659
car_10,-0.23882745206356049,-0.08934108912944794,1367.23161679018,191.74010979427163
car_10,-0.23863254487514496,-0.08870456367731094,1367.063498944904,194.05589104165793
car_11,-0.1981726586818695,-0.10079620033502579,1360.9953629722527,586.2247229236134
car_11,-0.19832006096839905,-0.10073473304510117,1362.7408660263832,586.3584803931883
car_11,-0.19863875210285187,-0.10060155391693115,1366.569692979233,586.6551791607523
car_11,-0.19911973178386688,-0.10039956867694855,1372.4796230926147,587.1168014194645
car_11,-0.19975732266902924,-0.10012996941804886,1380.5467495229652,587.7472074803728
car_11,-0.20036157965660095,-0.09987160563468933,1388.4537498726838,588.3651004794604
car_11,-0.20089854300022125,-0.09963930398225784,1395.7093499199045,588.93208976428
car_11,-0.20141930878162384,-0.09941127896308899,1402.9634384609158,589.4989609323598
car_11,-0.20197905600070953,-0.09916234761476517,1411.0158042708747,590.1282135237349
car_11,-0.20254381000995636,-0.09890693426132202,1419.4191719095597,590.7848951732919
car_11,-0.20304352045059204,-0.09867672622203827,1427.1058997624068,591.385574965387
car_11,-0.2035745233297348,-0.09842725843191147,1435.5498183502539,592.0453633510704
car_11,-0.20409218966960907,-0.09817863255739212,1444.0693392435587,592.7110383256621
car_11,-0.2045891433954239,-0.09793473780155182,1452.5275925973488,593.3719261451638
car_11,-0.20501728355884552,-0.09771987795829773,1460.0508579785335,593.9593720806066
car_11,-0.20536018908023834,-0.09754427522420883,1466.2226933969812,594.4353491051656
car_11,-0.20530350506305695,-0.09759796410799026,1469.6020334058526,596.2235567237362
car_11,-0.20466892421245575,-0.09797763079404831,1468.9624719228145,599.8802598243653
car_11,-0.2042185515165329,-0.09821867942810059,1464.883456316338,600.8511935379412
car_11,-0.2038489729166031,-0.098396435379982,1458.6720191532108,600.3710901373815
car_11,-0.2033940702676773,-0.09861095994710922,1451.2164479308747,599.7885471462731
car_11,-0.20287078619003296,-0.09885288774967194,1442.9037515326775,599.1390324572479
car_11,-0.2023313194513321,-0.09909702092409134,1434.6213256463395,598.4918829625176
car_11,-0.20182178914546967,-0.09932351112365723,1427.0462263659545,597.8999843132573
car_11,-0.2012917697429657,-0.09955524653196335,1419.4096130583448,597.3032207251947
car_11,-0.2007066160440445,-0.09980712831020355,1411.2524962679506,596.6657823624024
car_11,-0.20016999542713165,-0.10003490746021271,1404.006727270868,596.0995613255636
car_11,-0.1995639055967331,-0.10028915107250214,1396.0804789303759,595.4801641911253
car_11,-0.19896699488162994,-0.10053690522909164,1388.5242375761713,594.8896812740044
car_11,-0.1983344703912735,-0.10079721361398697,1380.7715563505203,594.2838475517816
car_11,-0.19771666824817657,-0.10104980319738388,1373.4343707460544,593.7104827588781
car_11,-0.19701401889324188,-0.10133575648069382,1365.355173315831,593.0798104783485
car_11,-0.19645462930202484,-0.10156287997961044,1359.1383450559329,592.6038634838869
car_11,-0.19629542529582977,-0.10162755846977234,1357.4080133140199,592.4752577463123
car_11,-0.19621331989765167,-0.10166093707084656,1356.520376928225,592.4092267174466
car_11,-0.19620530307292938,-0.10166413336992264,1356.4324785539784,592.4021634552304
car_11,-0.19620367884635925,-0.10166481137275696,1356.4141865176027,592.4006935594502
car_11,-0.19620321691036224,-0.1016649380326271,1356.410007941187,592.4003577809882
car_11,-0.1962030827999115,-0.1016649678349495,1356.4085010089232,592.400236688217
car_11,-0.1960075944662094,-0.10174428671598434,1354.2884719558333,592.2345874610465
car_11,-0.19568249583244324,-0.10187624394893646,1350.8197927572246,591.9704222458215
car_11,-0.19517499208450317,-0.10208241641521454,1345.5044031218956,591.5656165642857
car_11,-0.19443191587924957,-0.10238506644964218,1337.9214730231406,590.9881211411351
car_11,-0.19358348846435547,-0.10273227095603943,1329.5111664981955,590.3373981773711
car_11,-0.1927381306886673,-0.10308101028203964,1321.2920239582859,589.662026774867
car_11,-0.19185121357440948,-0.10345073789358139,1312.9380534100314,588.9755764817545
car_11,-0.19099466502666473,-0.10381239652633667,1305.0886884710071,588.3229765576561
car_11,-0.1900632679462433,-0.10421141982078552,1296.796529821697,587.6326522832619
car_11,-0.18911941349506378,-0.10462313145399094,1288.6444060433896,586.959331204755
car_11,-0.18818648159503937,-0.10503773391246796,1280.8160636553068,586.3174536759469
car_11,-0.18717943131923676,-0.10549479722976685,1272.5785969521996,585.6403467339113
car_11,-0.1861339956521988,-0.10598065704107285,1264.2369795733757,584.9511923899066
car_11,-0.18578551709651947,-0.10615638643503189,1257.1289976267665,582.7057787594306
car_11,-0.1846984475851059,-0.10668233036994934,1248.7354756493908,582.0090592700378
car_11,-0.18370287120342255,-0.1071769967675209,1241.2313190167006,581.3921198157474
car_11,-0.18266043066978455,-0.10770921409130096,1233.526449892901,580.758679179406
car_11,-0.18178458511829376,-0.1081681028008461,1227.1573236634924,580.2321201030106
car_11,-0.1813625544309616,-0.10838060081005096,1223.8376638089592,579.9657450170886
car_11,-0.18132184445858002,-0.10839951038360596,1223.4788994203623,579.9372575222123
car_11,-0.18131123483181,-0.10840439796447754,1223.3862522562083,579.9299009235699
car_11,-0.1813107281923294,-0.10840475559234619,1223.3812941624467,579.9295072287799
car_11,-0.18102379143238068,-0.1085386872291565,1220.8507458654906,579.7272363462954
car_11,-0.18057991564273834,-0.10874787718057632,1216.940279376253,579.4133165450834
car_11,-0.1798519790172577,-0.10909592360258102,1210.5425902907161,578.8997304316423
car_11,-0.178977832198143,-0.10952319949865341,1202.845759919791,578.266017393935
car_11,-0.17802174389362335,-0.11000172793865204,1194.4915081667323,577.5892435238801
car_11,-0.17711025476455688,-0.1104697659611702,1186.5650126546154,576.9497293415085
car_11,-0.17624302208423615,-0.11092589795589447,1179.0552880554653,576.3442649144214
car_11,-0.1753610223531723,-0.11140107363462448,1171.4485271647548,575.7308884895987
car_11,-0.17451468110084534,-0.11186771839857101,1164.1792418266377,575.1439610067433
car_11,-0.1735236793756485,-0.1124277114868164,1155.700503658604,574.4572456811834
car_11,-0.17266666889190674,-0.11292355507612228,1148.4023704841723,573.8649970036533
car_11,-0.17166940867900848,-0.11351442337036133,1139.9474102666193,573.1788709920099
car_11,-0.170751690864563,-0.11407090723514557,1132.2016771872266,572.5502992650862
car_11,-0.1698274463415146,-0.11464402824640274,1124.4296786216285,571.919596075349
car_11,-0.16887569427490234,-0.11524780094623566,1116.4470867999037,571.2718030936804
car_11,-0.16786760091781616,-0.11590257287025452,1108.0043916175525,570.5878491059862
car_11,-0.1668848842382431,-0.11655683815479279,1099.7710975691339,569.9216369750922
car_11,-0.16594310104846954,-0.11719931662082672,1091.861115043803,569.2822643929508
car_11,-0.16500528156757355,-0.1178552433848381,1083.9463275913563,568.6425034232691
car_11,-0.1642952412366867,-0.11853089928627014,1076.6742397907801,568.0546925729009
car_11,-0.16368791460990906,-0.1192825436592102,1069.3750100178536,567.4646878070731
car_11,-0.1629963219165802,-0.12019354104995728,1060.9650752096861,566.7849035323648
car_11,-0.16234463453292847,-0.12110836803913116,1052.9215809150915,566.1347390471582
car_11,-0.16167882084846497,-0.12210215628147125,1044.5629985668543,565.4591056482324
car_11,-0.1610931158065796,-0.12302835285663605,1037.0690049553116,564.8533579072457
car_11,-0.16048485040664673,-0.12404414266347885,1029.1255308310017,564.211278162345
car_11,-0.1600605994462967,-0.12478818744421005,1023.4139290631571,563.7259666436141
car_11,-0.1599704772233963,-0.1249501034617424,1022.186068353728,563.6212003714785
car_11,-0.1599571257829666,-0.12497406452894211,1022.0045411575221,563.6057117028603
car_11,-0.15995672345161438,-0.12497486919164658,1021.9980121394184,563.6051546194043
car_11,-0.15985263884067535,-0.12517163157463074,1020.312153440993,563.3625193404379
car_11,-0.1597239375114441,-0.12545569241046906,1016.9788870171885,562.4915461095528
car_11,-0.1601308137178421,-0.12498831748962402,1013.6467293397826,558.8702660829188
car_11,-0.1614929437637329,-0.12320597469806671,1013.0734321066288,551.8520351700216
car_11,-0.1633947491645813,-0.12094639986753464,1013.7411668942713,543.2301009903989
car_11,-0.16591523587703705,-0.11846759915351868,1014.5254415089867,532.6652164979887
car_11,-0.16979436576366425,-0.11619111895561218,1015.4239602154838,520.5613613300426
car_11,-0.17429132759571075,-0.11366118490695953,1016.4568594192349,506.65375971778053
car_11,-0.17842338979244232,-0.11139848083257675,1017.4174605106062,493.7196606036509
car_11,-0.18286104500293732,-0.108925461769104,1018.4287018340581,480.1037115657854
car_11,-0.18802939355373383,-0.10579808801412582,1019.477569112456,466.30982569699506
car_11,-0.19272325932979584,-0.10301224887371063,1020.5368971803454,452.56728842993783
car_11,-0.1967441588640213,-0.10060977935791016,1021.5363617582634,439.39041906496675
car_11,-0.20052936673164368,-0.09832539409399033,1022.6059241590879,425.23433475812504
car_11,-0.20375262200832367,-0.09643427282571793,1023.668513570009,411.1705407495083
car_11,-0.20604564249515533,-0.09519238770008087,1024.7159102210012,397.30782896876457
car_11,-0.20792941749095917,-0.09387842565774918,1025.7182502008093,384.0414601740679
car_11,-0.20965926349163055,-0.09169495105743408,1026.7038684716022,371.0871231739119
car_11,-0.21143345534801483,-0.08834166824817657,1027.77408298337,357.2936712969534
car_11,-0.21316881477832794,-0.08404681086540222,1028.8025546315062,343.59257528774714
car_11,-0.21484650671482086,-0.07939022034406662,1029.8153026056013,330.1884492729444
car_11,-0.2165476381778717,-0.07484842836856842,1030.8338671958525,316.70733800817885
car_11,-0.2182648479938507,-0.07042227685451508,1031.9056740044534,302.52154460893985
car_11,-0.21988333761692047,-0.0670662671327591,1032.9337104530316,288.915069496647
car_11,-0.22134597599506378,-0.06570133566856384,1033.6634061628224,278.94073408131317
car_11,-0.22236691415309906,-0.06529545038938522,1033.6829760817811,272.7294428157356
car_11,-0.22252826392650604,-0.06540891528129578,1029.1353487332597,270.31168955200735
car_11,-0.22230370342731476,-0.06564054638147354,1023.6083087267575,269.78307388680116
car_11,-0.22199295461177826,-0.06596553325653076,1016.3336413047514,269.18362924208924
car_11,-0.22163383662700653,-0.06636913120746613,1007.8647423090771,268.4857779376838
car_11,-0.22136667370796204,-0.06668944656848907,1001.5282134456927,267.963637464055
car_11,-0.22074083983898163,-0.0672711431980133,994.3894936935383,269.4467063420687
car_11,-0.2196689397096634,-0.06841372698545456,989.2460487596054,274.96499159352857
car_11,-0.2187528759241104,-0.06992259621620178,984.0246014389369,280.10065707675227
car_11,-0.21843849122524261,-0.07066327333450317,976.943233061651,280.03240362176774
car_11,-0.2183685004711151,-0.0709269642829895,969.5410193902306,277.80231526713914
car_11,-0.2182980179786682,-0.07118894904851913,962.2666089820959,275.61035644553823
car_11,-0.218211829662323,-0.07149587571620941,954.1239649329623,273.1986523573667
car_11,-0.218129500746727,-0.07178409397602081,946.571074636779,270.9630040122304
car_11,-0.21804650127887726,-0.07206981629133224,939.1760357207279,268.77620920861256
car_11,-0.2179543375968933,-0.07238221913576126,931.1812969361138,266.41207652061155
car_11,-0.2178712636232376,-0.0726594626903534,924.1595614553241,264.33567167189045
car_11,-0.2177809178829193,-0.07295633852481842,916.7178752228145,262.13508274083233
car_11,-0.21768313646316528,-0.07327277213335037,908.8722576293114,259.8150468384646
car_11,-0.21759052574634552,-0.07356852293014526,901.589866692742,257.6562454500527
car_11,-0.21754969656467438,-0.07372316718101501,896.8065234942916,256.07095544449277
car_11,-0.21770446002483368,-0.0735451802611351,890.8067427274541,252.49153930419354
car_11,-0.21828371286392212,-0.07279512286186218,885.5047371161548,246.20617071130292
car_11,-0.21941831707954407,-0.07159160077571869,888.305429715412,239.83481218317587
car_11,-0.22068826854228973,-0.07069255411624908,895.1138827858033,234.88888096057485
car_11,-0.2211366444826126,-0.0702834278345108,902.4182588997825,235.0248920995409
car_11,-0.22130312025547028,-0.06994225084781647,910.1818117384005,236.85601791454445
car_11,-0.22138097882270813,-0.06961984187364578,918.0538458687081,239.1878434908138
car_11,-0.22145211696624756,-0.06931853294372559,925.5059510416571,241.39527922491834
car_11,-0.22152498364448547,-0.0690029114484787,933.4063596496711,243.73550978670147
car_11,-0.22159640491008759,-0.06868551671504974,941.45567653728,246.119849422344
car_11,-0.22166551649570465,-0.0683707743883133,949.5418067257831,248.51509376128823
car_11,-0.2217249721288681,-0.06809285283088684,956.7685109410279,250.65576203613256
car_11,-0.22178635001182556,-0.06779985874891281,964.481537478491,252.94048695637346
car_11,-0.2218552976846695,-0.06750548630952835,972.2668553212093,255.1944377586834
car_11,-0.22193849086761475,-0.06720039248466492,980.3456483999857,257.4542065984516
car_11,-0.22217769920825958,-0.06687019765377045,988.2414689470073,258.7611194294715
car_11,-0.22260428965091705,-0.06653186678886414,995.9144950381675,258.95828392505206
car_11,-0.22312499582767487,-0.06621026992797852,1003.9029358594082,258.784876576725
car_11,-0.2234947234392166,-0.06592309474945068,1011.9590691445603,259.46124354414013
car_11,-0.22386883199214935,-0.06565378606319427,1020.0773521268668,260.14282839967876
car_11,-0.2241177260875702,-0.06548599898815155,1025.4576651998443,260.5945421323228
car_11,-0.22434066236019135,-0.06525802612304688,1032.6758177901834,261.7629622451094
car_11,-0.22428864240646362,-0.06497108936309814,1040.723453691984,264.5788902377696
car_11,-0.22458751499652863,-0.0647357851266861,1048.718977273671,265.5864603377959
car_11,-0.2249314785003662,-0.06453993916511536,1056.1499283894157,266.19031680559806
car_11,-0.22527694702148438,-0.06435874104499817,1063.5723809270578,266.78940133402443
car_11,-0.22562767565250397,-0.06418886035680771,1071.096124819264,267.39833744040806
car_11,-0.22601336240768433,-0.06401807069778442,1079.3392778522173,268.0624143596199
car_11,-0.2263830453157425,-0.06386886537075043,1087.2213423243631,268.6965338175378
car_11,-0.22676412761211395,-0.06372877955436707,1095.3390814455581,269.3496135213695
car_11,-0.22713953256607056,-0.06360369175672531,1103.3287838008578,269.9923925476478
car_11,-0.2274937927722931,-0.06349655240774155,1110.8692347827975,270.5990288808092
car_11,-0.22783257067203522,-0.06340250372886658,1118.103976937388,271.18624019578476
car_11,-0.22820603847503662,-0.06330879032611847,1126.091985918922,271.83564814433817
car_11,-0.22858721017837524,-0.06322341412305832,1134.2578630604594,272.499516391718
car_11,-0.22896502912044525,-0.0631486251950264,1142.3522131533746,273.1543357334889
car_11,-0.22936125099658966,-0.06308076530694962,1150.831926406994,273.8343339816549
car_11,-0.22972841560840607,-0.06302595138549805,1158.7171530520752,274.4671436854811
car_11,-0.23009301722049713,-0.0629778802394867,1166.6090228839125,275.1083581093179
car_11,-0.23044440150260925,-0.06293832510709763,1174.2417681008317,275.7283145214539
car_11,-0.23083506524562836,-0.06290236115455627,1182.7385731467862,276.4125545890379
car_11,-0.23116828501224518,-0.06287359446287155,1190.156123934949,277.03741084430806
car_11,-0.23201106488704681,-0.06316979229450226,1197.8973460579305,275.4835922845765
car_11,-0.23235686123371124,-0.06320665031671524,1205.2655023691625,276.0305899917708
car_11,-0.2327246069908142,-0.06325235962867737,1213.1668250820994,276.62075051539136
car_11,-0.23310483992099762,-0.06330615282058716,1221.424572927902,277.2433159418332
car_11,-0.23329268395900726,-0.0633360743522644,1225.5024319010947,277.545917156106
car_11,-0.23331870138645172,-0.06334060430526733,1226.0591174089366,277.5853983977969
car_11,-0.23332202434539795,-0.0633411556482315,1226.129888104892,277.5904175960916
car_11,-0.2333223521709442,-0.06334121525287628,1226.137649034301,277.59096801661707
car_11,-0.23332253098487854,-0.06334124505519867,1226.1410210672104,277.59120716788726
car_11,-0.23332257568836212,-0.06334125250577927,1226.1416531314126,277.5912519951356
car_11,-0.23332254588603973,-0.06334124505519867,1226.1418691768856,277.5912673175096
car_11,-0.23332254588603973,-0.06334124505519867,1226.1418691768856,277.5912673175096
car_11,-0.23342379927635193,-0.06337109208106995,1227.90985285571,277.633380585267
car_11,-0.23377707600593567,-0.0635540634393692,1231.524022763877,277.0686815256938
car_11,-0.23486988246440887,-0.06439022719860077,1234.893866367908,273.14165300124245
car_11,-0.23635903000831604,-0.06574670225381851,1235.7343127223664,266.6967486748785
car_11,-0.2362402081489563,-0.06838013976812363,1236.6371375620904,257.9649790484886
car_11,-0.23584827780723572,-0.07118488848209381,1237.4123946318603,247.8992576054048
car_11,-0.23542645573616028,-0.07427235692739487,1238.3165552267246,236.15988876557302
car_11,-0.2350527048110962,-0.0777529925107956,1239.3347256998059,222.9402474836829
car_11,-0.23476259410381317,-0.08125771582126617,1240.3498961048358,209.75955824814451
car_11,-0.23532898724079132,-0.08416255563497543,1241.242276915362,198.17761131816317
car_11,-0.23618242144584656,-0.08623610436916351,1242.8514303724528,189.9493029526448
car_11,-0.23660895228385925,-0.08727352321147919,1245.7082784901856,186.2327356456389
car_11,-0.23706771433353424,-0.08835882693529129,1251.0939850002956,182.71678980116008
car_11,-0.23730939626693726,-0.08872853219509125,1259.435544134357,182.2457389658135
car_11,-0.2374403178691864,-0.0887976586818695,1267.312862505884,182.8407416671111
car_11,-0.23757727444171906,-0.08887182176113129,1275.6836369172916,183.47301691000888
car_11,-0.23771284520626068,-0.08894693851470947,1284.1039728566748,184.10903571659614
car_11,-0.2378435730934143,-0.08902115374803543,1292.3569401909099,184.73241255957612
car_11,-0.2379748374223709,-0.0890979915857315,1300.7749828399533,185.36562723001526
car_11,-0.23810194432735443,-0.08917434513568878,1309.0447535555202,185.98624792161502
car_11,-0.23822490870952606,-0.08924984186887741,1317.1686838771202,186.59592374312348
car_11,-0.2383330911397934,-0.08931760489940643,1324.4357019660288,187.1412909542986
car_11,-0.23844926059246063,-0.08939196169376373,1332.3453834237698,187.73488806182138
car_11,-0.23855619132518768,-0.08946157991886139,1339.7342678428479,188.28940096381598
car_11,-0.23866353929042816,-0.08953282982110977,1347.2619754976822,188.8543321199011
car_11,-0.23876887559890747,-0.0896042063832283,1354.753407212443,189.4165408789826
car_11,-0.23886798322200775,-0.08967266976833344,1361.9001191017999,189.95287948231143
car_11,-0.2388562709093094,-0.0895000696182251,1365.5127749360154,190.97365681968432
car_11,-0.2389780730009079,-0.08970606327056885,1371.1674649343515,190.84870440709122
car_11,-0.23915442824363708,-0.09004923701286316,1378.4012043711336,190.40817701751433
car_11,-0.23935166001319885,-0.09044357389211655,1386.6459231419046,189.90608201262447
car_11,-0.23947148025035858,-0.09060388803482056,1394.0667961533052,190.15227395935227
car_11,-0.2395479828119278,-0.0906127393245697,1401.5047153709336,190.939584731322
car_11,-0.2396511286497116,-0.09068658947944641,1409.9746187941876,191.61012970894686
car_11,-0.23974750936031342,-0.09075713157653809,1418.023345930909,192.24733101905676
car_11,-0.23983357846736908,-0.09082119911909103,1425.3114841604433,192.82431805678766
car_11,-0.2399154156446457,-0.0908445343375206,1433.4402778407677,193.63806856386594
car_11,-0.2399597465991974,-0.09073391556739807,1441.5019993341878,194.91937257573971
car_11,-0.2400052547454834,-0.09062032401561737,1449.8822014717362,196.24776886735782
car_11,-0.24004559218883514,-0.09051715582609177,1457.4939219003375,197.45595863875167
car_11,-0.24017183482646942,-0.09075024724006653,1464.920751192156,197.44958134075682
car_11,-0.2402467280626297,-0.09079096466302872,1473.2873975018906,198.11148449218146
car_11,-0.2403101772069931,-0.09081263840198517,1481.5543564626882,198.76550116580177
car_11,-0.24036835134029388,-0.09083294868469238,1489.2492911681284,199.37426378620935
car_11,-0.24041125178337097,-0.09084820002317429,1495.0350070020668,199.83198404854144
car_11,-0.2404608279466629,-0.09081624448299408,1502.5389604779466,200.72894601241464
car_11,-0.24049927294254303,-0.09068771451711655,1509.982999636183,202.18826736994316
car_11,-0.24054446816444397,-0.09057345986366272,1518.3051232160292,203.65018489265688
car_11,-0.24060192704200745,-0.09059128910303116,1526.5588807162183,204.32884177486986
car_11,-0.24065665900707245,-0.09062525629997253,1534.3267100995959,204.8660813380732
car_11,-0.2407107949256897,-0.09065967798233032,1542.160458930835,205.4078800301693
car_11,-0.24076707661151886,-0.09069616347551346,1550.4678864516977,205.9824393455686
car_11,-0.24081510305404663,-0.09072807431221008,1557.7140795293399,206.4836014349742
car_11,-0.24086952209472656,-0.0907655581831932,1566.083175306604,207.05817456644135
car_11,-0.24091951549053192,-0.09079122543334961,1574.0512225291616,207.66534146422984
car_11,-0.24096758663654327,-0.09080904722213745,1581.9800153308618,208.31495075101338
car_11,-0.24101360142230988,-0.09082614630460739,1589.718476945731,208.95114059964644
car_11,-0.24106232821941376,-0.09084417670965195,1598.1122084737976,209.64401319983807
car_11,-0.24110840260982513,-0.09086235612630844,1606.159226116685,210.3032898280943
car_11,-0.24115365743637085,-0.09088058769702911,1614.2451795180493,210.96575638791361
car_11,-0.24119426310062408,-0.09089739620685577,1621.6460121411355,211.5720923243521
car_11,-0.24123866856098175,-0.09091606736183167,1629.917847850566,212.24978786299965
car_11,-0.24128060042858124,-0.09093402326107025,1637.857509544294,212.90026902549133
car_11,-0.24132342636585236,-0.0909527987241745,1646.1536864379752,213.57995879039672
car_11,-0.2413601577281952,-0.09096937626600266,1653.406336079938,214.17415438112013
car_11,-0.24139951169490814,-0.09098730981349945,1661.3456870894954,214.82461008985717
car_11,-0.2414395958185196,-0.09101084619760513,1669.56561436395,215.46894489892415
car_11,-0.24147577583789825,-0.09103318303823471,1677.105993424393,216.05560573491513
car_11,-0.24151328206062317,-0.09105685353279114,1685.1080877368863,216.67818920206116
car_11,-0.24155163764953613,-0.09108161181211472,1693.4638689899807,217.32829042058134
car_11,-0.24158726632595062,-0.09114710986614227,1700.9663327628518,217.65452280421258
car_11,-0.24164290726184845,-0.09175687283277512,1708.7127328046108,214.78409874436585
car_11,-0.24167802929878235,-0.09304995834827423,1711.5212466618304,207.51180655347798
car_11,-0.24167217314243317,-0.09436600655317307,1711.9623037960437,200.0396532504392
car_11,-0.24163568019866943,-0.09568892419338226,1712.3966532769223,192.68113741096937
car_11,-0.24156229197978973,-0.097135990858078,1712.8621596193648,184.7947787411998
car_11,-0.24145086109638214,-0.09863514453172684,1713.3351574987998,176.78150247155207
car_11,-0.2413136512041092,-0.10003291070461273,1713.1308555987284,169.36803222418564
car_11,-0.2411225289106369,-0.1016303300857544,1713.8936685588897,161.0833868032021
car_11,-0.2409919649362564,-0.10256557166576385,1714.3368375303066,156.25776911443953
car_11,-0.24080528318881989,-0.1037149578332901,1712.1316140326865,150.0736590339735
car_11,-0.24075312912464142,-0.1039264127612114,1705.6036863538095,148.36963377907327
car_11,-0.24073530733585358,-0.10391514003276825,1697.9371584871742,147.7212958292454
car_11,-0.2407178431749344,-0.10390427708625793,1690.6233464098293,147.10278611922553
car_11,-0.24069754779338837,-0.10389210283756256,1682.3453617319124,146.40273888687358
car_11,-0.24067769944667816,-0.10388044267892838,1674.497526251507,145.73906823250923
car_11,-0.2406580001115799,-0.1038692370057106,1666.8958153750618,145.09621168381432
car_11,-0.24063637852668762,-0.10385724902153015,1658.767840675285,144.40885039787423
car_11,-0.2406148761510849,-0.10384518653154373,1650.9262170245627,143.74740319175658
car_11,-0.24059274792671204,-0.10382804274559021,1642.756967522771,143.08303651540606
car_11,-0.24057067930698395,-0.10381157696247101,1634.8566396074202,142.43992229615395
car_11,-0.24054965376853943,-0.1037963256239891,1627.5264556776638,141.8424263977448
car_11,-0.24052557349205017,-0.10377944260835648,1619.3723868653071,141.17777422565513
car_11,-0.24050043523311615,-0.10376225411891937,1611.0782206698666,140.5017024749338
car_11,-0.24047531187534332,-0.10374575108289719,1603.0235936624033,139.84515597537893
car_11,-0.24045129120349884,-0.10373007506132126,1595.5218770649212,139.2336781542252
car_11,-0.24042437970638275,-0.10371322184801102,1587.3326133737266,138.5661571870341
car_11,-0.24039801955223083,-0.10369709134101868,1579.5104005320088,137.92855516583006
car_11,-0.24036899209022522,-0.1036798357963562,1571.1297438694673,137.2454334283909
car_11,-0.24034325778484344,-0.10366491228342056,1563.866088983525,136.65336042675824
car_11,-0.2403349131345749,-0.1035340428352356,1556.5662948074748,136.66505231397645
car_11,-0.24030371010303497,-0.10351771116256714,1548.2810986238271,135.98628560154242
car_11,-0.24027101695537567,-0.10350093245506287,1539.7865021682856,135.29036372090408
car_11,-0.2402420938014984,-0.10346611589193344,1531.73173488799,134.7304484338485
car_11,-0.24022303521633148,-0.10342063009738922,1525.7665652392475,134.41942402414753
car_11,-0.24021686613559723,-0.10340575873851776,1523.8405593935552,134.31900192946944
car_11,-0.2402147501707077,-0.1034008339047432,1523.1840944144776,134.28477379437356
car_11,-0.2402135580778122,-0.10339797288179398,1522.8205505352473,134.26581858821913
car_11,-0.24021342396736145,-0.10339768975973129,1522.7689009527867,134.26312557497022
car_12,-0.15093763172626495,-0.12505608797073364,1513.2656216078701,844.8946813800317
car_12,-0.15104807913303375,-0.12481711804866791,1515.3621826311073,845.0949826321313
car_12,-0.15129563212394714,-0.12429727613925934,1519.8682390404626,845.4774192071711
car_12,-0.15166664123535156,-0.12355084717273712,1526.4633676388573,846.0371588473321
car_12,-0.1521911323070526,-0.12255868315696716,1535.5048254770695,846.8045225584996
car_12,-0.15288448333740234,-0.12135159969329834,1547.028824428791,847.782583703209
car_12,-0.1537107527256012,-0.12005575001239777,1560.2618964076742,848.9055666113048
car_12,-0.15463143587112427,-0.11877485364675522,1574.5327913873582,850.1146791995187
car_12,-0.15557259321212769,-0.11762455105781555,1588.7724729190281,851.321147204266
car_12,-0.15652072429656982,-0.1166110709309578,1602.9077730842516,852.5187714172032
car_12,-0.1572795957326889,-0.11589579284191132,1614.128819613711,853.4596290093461
car_12,-0.15779706835746765,-0.11545979976654053,1621.1507029405348,853.8080079884334
car_12,-0.15907680988311768,-0.1148405447602272,1625.302177585056,850.393369333946
car_12,-0.16072845458984375,-0.11416495591402054,1626.0775195046185,844.296303346922
car_12,-0.16274422407150269,-0.11337709426879883,1626.674121901778,836.7646510437489
car_12,-0.16501963138580322,-0.11252875626087189,1627.3390812681073,828.3337671259613
car_12,-0.16711267828941345,-0.11178360879421234,1627.951209796245,820.626416861026
car_12,-0.16913096606731415,-0.11109326034784317,1628.53906774853,813.2246590013275
car_12,-0.17126286029815674,-0.11039087176322937,1629.1575764773038,805.4369752136037
car_12,-0.1735193282365799,-0.10967317968606949,1629.8090399108703,797.2334871523042
car_12,-0.1758091300725937,-0.10896783322095871,1630.4653054444416,788.950756856453
car_12,-0.17786969244480133,-0.1083487942814827,1631.0528508937764,781.5353430575436
car_12,-0.18028612434864044,-0.10763775557279587,1631.7381382873018,772.8863277346945
car_12,-0.1829468160867691,-0.10677888989448547,1632.3790980573337,764.7967715503636
car_12,-0.18570944666862488,-0.1059088334441185,1633.0674326606993,756.1092973782078
car_12,-0.18795324862003326,-0.10521447658538818,1633.6579213558819,748.6567368600134
car_12,-0.19038279354572296,-0.10446326434612274,1634.3443031318766,740.0921003764332
car_12,-0.19148434698581696,-0.10411906987428665,1634.6851036695057,736.0139973754092
car_12,-0.19304125010967255,-0.10362335294485092,1634.6333862624704,729.7588868664169
car_12,-0.19494043290615082,-0.10299727320671082,1634.4345349301354,721.62011576851
car_12,-0.1968904733657837,-0.10232154279947281,1635.1946240108414,713.1004046232932
car_12,-0.1986169070005417,-0.10168040543794632,1635.916719294603,705.0054674939521
car_12,-0.20028920471668243,-0.10100670158863068,1636.665960166388,696.6062189623176
car_12,-0.20174014568328857,-0.10036809742450714,1637.3602571595382,688.8251198871528
car_12,-0.20314334332942963,-0.09969080239534378,1638.081248269868,680.821205915518
car_12,-0.20449863374233246,-0.09896929562091827,1638.7020876266927,672.5500865969818
car_12,-0.20581190288066864,-0.09819725155830383,1639.3331772763338,664.022951742712
car_12,-0.20700703561306,-0.09743882715702057,1639.9563763281587,655.6076365206865
car_12,-0.20792801678180695,-0.09685371816158295,1640.5154855849707,648.0384233880183
car_12,-0.20886537432670593,-0.09618905186653137,1641.1390537595078,639.8290901402593
car_12,-0.20975373685359955,-0.09548008441925049,1641.8694243660307,631.5182892014413
car_12,-0.21039217710494995,-0.09490799903869629,1642.4295998390726,625.1441186013625
car_12,-0.21112702786922455,-0.09412172436714172,1641.6060123098716,617.5894545100865
car_12,-0.21113772690296173,-0.0940665528178215,1634.89909302209,614.7669705685182
car_12,-0.21081484854221344,-0.09438207745552063,1625.8604375738907,614.0399258892174
car_12,-0.210439994931221,-0.0947033241391182,1614.3375487761914,613.0530314190077
car_12,-0.21001604199409485,-0.09502154588699341,1600.7298278576175,611.8842396003437
car_12,-0.20958499610424042,-0.09532197564840317,1587.4430772802525,610.7450187922167
car_12,-0.2090975046157837,-0.09563858807086945,1573.1216853183385,609.5421411913185
car_12,-0.2086193859577179,-0.09592859447002411,1559.6983270087055,608.4175692845066
car_12,-0.20808355510234833,-0.09623360633850098,1545.328513767816,607.2137059960446
car_12,-0.2075319141149521,-0.09652883559465408,1531.221572351221,606.0318653834195
car_12,-0.20695556700229645,-0.09681980311870575,1517.1823110755702,604.8556948261858
car_12,-0.2063218355178833,-0.09713838249444962,1503.020993354153,603.669298716837
car_12,-0.20556561648845673,-0.09754282236099243,1488.94561744014,602.7296433352745
car_12,-0.20499499142169952,-0.0978352278470993,1478.5126920110124,601.9278139063132
car_12,-0.2043803483247757,-0.09813989698886871,1467.6541806729008,601.0666406634328
car_12,-0.20390684902668,-0.09836872667074203,1459.6354730356788,600.445943863759
car_12,-0.20345179736614227,-0.09858395904302597,1452.1493452283241,599.8614393185624
car_12,-0.20294354856014252,-0.09881947189569473,1444.0441731455699,599.228139595747
car_12,-0.20240990817546844,-0.09906180202960968,1435.808815716934,598.5846678071669
car_12,-0.20186765491962433,-0.09930329769849777,1427.716519967916,597.952364445503
car_12,-0.20131707191467285,-0.09954436123371124,1419.767060666845,597.3311534892094
car_12,-0.2007323056459427,-0.09979613125324249,1411.604408264649,596.693282545713
car_12,-0.20009039342403412,-0.10006846487522125,1402.9511613386444,596.0170740648138
car_12,-0.1995008885860443,-0.10031542927026749,1395.2720921381615,595.4169927585501
car_12,-0.19891242682933807,-0.10055945813655853,1387.8450455146863,594.8366057711252
car_12,-0.19826337695121765,-0.10082634538412094,1379.9149154253832,594.2169052972017
car_12,-0.1976323425769806,-0.10108412802219391,1372.4495301411491,593.6335223329171
car_12,-0.1969781070947647,-0.10135038942098618,1364.9502951714148,593.0484361571945
car_12,-0.19633467495441437,-0.10161158442497253,1357.8332101239248,592.5068602119134
car_12,-0.19610147178173065,-0.10170331597328186,1354.3346460200612,591.8797544108976
car_12,-0.19609865546226501,-0.10170362889766693,1354.0394220823807,591.7588909196323
car_12,-0.19609858095645905,-0.1017036885023117,1354.0232710978285,591.7522787715942
car_12,-0.1960984170436859,-0.10170364379882812,1354.017850569821,591.7500596292556
car_12,-0.1960853785276413,-0.10170508921146393,1352.516134376038,591.1302660176352
car_12,-0.19631364941596985,-0.10159699618816376,1349.9684956834653,589.0742203677673
car_12,-0.1971489042043686,-0.10121341794729233,1346.7999899025522,584.2477059303944
car_12,-0.19867147505283356,-0.10050270706415176,1345.3359221650755,577.1083037349825
car_12,-0.20064415037631989,-0.09953740984201431,1346.298407156689,568.5243290172958
car_12,-0.20236313343048096,-0.09863564372062683,1347.439983448496,560.5195960591461
car_12,-0.20383884012699127,-0.09780658781528473,1348.3703841547353,553.0453628894866
car_12,-0.20520640909671783,-0.09698740392923355,1348.9236725938358,545.4204827944362
car_12,-0.20645318925380707,-0.09621942043304443,1349.499311927254,537.4875845353589
car_12,-0.20752127468585968,-0.09554658085107803,1350.0807360630913,529.4229063603464
car_12,-0.20843099057674408,-0.09492217749357224,1350.6194447532068,521.9406127598487
car_12,-0.20938821136951447,-0.09418456256389618,1351.238579805719,513.3412522404143
car_12,-0.21031109988689423,-0.0931747630238533,1351.8100809321422,505.403494228758
car_12,-0.2112041562795639,-0.09191425144672394,1352.072323462659,497.35996028452286
car_12,-0.21152983605861664,-0.09132857620716095,1346.9616879108346,492.1541122635044
car_12,-0.21128110587596893,-0.09167890250682831,1338.9832060097417,491.14464783127016
car_12,-0.21096788346767426,-0.09210344403982162,1330.4144822830078,490.44846254824614
car_12,-0.21067120134830475,-0.09247768670320511,1322.441431946241,489.8006740931289
car_12,-0.2103801816701889,-0.09282038360834122,1314.7566338245729,489.17630533928235
car_12,-0.21004685759544373,-0.09318532049655914,1306.1313404228042,488.47552392543645
car_12,-0.20974969863891602,-0.09348844736814499,1298.5943370670418,487.86316309064676
car_12,-0.20941776037216187,-0.09380461275577545,1290.356829272057,487.19388819294267
car_12,-0.20910660922527313,-0.09407034516334534,1282.6386106011266,486.5668041112026
car_12,-0.20880703628063202,-0.09426568448543549,1274.7415123502662,485.9251428697637
car_12,-0.20850084722042084,-0.09445551782846451,1266.9202976601462,485.2888932620357
car_12,-0.2081802636384964,-0.09464548528194427,1258.9972103624957,484.64435639853633
car_12,-0.20783202350139618,-0.09484374523162842,1250.682396151217,483.96795286150774
car_12,-0.20749340951442719,-0.09503000229597092,1242.8769221691882,483.33298374789035
car_12,-0.2071707546710968,-0.0952025055885315,1235.685192141749,482.7479422178804
car_12,-0.20711369812488556,-0.09521600604057312,1230.7789329795178,481.0499602030277
car_12,-0.2063790112733841,-0.09564340859651566,1225.8426000574357,484.4009991384652
car_12,-0.2055075615644455,-0.0961589589715004,1226.0897502355842,490.62444580660156
car_12,-0.20391741394996643,-0.09711694717407227,1225.5431206249011,499.31569591672064
car_12,-0.20176155865192413,-0.09836764633655548,1224.7584070319524,509.7706174227746
car_12,-0.1987450271844864,-0.10000543296337128,1223.7840968308576,522.7492602449787
car_12,-0.19490979611873627,-0.10193023830652237,1221.2683843663594,536.5586538086063
car_12,-0.19068802893161774,-0.10394436866044998,1219.2592705060993,550.1358530189968
car_12,-0.18724317848682404,-0.10556989908218384,1218.4857737091693,560.5248375208828
car_12,-0.1851581484079361,-0.10656550526618958,1217.962277899498,566.432218531346
car_12,-0.18426154553890228,-0.10699909925460815,1217.724900450785,568.8997467532857
car_12,-0.1840425282716751,-0.10710564255714417,1217.6672859487096,569.4972914462397
car_12,-0.1840200573205948,-0.10711657255887985,1217.661403699452,569.5582987742549
car_12,-0.1840055137872696,-0.10712358355522156,1217.6576156361336,569.5975864023859
car_12,-0.1840006560087204,-0.10712600499391556,1217.6563068685234,569.6111601921717
car_12,-0.18399985134601593,-0.1071263998746872,1217.6561193762789,569.6131047545923
car_12,-0.18326912820339203,-0.10748444497585297,1217.3392401489668,571.5318543229951
car_12,-0.18256787955760956,-0.10783159732818604,1216.9165134000084,573.2970869010637
car_12,-0.18232135474681854,-0.10795430839061737,1216.7689546433974,573.9132663242747
car_12,-0.18209849298000336,-0.10806584358215332,1216.6140340391862,574.4590444920187
car_12,-0.18209068477153778,-0.10806982219219208,1216.6022533315843,574.4751090932942
car_12,-0.18208934366703033,-0.10807047039270401,1216.6001682261733,574.4779524188544
car_12,-0.1813521534204483,-0.10842874646186829,1215.4165096277688,576.0931608947022
car_12,-0.1802908331155777,-0.1088976189494133,1212.284382990561,578.2275090184149
car_12,-0.17944543063640594,-0.1092933639883995,1206.969041394409,578.6091426416008
car_12,-0.1786694973707199,-0.10967623442411423,1200.1430472590562,578.0452129237548
car_12,-0.17775221168994904,-0.11013882607221603,1192.1443301810764,577.3998718642251
car_12,-0.17675529420375824,-0.11065509170293808,1183.4866803619143,576.7013677350172
car_12,-0.175789013504982,-0.11116906255483627,1175.135864750122,576.0284819940857
car_12,-0.17478327453136444,-0.11171855032444,1166.483044953402,575.3299717777192
car_12,-0.1738562136888504,-0.1122380718588829,1158.5429142928951,574.6879093178862
car_12,-0.1728985756635666,-0.11278831213712692,1150.3742229784275,574.0250142305379
car_12,-0.17202390730381012,-0.11330270767211914,1142.9484746216554,573.4224094905509
car_12,-0.1711162030696869,-0.11384831368923187,1135.2751097590133,572.7997104956863
car_12,-0.17012396454811096,-0.11445877701044083,1126.9209489334012,572.1217644261111
car_12,-0.16922703385353088,-0.11502335965633392,1119.3909557363643,571.5107001434834
car_12,-0.16832436621189117,-0.11560392379760742,1111.8290488430932,570.8975112758404
car_12,-0.16733898222446442,-0.11625257879495621,1103.576647523637,570.2293581974349
car_12,-0.16630345582962036,-0.11695169657468796,1094.891906311181,569.5272465825257
car_12,-0.1653585135936737,-0.11760631203651428,1086.9337255297098,568.8839780823612
car_12,-0.16452503204345703,-0.11825810372829437,1079.4137249838861,568.27612817229
car_12,-0.16390372812747955,-0.11901052296161652,1071.9760265223822,567.6749308301604
car_12,-0.1632206290960312,-0.11989124119281769,1063.707368497061,567.0065661131002
car_12,-0.16260728240013123,-0.12073279917240143,1056.178653501962,566.3980118045151
car_12,-0.16194219887256622,-0.12170150876045227,1047.8879486581332,565.7278650188813
car_12,-0.16131195425987244,-0.12267651408910751,1039.8844653521019,565.0809346658602
car_12,-0.1606801599264145,-0.12371186912059784,1031.69553093115,564.4190140953731
car_12,-0.16016457974910736,-0.12460312247276306,1024.8255184295228,563.8469419175724
car_12,-0.1599772423505783,-0.12493772059679031,1022.2788150783462,563.6291139145346
car_12,-0.15995745360851288,-0.12497366219758987,1022.0072912387786,563.6059463514316
car_12,-0.1599569022655487,-0.12497449666261673,1022.0014548771915,563.6054483683611
car_12,-0.1597883552312851,-0.12528085708618164,1019.6941148653291,563.4092856244407
car_12,-0.15948450565338135,-0.12584471702575684,1015.4969016793286,563.0534412820556
car_12,-0.15902377665042877,-0.1267290711402893,1009.0163759751307,562.5040151973355
car_12,-0.15846675634384155,-0.12784692645072937,1000.9775646375556,561.8190801317418
car_12,-0.1579408496618271,-0.1289515197277069,993.187592499432,561.1614850811209
car_12,-0.15737800300121307,-0.13018864393234253,984.5924942993175,560.4359248434489
car_12,-0.1568962037563324,-0.13129431009292603,977.0011081196892,559.7958257261372
car_12,-0.15640760958194733,-0.13245928287506104,969.0676225102328,559.1276251072
car_12,-0.1559278964996338,-0.13364693522453308,961.0275849094485,558.4504501092747
car_12,-0.15549243986606598,-0.13476291298866272,953.4967987150429,557.8161669903656
car_12,-0.15507128834724426,-0.1358778029680252,945.9832940688815,557.1833394159424
car_12,-0.15464797616004944,-0.13703332841396332,938.188368070053,556.5248193117676
car_12,-0.15424500405788422,-0.13816624879837036,930.5505424733615,555.8869476522034
car_12,-0.15387028455734253,-0.1392958164215088,922.1015836841798,554.7623033932308
car_12,-0.1537247896194458,-0.13992992043495178,914.1931836063726,552.2363864586828
car_12,-0.1536100059747696,-0.14049500226974487,906.4776837704201,549.5767490601748
car_12,-0.15336503088474274,-0.14133770763874054,899.0200971215797,548.0347615756673
car_12,-0.15309202671051025,-0.14225870370864868,891.4028746273615,546.6722403639668
car_12,-0.1528300791978836,-0.14315593242645264,883.9790526267126,545.3443134253156
car_12,-0.1522761583328247,-0.14457152783870697,876.6432261467609,544.0321265761229
car_12,-0.15143956243991852,-0.14642366766929626,868.5842500626472,542.5912447081703
car_12,-0.15060213208198547,-0.14813263714313507,860.5932508761184,541.1625509142151
car_12,-0.14982622861862183,-0.14960917830467224,852.5606414534898,539.4652668997685
car_12,-0.14917421340942383,-0.1507764309644699,845.1196127742835,537.6339856983438
car_12,-0.14847156405448914,-0.15194010734558105,837.1745422640696,535.678156303732
car_12,-0.148013174533844,-0.15269725024700165,829.9411625200634,533.234623782301
car_12,-0.14749407768249512,-0.15350280702114105,821.8491716219883,530.5010409175338
car_12,-0.14700908958911896,-0.15420827269554138,814.3895796269971,527.9810908690838
car_12,-0.14647117257118225,-0.15494152903556824,806.2300699344604,525.224699251574
car_12,-0.14597561955451965,-0.1555744856595993,798.8236689740993,522.7227178467687
car_12,-0.1454850435256958,-0.15616601705551147,791.4834314219881,520.2157108560889
car_12,-0.14501485228538513,-0.15670764446258545,784.1649658420533,517.6244480174013
car_12,-0.14453783631324768,-0.15722808241844177,776.8141292266008,515.0112793195931
car_12,-0.1439981609582901,-0.15778380632400513,768.650570042194,512.1091936877955
car_12,-0.14337880909442902,-0.1583682745695114,760.3954134497986,509.3845588495834
car_12,-0.14273053407669067,-0.15893886983394623,752.1809475956733,506.7362843948536
car_12,-0.1422099769115448,-0.15936216711997986,746.4047373184089,505.06088852675225
car_12,-0.1420636773109436,-0.15947559475898743,744.9375631018057,504.6777905504625
car_12,-0.1419958472251892,-0.15952757000923157,744.268905851101,504.5065490594283
car_12,-0.14198356866836548,-0.1595369577407837,744.1484573693011,504.4757024970162
car_12,-0.14198139309883118,-0.15953853726387024,744.1274099414674,504.47031230208313
car_12,-0.14198102056980133,-0.1595388650894165,744.1232228439202,504.46923999661374
car_12,-0.1419806182384491,-0.159539133310318,744.1198401028048,504.4683736848647
car_12,-0.1419806033372879,-0.15953916311264038,744.1197163722139,504.46834199776214
car_12,-0.1419806033372879,-0.15953916311264038,744.1197163722139,504.46834199776214
car_12,-0.1419806033372879,-0.15953916311264038,744.1197163722139,504.46834199776214
car_12,-0.1419806033372879,-0.15953916311264038,744.1197163722139,504.46834199776214
car_12,-0.1419806033372879,-0.15953916311264038,744.1197163722139,504.46834199776214
car_12,-0.1419806033372879,-0.15953916311264038,744.1197163722139,504.46834199776214
car_12,-0.1419806033372879,-0.15953916311264038,744.1197163722139,504.46834199776214
car_12,-0.1419806033372879,-0.15953916311264038,744.1197163722139,504.46834199776214
car_12,-0.1419806033372879,-0.15953916311264038,744.1197163722139,504.46834199776214
car_12,-0.1419806033372879,-0.15953916311264038,744.1197163722139,504.46834199776214
car_12,-0.1417958289384842,-0.15967902541160583,742.3074369048702,504.0046048220988
car_12,-0.14135675132274628,-0.16000327467918396,738.0403107405101,502.9137447967644
car_12,-0.14074498414993286,-0.16043800115585327,732.1797292834675,501.41552941937516
car_12,-0.13988004624843597,-0.16102373600006104,724.065736161238,499.3412456035353
car_12,-0.13901859521865845,-0.16158246994018555,716.0461931717618,497.2423309894437
car_12,-0.13818171620368958,-0.1621149480342865,707.9148426717945,494.9251376190095
car_12,-0.1373859941959381,-0.16270561516284943,700.5854033453546,492.8114972032859
car_12,-0.13657143712043762,-0.16332891583442688,693.3502523403781,490.72504735400264
car_12,-0.13561168313026428,-0.16406621038913727,685.0882689189697,488.3424828363413
car_12,-0.13465839624404907,-0.16480500996112823,677.1359225345012,486.04373863768257
car_12,-0.1336895227432251,-0.16556507349014282,669.3108067079631,483.7808912904413
car_12,-0.1326427161693573,-0.16639915108680725,661.1309462267794,481.41545977467035
car_12,-0.13160240650177002,-0.16725069284439087,653.0077057112641,478.9767996363125
car_12,-0.13058312237262726,-0.16810068488121033,645.3071265836919,476.6724428142567
car_12,-0.12946736812591553,-0.1690468192100525,637.2279911036429,474.2950243635509
car_12,-0.12845268845558167,-0.16992494463920593,630.0579694747187,472.1831216718838
car_12,-0.1272536814212799,-0.1709842085838318,621.772631464281,469.7417087381414
car_12,-0.12610679864883423,-0.1720186322927475,614.0053914976013,467.4529620279598
car_12,-0.12524598836898804,-0.1728936731815338,605.9604799428537,464.2441044059159
car_12,-0.12440326064825058,-0.17383639514446259,598.0465844101072,461.0019794030825
car_12,-0.12360092997550964,-0.1747371256351471,590.9577565605355,458.1486844143295
car_12,-0.1225912868976593,-0.17577427625656128,582.993431240906,455.57498216827895
car_12,-0.12167634069919586,-0.17667081952095032,575.6781285970553,453.4388875058787
car_12,-0.12070347368717194,-0.17760175466537476,567.8258251450349,451.1459866775708
car_12,-0.11912304162979126,-0.1783638894557953,560.0613302023365,448.85447047434934
car_12,-0.11740300059318542,-0.17899765074253082,552.3210054266366,446.5638321552878
car_12,-0.11582110077142715,-0.17950120568275452,544.9528824456848,444.3833416295269
car_12,-0.11428293585777283,-0.17990559339523315,537.4704110680789,442.1690113326079
car_12,-0.11282610893249512,-0.18019665777683258,529.9933027579452,439.95626815873806
car_12,-0.11132361739873886,-0.18038269877433777,521.7417243941602,437.51433165858447
car_12,-0.10994750261306763,-0.1804250031709671,513.5227482845976,435.0820433288854
car_12,-0.1088063046336174,-0.18033942580223083,506.04358732562264,432.8686927029735
car_12,-0.10777093470096588,-0.18013590574264526,498.534917976418,430.64660949136874
car_12,-0.10686603933572769,-0.1798245757818222,491.1861745123075,428.47185405621036
car_12,-0.1060599833726883,-0.17939996719360352,483.7645331710763,426.27552553780936
car_12,-0.10535294562578201,-0.1788615733385086,476.272951640012,424.058499221381
car_12,-0.10475001484155655,-0.17821922898292542,468.82336207559183,421.85389982639
car_12,-0.10424091666936874,-0.17747649550437927,461.41186873529034,419.66057446360134
car_12,-0.10384306311607361,-0.1763705164194107,453.23837467294237,417.2567756805048
car_12,-0.10367528349161148,-0.17474794387817383,445.0708419200623,414.9575619697713
car_12,-0.10360106825828552,-0.1729370355606079,437.07309211518884,412.7061432656471
car_12,-0.10356455296278,-0.17108893394470215,429.7443510255601,410.64305487585784
car_12,-0.10349690914154053,-0.16889238357543945,421.8185791213026,408.41189841995146
car_12,-0.10332748293876648,-0.16655969619750977,414.0988832842646,406.2387537202927
car_12,-0.1030837744474411,-0.16503426432609558,410.18795413140117,405.74710984659896
car_12,-0.10292332619428635,-0.1642562448978424,408.4191864167616,405.6677519497385
car_12,-0.10251657664775848,-0.162593811750412,404.67747634498187,405.41777422913856
car_12,-0.10175685584545135,-0.16023601591587067,399.5455168577078,404.991085114593
car_12,-0.1004752665758133,-0.1572515219449997,392.43416384672275,403.4387401141882
car_12,-0.09968522191047668,-0.1554812490940094,383.50648832664757,397.4527067091691
car_12,-0.10279347002506256,-0.1606988161802292,382.86582981222034,386.95806426080014
car_12,-0.10546600073575974,-0.16634607315063477,382.5255267727569,374.61696622963206
car_12,-0.1081310287117958,-0.17142987251281738,382.3620036586621,361.589624806749
car_12,-0.11028848588466644,-0.17411598563194275,382.22833258800404,353.0590075842184
car_12,-0.11185269057750702,-0.17519623041152954,382.13864053348703,348.0981901420171
car_12,-0.11201677471399307,-0.17526422441005707,382.13030813063955,347.62740938113416
car_12,-0.11205752193927765,-0.1752808392047882,382.12824905987327,347.5110718828387
car_12,-0.1120666116476059,-0.17528456449508667,382.1277924148171,347.4852714371675
car_12,-0.11206769198179245,-0.1752849817276001,382.1277376588867,347.4821777270967
car_12,-0.11206836998462677,-0.17528529465198517,382.12770204836505,347.4801657326246
car_12,-0.11206836998462677,-0.17528529465198517,382.12770204836505,347.4801657326246
car_12,-0.11206836998462677,-0.17528529465198517,382.12770204836505,347.4801657326246
car_12,-0.11206836998462677,-0.17528529465198517,382.12770204836505,347.4801657326246
car_12,-0.11206836998462677,-0.17528529465198517,382.12770204836505,347.4801657326246
car_12,-0.11206836998462677,-0.17528529465198517,382.12770204836505,347.4801657326246
car_12,-0.11206836998462677,-0.17528529465198517,382.12770204836505,347.4801657326246
car_12,-0.11206836998462677,-0.17528529465198517,382.12770204836505,347.4801657326246
car_12,-0.11206836998462677,-0.17528529465198517,382.12770204836505,347.4801657326246
car_12,-0.11206836998462677,-0.17528529465198517,382.12770204836505,347.4801657326246
car_12,-0.11206836998462677,-0.17528529465198517,382.12770204836505,347.4801657326246
car_12,-0.11206836998462677,-0.17528529465198517,382.12770204836505,347.4801657326246
car_12,-0.11285999417304993,-0.17557647824287415,381.9313227860125,345.1728351187229
car_12,-0.11388316750526428,-0.17583343386650085,380.6510119293834,341.6685960176261
car_12,-0.11338752508163452,-0.1753254532814026,375.72966263519254,339.87694494355407
car_12,-0.11226503551006317,-0.17424312233924866,368.6250323052823,338.53625807632056
car_12,-0.11168710887432098,-0.1726870834827423,360.5046776396892,335.4036433080402
car_12,-0.11132180690765381,-0.17092381417751312,350.5390793391948,330.40940557986
car_12,-0.11179295182228088,-0.17007265985012054,340.4861476215096,322.39442978943407
car_12,-0.11260570585727692,-0.1695842146873474,330.1678385992774,313.01848021393766
car_12,-0.11342259496450424,-0.1690707504749298,319.6986364157076,303.4758999627645
car_12,-0.11423388123512268,-0.1685120165348053,308.9999809569521,293.7241751890231
car_12,-0.11416281014680862,-0.16706891357898712,298.1701399788229,285.945852945863
car_12,-0.11222471296787262,-0.16371896862983704,287.22340979681024,281.95886909134845
car_12,-0.11074986308813095,-0.16138426959514618,280.4881259915392,279.5357441033957
car_12,-0.11070448160171509,-0.16106566786766052,277.9603586245715,277.4692652351691
car_12,-0.11212556809186935,-0.16275393962860107,279.705849523334,275.99686511576175
car_12,-0.112733393907547,-0.16367237269878387,282.21787967742205,276.76032578547034
car_12,-0.11352543532848358,-0.1649514138698578,286.1736431328467,278.18490268295534
car_12,-0.1144930049777031,-0.16656573116779327,291.49788493968157,280.102305470081
car_12,-0.11562217772006989,-0.16848766803741455,298.4127188777538,282.592523297594
car_12,-0.11612420529127121,-0.16994206607341766,306.61134598883467,287.2760553656079
car_12,-0.11545337736606598,-0.1703859567642212,314.82670122752523,294.7001707248664
car_13,-0.23911119997501373,-0.06595589220523834,1718.5393100850122,341.7103038202412
car_13,-0.23915697634220123,-0.06574613600969315,1719.2419561362394,342.8944834642031
car_13,-0.23926515877246857,-0.06526660919189453,1720.8936583748448,345.6047947242561
car_13,-0.23946206271648407,-0.0644453763961792,1723.7082369750397,350.2232930795361
car_13,-0.23974178731441498,-0.06335189938545227,1727.3955548301335,356.27388674494955
car_13,-0.2400270402431488,-0.06185551732778549,1731.602556888765,363.17724062076803
car_13,-0.2404046207666397,-0.060233600437641144,1736.1611049885428,370.65745343125116
car_13,-0.23980635404586792,-0.058909956365823746,1740.891762146598,378.42008344000647
car_13,-0.23879383504390717,-0.057921767234802246,1745.1222291506108,385.36194141432196
car_13,-0.23811203241348267,-0.057290975004434586,1747.904856438183,389.92801022125485
car_13,-0.2373497486114502,-0.05665268376469612,1747.6814026856582,394.13069353487225
car_13,-0.2372444123029709,-0.056623850017786026,1742.8192487203294,393.4997897668547
car_13,-0.2382998764514923,-0.05756602808833122,1738.5916736974873,386.5621563560001
car_13,-0.23945313692092896,-0.05866421386599541,1733.8483258684214,378.7781174683566
car_13,-0.24049535393714905,-0.05981659144163132,1729.1606504296867,371.0854393804947
car_13,-0.24008269608020782,-0.06149984523653984,1724.4452913468476,363.3473312356299
car_13,-0.2397834062576294,-0.06297881156206131,1720.340048866016,356.61045081581653
car_13,-0.23954689502716064,-0.06404236704111099,1717.0234076005177,351.16769908911317
car_13,-0.2392672747373581,-0.06517933309078217,1713.1830600968817,344.827641603339
car_13,-0.23911656439304352,-0.06584687530994415,1710.9913311378177,341.09217864099065
car_13,-0.238919198513031,-0.06678880751132965,1707.7034647355888,335.76919957771
car_13,-0.23870985209941864,-0.06789595633745193,1703.5153415469595,329.4471653654309
car_13,-0.2385282814502716,-0.06895378977060318,1698.3344523257733,323.2403661635372
car_13,-0.23842845857143402,-0.06951363384723663,1691.6754945669447,319.4086022329704
car_13,-0.23842009902000427,-0.06941990554332733,1684.3635455098024,318.8435496530067
car_13,-0.238412007689476,-0.06932476162910461,1677.0617050480691,318.28236817754714
car_13,-0.23840457201004028,-0.06923484802246094,1670.2449900261709,317.75871217182174
car_13,-0.2383982390165329,-0.06915386021137238,1664.171878589761,317.29267788208864
car_13,-0.2383907288312912,-0.06905077397823334,1656.5252250086069,316.7060626424755
car_13,-0.23837806284427643,-0.06899399310350418,1649.551796046582,315.9805188579015
car_13,-0.23833920061588287,-0.06910137832164764,1642.3855956585737,314.4108200271899
car_13,-0.2383313924074173,-0.06899572908878326,1634.6628158524863,313.81504535833926
car_13,-0.23832450807094574,-0.06889893114566803,1627.668594177105,313.27547538390684
car_13,-0.23831769824028015,-0.06879723817110062,1620.3982488073373,312.71460381772687
car_13,-0.23831124603748322,-0.06869753450155258,1613.3529780344957,312.1710956552458
car_13,-0.2383057028055191,-0.06860870122909546,1607.1052029791301,311.68676799836913
car_13,-0.2383095920085907,-0.06845183670520782,1600.2030893233637,311.42826158392575
car_13,-0.23833952844142914,-0.06813971698284149,1592.7591724043739,311.82163281675673
car_13,-0.23833651840686798,-0.06802208721637726,1585.4932300885393,311.302988639706
car_13,-0.2383335679769516,-0.06789687275886536,1577.8617034602366,310.75824899332156
car_13,-0.2383308857679367,-0.06776995211839676,1570.211075594824,310.2121458974394
car_13,-0.23832891881465912,-0.06766554713249207,1563.9837794100415,309.7676404548392
car_13,-0.23832719027996063,-0.06754983961582184,1557.1623795017106,309.280727789144
car_13,-0.23832528293132782,-0.06741929799318314,1549.5371926451585,308.7364406767269
car_13,-0.2383236289024353,-0.06729620695114136,1542.4347010565289,308.2294636399058
car_13,-0.23832230269908905,-0.06717082858085632,1535.2747642733723,307.71838615549706
car_13,-0.23832112550735474,-0.06704599410295486,1528.2190356945296,307.2147470701313
car_13,-0.23831994831562042,-0.066928431391716,1521.6440775123883,306.7454254560458
car_13,-0.23831911385059357,-0.06681987643241882,1515.6285733160196,306.3160377609808
car_13,-0.2383183389902115,-0.06669817864894867,1508.9712576568595,305.8435204553709
car_13,-0.23831848800182343,-0.06656135618686676,1501.8189907252327,305.3568647950227
car_13,-0.2383192628622055,-0.06641916930675507,1494.5831949689305,304.87517651023273
car_13,-0.23832477629184723,-0.06626934558153152,1488.1557138254097,304.54528956284895
car_13,-0.23832236230373383,-0.06615317612886429,1481.6409333005583,304.0497740241695
car_13,-0.23831874132156372,-0.06601937860250473,1474.0405960237708,303.45967359666287
car_13,-0.23830515146255493,-0.06584759056568146,1465.9831827411986,302.8328407967221
car_13,-0.23828746378421783,-0.06566575914621353,1458.3274138605473,302.237254238746
car_13,-0.2382708042860031,-0.06549008190631866,1450.971024672064,301.6612931078634
car_13,-0.23825690150260925,-0.06533871591091156,1444.6973795798788,301.16982303457286
car_13,-0.238241508603096,-0.06516425311565399,1437.532844326305,300.6085616602957
car_13,-0.2382267564535141,-0.06499318778514862,1430.567873461474,300.06196802471266
car_13,-0.23823870718479156,-0.06463411450386047,1422.9884003379711,300.05913524721296
car_13,-0.2382631152868271,-0.06426438689231873,1416.2496256291,300.26705944769
car_13,-0.23825766146183014,-0.06406989693641663,1409.3176946911021,299.8264525030243
car_13,-0.23825280368328094,-0.06384822726249695,1401.5061411378394,299.3305151839093
car_13,-0.23824943602085114,-0.06363841146230698,1394.1712719697853,298.8630080525296
car_13,-0.23824788630008698,-0.06351368129253387,1389.8434795312226,298.58699869303376
car_13,-0.2380087822675705,-0.06339502334594727,1383.0835618511958,298.1553664621773
car_13,-0.23805128037929535,-0.063533253967762,1379.0116513617238,296.8872094735619
car_13,-0.23803125321865082,-0.06365140527486801,1373.2274146386087,295.4782615810974
car_13,-0.23773962259292603,-0.06354624032974243,1365.7041068707529,294.9272197164887
car_13,-0.2373368889093399,-0.0633748397231102,1356.7513571044303,294.513873239263
car_13,-0.2370194047689438,-0.06326916813850403,1348.7864163991449,293.9263915710212
car_13,-0.2367105334997177,-0.06316982209682465,1341.1325438495244,293.36185380729665
car_13,-0.23637031018733978,-0.06306444108486176,1332.8021669180796,292.74741813001407
car_13,-0.2360747903585434,-0.06297637522220612,1325.6524729760577,292.2200677981165
car_13,-0.23579539358615875,-0.06289619207382202,1318.9607370026238,291.72632745406816
car_13,-0.23550741374492645,-0.06281667947769165,1312.1309231975406,291.22228215480004
car_13,-0.235196053981781,-0.06273457407951355,1304.8027332852691,290.6791571821047
car_13,-0.23486079275608063,-0.0626506581902504,1296.9782590809812,290.0977835663578
car_13,-0.23450593650341034,-0.0625668317079544,1288.7861495061834,289.48909392923366
car_13,-0.23418977856636047,-0.06249614059925079,1281.5649842285577,288.9557370906989
car_13,-0.23382486402988434,-0.06241997703909874,1273.304213264997,288.34588151620784
car_13,-0.233478844165802,-0.06233923137187958,1266.04937443652,287.913449589363
car_13,-0.23309698700904846,-0.06223341450095177,1258.9488976203374,287.67344996078634
car_13,-0.23260827362537384,-0.06204826384782791,1252.1246861911666,287.97780191448516
car_13,-0.23165005445480347,-0.06168351694941521,1243.5383896601877,289.91385984716635
car_13,-0.2293139398097992,-0.060581110417842865,1239.7070286875864,299.5909112635162
car_13,-0.22665713727474213,-0.05958573520183563,1238.5649418002054,312.30692126464214
car_13,-0.22401057183742523,-0.05922941491007805,1237.5027596816274,326.8527406912438
car_13,-0.22181646525859833,-0.0601232685148716,1236.4064658659295,341.86569525217294
car_13,-0.22018077969551086,-0.06274972856044769,1235.3195983947132,356.7495628116499
car_13,-0.21878109872341156,-0.06733112782239914,1234.1803567782515,372.257857083517
car_13,-0.21731142699718475,-0.0721307098865509,1233.0062190792253,387.00319675830144
car_13,-0.21584850549697876,-0.07752712070941925,1231.884420052987,401.88140815429523
car_13,-0.21429996192455292,-0.08293155580759048,1230.7716134910947,416.97496692400523
car_13,-0.21272684633731842,-0.08750133961439133,1229.693985147535,431.5913857091036
car_13,-0.21108950674533844,-0.0910237729549408,1228.6132842090244,446.2494796550572
car_13,-0.20925889909267426,-0.09358491748571396,1227.4737787914053,461.7051685215829
car_13,-0.20733721554279327,-0.0950528159737587,1225.7871398536415,477.12268098845544
car_13,-0.20520298182964325,-0.09634142369031906,1225.9875879028334,492.44293532956516
car_13,-0.2022816389799118,-0.09807207435369492,1224.940016624721,507.3509906261895
car_13,-0.19879727065563202,-0.09997815638780594,1223.8000022484925,522.5381519745515
car_13,-0.1947159469127655,-0.10202422738075256,1221.0627850317114,537.1704574967291
car_13,-0.19024305045604706,-0.1041540801525116,1219.1559426987126,551.523668707202
car_13,-0.18658031523227692,-0.10588470101356506,1218.3432475959003,562.4391332073583
car_13,-0.18368899822235107,-0.10727812349796295,1217.5747530822812,570.456989460913
car_13,-0.18231791257858276,-0.10795606672763824,1216.7667959973737,573.9222804505275
car_13,-0.1821945607662201,-0.10801775753498077,1216.6930822369009,574.2300961536008
car_13,-0.1820969581604004,-0.108066625893116,1216.611750503858,574.4621584038298
car_13,-0.18209008872509003,-0.10807012766599655,1216.6012332369612,574.4765001314166
car_13,-0.18126820027828217,-0.10846514999866486,1215.2611253362397,576.3052046516508
car_13,-0.18009309470653534,-0.10898752510547638,1211.3852148453932,578.4773713941297
car_13,-0.17923246324062347,-0.10939774662256241,1205.086560457545,578.4507461873662
car_13,-0.178240567445755,-0.1098911240696907,1196.3990757193737,577.7431471628694
car_13,-0.177199125289917,-0.1104234904050827,1187.3373572058265,577.0120425407555
car_13,-0.17613522708415985,-0.11098334938287735,1178.1235987509801,576.2691998993681
car_13,-0.1751522570848465,-0.11151515692472458,1169.653682043759,575.5859713650146
car_13,-0.17408934235572815,-0.11210625618696213,1160.5372877999446,574.8497541409143
car_13,-0.17309263348579407,-0.1126757562160492,1152.026022156385,574.1590589040604
car_13,-0.1720719188451767,-0.11327415704727173,1143.3549708043283,573.4553969437604
car_13,-0.17097361385822296,-0.1139352023601532,1134.071584108148,572.7020435364706
car_13,-0.1699884533882141,-0.11454323679208755,1125.782537667668,572.0293815453797
car_13,-0.1689852476119995,-0.11517761647701263,1117.365291984723,571.3463160949389
car_13,-0.16802553832530975,-0.11579897999763489,1109.3272283071665,570.6949521626818
car_13,-0.16700811684131622,-0.1164739727973938,1100.805393154277,570.0052402241325
car_13,-0.1659763753414154,-0.11717626452445984,1092.1414873498002,569.3049271946286
car_13,-0.16494464874267578,-0.11789825558662415,1083.4337318851772,568.6010697488957
car_13,-0.16411390900611877,-0.11875083297491074,1074.5005767511766,567.8789930001286
car_13,-0.16341522336006165,-0.11963444203138351,1066.0745646637988,567.1979091812696
car_13,-0.1627061367034912,-0.12059380859136581,1057.399828508319,566.4967207225893
car_13,-0.16199588775634766,-0.12162134796380997,1048.5615362564668,565.7823118448591
car_13,-0.1613604724407196,-0.12259940803050995,1040.507228028337,565.1312732575184
car_13,-0.16066300868988037,-0.12374075502157211,1031.470086814439,564.4007911996122
car_13,-0.1601932793855667,-0.12455244362354279,1025.2134880737362,563.8802758249511
car_13,-0.1599614918231964,-0.12496600300073624,1022.0647022921621,563.6108449054746
car_13,-0.15995736420154572,-0.12497370690107346,1022.0071560681383,563.6059348181005
car_13,-0.15995682775974274,-0.12497459352016449,1022.0006849043755,563.6053826710217
car_13,-0.15995655953884125,-0.12497500330209732,1021.9978246148835,563.6051386190173
car_13,-0.15981386601924896,-0.12522591650485992,1020.3104473998482,563.561706810493
car_13,-0.15929731726646423,-0.12607884407043457,1016.6897342852401,564.5843202407575
car_13,-0.15803247690200806,-0.1280694156885147,1014.8176591756139,570.5798064971833
car_13,-0.15661843121051788,-0.13044746220111847,1014.1889304640366,578.4857355075479
car_13,-0.1550498604774475,-0.13334143161773682,1013.4174056817783,588.0333546879941
car_13,-0.15333792567253113,-0.13680332899093628,1012.5242070889705,599.6635627381305
car_13,-0.1516069769859314,-0.1406189203262329,1011.5596160490669,613.1215897811683
car_13,-0.14951974153518677,-0.14530646800994873,1010.2017412501009,627.6427898022555
car_13,-0.14656893908977509,-0.1503523886203766,1009.1384210897963,638.7327400745908
car_13,-0.14486882090568542,-0.1526518166065216,1008.5382833758676,645.3463002942972
car_13,-0.14287713170051575,-0.15484729409217834,1007.7278818051598,653.3024198042847
car_13,-0.1406215876340866,-0.15678206086158752,1006.6605172522926,662.6270982172052
car_13,-0.13801777362823486,-0.15843890607357025,1005.4303662411138,673.9498907158813
car_13,-0.13508588075637817,-0.15977007150650024,1004.1513078482191,687.4121788468559
car_13,-0.13181117177009583,-0.1609053611755371,1002.6863771108967,702.8933576030589
car_13,-0.12878172099590302,-0.16225029528141022,1001.4234342876031,716.7391600388347
car_13,-0.12509456276893616,-0.1637345850467682,1000.0588632053972,732.2535051396925
car_13,-0.12111710011959076,-0.16551461815834045,998.7643042484844,746.971854863537
car_13,-0.11665422469377518,-0.16797146201133728,997.4436189905823,761.2672748447749
car_13,-0.11208835989236832,-0.1708393394947052,996.2531908359778,773.1091758761693
car_13,-0.10905589908361435,-0.17295372486114502,995.4117799297825,781.163697456489
car_13,-0.10751473903656006,-0.17402499914169312,994.9572968122093,785.1065387325069
car_13,-0.10529506206512451,-0.17553994059562683,994.3515714610287,790.6950302085964
car_13,-0.1012851819396019,-0.17790579795837402,993.5548904616574,797.9937899892951
car_13,-0.0963556095957756,-0.18058061599731445,992.577891404516,806.8729083331453
car_13,-0.09238878637552261,-0.1825331747531891,991.7147607371522,814.5271661263158
car_13,-0.0907452329993248,-0.1832796037197113,991.3407922688585,817.9128273259339
car_13,-0.09036722779273987,-0.18344646692276,991.1000166109479,818.598213925582
car_13,-0.0901031643152237,-0.18356159329414368,990.9293198878329,819.0806177082985
car_13,-0.09008331596851349,-0.18357020616531372,990.9163962603687,819.1171410033057
car_13,-0.09008020907640457,-0.18357157707214355,990.9144087488368,819.1227578837221
car_13,-0.0900791585445404,-0.18357206881046295,990.9137271683029,819.1246840895789
car_13,-0.09007911384105682,-0.18357211351394653,990.9136887132792,819.1247927668198
car_13,-0.09007911384105682,-0.18357211351394653,990.9136887132792,819.1247927668198
car_13,-0.09007911384105682,-0.18357211351394653,990.9136887132792,819.1247927668198
car_13,-0.09007911384105682,-0.18357211351394653,990.9136887132792,819.1247927668198
car_13,-0.08893883228302002,-0.18405605852603912,990.0724626575071,821.1912965539096
car_13,-0.0871022567152977,-0.18479235470294952,986.894849426044,823.3836236104106
car_13,-0.08536285161972046,-0.18542692065238953,981.7604253091174,824.2180059760565
car_13,-0.08369481563568115,-0.1859624683856964,974.7456143850833,823.9104919311029
car_13,-0.08194148540496826,-0.18643033504486084,965.8531943795741,823.17057659809
car_13,-0.08020113408565521,-0.18677429854869843,955.2131524404849,822.2794863459628
car_13,-0.0786048024892807,-0.18693208694458008,942.1900961659646,821.1888216131017
car_13,-0.07747825235128403,-0.1868223249912262,927.0256215031388,819.9188157589867
car_13,-0.07710520923137665,-0.18644863367080688,912.0591723021987,818.6639940332029
car_13,-0.07739183306694031,-0.18583251535892487,897.4541610675137,817.4178854964863
car_13,-0.07886143028736115,-0.18463943898677826,882.2175842643737,816.1178913972253
car_13,-0.0813673809170723,-0.18258635699748993,867.3118156624912,814.8733943232409
car_13,-0.08450291305780411,-0.17965885996818542,852.0819038245936,813.6135846864962
car_13,-0.08785560727119446,-0.17607295513153076,837.2245337828513,812.3318140832887
car_13,-0.09126190841197968,-0.17178604006767273,822.1275934563181,811.0293753438241
car_13,-0.09421126544475555,-0.16715368628501892,807.5774015147946,809.7741055181906
car_13,-0.09647277742624283,-0.16202116012573242,792.7269309056497,808.4992462180187
car_13,-0.09736074507236481,-0.15644603967666626,777.5966288790977,807.2084680499936
car_13,-0.09569644182920456,-0.1505487859249115,762.5347488027829,805.9235270132714
car_13,-0.09014245867729187,-0.1442200243473053,747.647354697148,804.6534715142723
car_13,-0.08170099556446075,-0.13750600814819336,733.2229577074585,803.422914669568
car_13,-0.07373587787151337,-0.13031235337257385,718.1564417400007,802.1375781412642
car_13,-0.06850941479206085,-0.12311466038227081,703.1530142093387,800.8560402577804
car_13,-0.06466862559318542,-0.11575397849082947,688.8043829460008,799.629618380541
car_13,-0.06056644767522812,-0.10789987444877625,673.5513063478057,798.3216299466026
car_13,-0.05749330669641495,-0.10299856960773468,662.1573932681328,797.3433147732395
car_13,-0.05559403449296951,-0.10045764595270157,654.5086408282903,796.5307582059779
car_13,-0.05471346527338028,-0.09938706457614899,648.1820981194012,793.2814822509037
car_13,-0.056498005986213684,-0.10156925022602081,648.2413005656285,785.8835229747127
car_13,-0.059402525424957275,-0.1057763397693634,650.4544277001515,777.0469732876596
car_13,-0.06183140352368355,-0.10991312563419342,652.9059456290581,770.7070256406138
car_13,-0.06427331268787384,-0.11458499729633331,659.380991580876,768.7060843620237
car_13,-0.06685757637023926,-0.11971592903137207,668.900079394047,769.4047277308133
car_13,-0.07008188217878342,-0.12535502016544342,679.9391040540629,770.3590499168689
car_13,-0.07499709725379944,-0.13154512643814087,692.5541291476378,771.4496171268554
car_13,-0.08286251127719879,-0.13851425051689148,706.805318958257,772.6811164625746
car_13,-0.09093811362981796,-0.14520283043384552,721.0500435445915,773.9088823444365
car_13,-0.09602254629135132,-0.1517641544342041,736.4463492500661,775.2452612869668
car_13,-0.09714782238006592,-0.15760135650634766,751.3050586203451,776.5397865679796
car_13,-0.09603792428970337,-0.1629672646522522,765.8212843651208,777.8007282784672
car_13,-0.09368786960840225,-0.16802723705768585,780.4689889398503,779.0665792910982
car_13,-0.09064511954784393,-0.1726965308189392,795.298749991024,780.3481635794711
car_13,-0.08723518252372742,-0.1769326776266098,810.6849437579268,781.6843068143766
car_13,-0.08395804464817047,-0.18041518330574036,826.0285994472391,783.0195933063262
car_13,-0.08074529469013214,-0.18343645334243774,840.8173793859074,781.0915069987575
car_13,-0.07899706065654755,-0.18492448329925537,855.1979528446838,782.3371500183489
car_13,-0.0786048173904419,-0.18571677803993225,870.5216505846688,783.6356841839624
car_13,-0.07893756777048111,-0.1862037628889084,885.7860603738994,784.9026519161525
car_13,-0.07998862117528915,-0.18638569116592407,900.2488850610624,786.0814445941777
car_13,-0.0818413645029068,-0.18624690175056458,915.0341704657029,787.2838993407792
car_13,-0.08492562174797058,-0.18557554483413696,930.0209859873281,787.2770645642208
car_13,-0.08848673105239868,-0.18441304564476013,944.4405450090285,788.0773266499289
car_13,-0.09266406297683716,-0.18265250325202942,959.1021944360996,789.2714697056775
car_13,-0.0974733978509903,-0.18021291494369507,973.9284724711398,790.479017190113
car_13,-0.10224098712205887,-0.17744147777557373,988.3425089962008,792.2219535489907
car_13,-0.10619232803583145,-0.17477966845035553,1002.8790662906421,794.605345365669
car_13,-0.10976029932498932,-0.17203545570373535,1017.9698288917114,795.8931730952328
car_13,-0.113243967294693,-0.16945478320121765,1032.54052296871,797.1037292496662
car_13,-0.1166018545627594,-0.16715620458126068,1048.0240511821546,798.3907476909064
car_13,-0.11934203654527664,-0.16544683277606964,1063.1330619140251,799.647288314062
car_13,-0.1216401532292366,-0.16420616209506989,1077.5763450963702,800.8484637167688
car_13,-0.1236548200249672,-0.16326281428337097,1092.027534973372,802.0502966796037
car_13,-0.12543584406375885,-0.16250929236412048,1106.5861002787578,803.2601524040971
car_13,-0.1270887702703476,-0.16181418299674988,1121.9267169642203,804.5338543999598
car_13,-0.12879866361618042,-0.16101489961147308,1137.0417460077392,804.1868715101173
car_13,-0.1300678849220276,-0.1602594554424286,1151.7886749292843,805.4131950730668
car_13,-0.1312977522611618,-0.1597854197025299,1167.1504733382435,806.6906498881276
car_13,-0.13225793838500977,-0.1593533605337143,1179.535206168957,807.7205381972079
car_13,-0.1328631341457367,-0.15904578566551208,1187.4363771247858,808.3749101699829
car_13,-0.1337970644235611,-0.15857920050621033,1193.011711478936,805.5612864026529
car_13,-0.1351453959941864,-0.15787720680236816,1194.4788669777106,797.9911061275028
car_13,-0.13697537779808044,-0.15675517916679382,1195.2394779529616,787.6695977969366
car_13,-0.13940376043319702,-0.15486083924770355,1196.1155579753113,775.0179715918301
car_13,-0.14246279001235962,-0.15157216787338257,1197.1173317109196,760.5511802923075
car_13,-0.14589828252792358,-0.1462612748146057,1198.143366213128,745.7340349810061
car_13,-0.14787691831588745,-0.14194241166114807,1199.1362160453568,731.4158013469951
car_13,-0.14938238263130188,-0.13821327686309814,1203.2900303316476,717.6886806704664
car_13,-0.1508941650390625,-0.13479122519493103,1204.189818966682,704.6873294682083
car_13,-0.15203261375427246,-0.13237392902374268,1204.795472948931,695.9360296365911
car_13,-0.15296772122383118,-0.13050873577594757,1205.255136339573,689.2941973841445
car_13,-0.15328474342823029,-0.1299021691083908,1205.4066662717669,687.1419349790438
car_13,-0.15333804488182068,-0.12980160117149353,1205.4339393616715,686.7859493845004
car_13,-0.15335847437381744,-0.1297633945941925,1205.4443193622046,686.6504630617503
car_13,-0.1535712480545044,-0.1293657124042511,1205.552223699592,685.2420275000617
car_13,-0.1541382074356079,-0.12833303213119507,1205.9174931226873,681.6220785943799
car_13,-0.15502634644508362,-0.1267983615398407,1206.5816387535024,676.2512504977533
car_13,-0.1563708484172821,-0.1246713399887085,1207.4963850937693,668.5870635068155
car_13,-0.15815019607543945,-0.12221460044384003,1207.6961792001464,658.7135936017274
car_13,-0.16017140448093414,-0.11987431347370148,1205.8083740213342,647.2624496687997
car_13,-0.16321514546871185,-0.11706487834453583,1206.826779050938,633.2903145539509
car_13,-0.16758835315704346,-0.1147753968834877,1208.2973161984705,619.0638508889242
car_13,-0.17170844972133636,-0.11274006962776184,1211.3751253630855,606.6750137006954
car_13,-0.17424623668193817,-0.1115591749548912,1211.8892431521404,598.3968810917382
car_13,-0.17541785538196564,-0.11102750897407532,1212.1240934056293,594.5691269601988
car_13,-0.17636899650096893,-0.110601507127285,1212.3548494769198,591.4779088082408
car_13,-0.17717520892620087,-0.11024372279644012,1212.6068580293309,588.8815968020501
car_13,-0.17865128815174103,-0.10959743708372116,1213.0592673707906,584.120269448907
car_13,-0.18084314465522766,-0.10865385830402374,1213.7368405982154,577.035210266488
car_13,-0.18404661118984222,-0.10711590945720673,1214.5968040261928,568.061432528343
car_13,-0.18801236152648926,-0.10521133989095688,1215.5477865552919,556.8417743451292
car_13,-0.1922195851802826,-0.10321887582540512,1216.4455384198914,543.7910777421395
car_13,-0.19574449956417084,-0.10150616616010666,1214.5789610696143,530.4560770641654
car_13,-0.19904370605945587,-0.09981805831193924,1215.5854952930126,517.8408835791935
car_13,-0.20182062685489655,-0.09829637408256531,1216.599453386934,505.8951897851827
car_13,-0.20446525514125824,-0.09674940258264542,1217.7666448840898,492.98328597124646
car_13,-0.20656247437000275,-0.09550648927688599,1220.0793137697099,480.535783956732
car_13,-0.2081831842660904,-0.09447336941957474,1220.5455942736662,467.8878903562963
car_13,-0.20971964299678802,-0.09300774335861206,1221.4355541953826,455.23994093420197
car_13,-0.21111960709095,-0.09091219305992126,1222.3156892638954,443.2990744590667
car_13,-0.21251705288887024,-0.0879504606127739,1223.2334782391836,430.8473542648172
car_13,-0.2138911932706833,-0.08413916081190109,1224.1641027560565,418.2214931986885
car_13,-0.21526362001895905,-0.07957131415605545,1225.1298582793734,405.11900681437
car_13,-0.21652351319789886,-0.07497644424438477,1226.0546788709391,392.57188809087387
car_13,-0.21762900054454803,-0.07100576162338257,1226.9348522907094,381.3614004530396
car_13,-0.21885304152965546,-0.06718415021896362,1227.8883714459707,369.28614481670706
car_13,-0.22000758349895477,-0.06329701840877533,1228.8305853205245,356.3850625343576
car_13,-0.22133846580982208,-0.06076044216752052,1229.757100130071,343.69893668056545
car_13,-0.2229783535003662,-0.05958861485123634,1230.6507270046216,331.4631225521055
car_13,-0.22501353919506073,-0.0594116635620594,1231.551335114369,319.13171920325203
car_13,-0.22729121148586273,-0.059944141656160355,1232.4158407797233,307.2946416314791
car_13,-0.22989006340503693,-0.06102471798658371,1233.1348998472831,295.0372210199442
car_13,-0.23287507891654968,-0.06275077164173126,1234.3310661637713,281.85110154158286
car_13,-0.23555158078670502,-0.06499242037534714,1235.381498620569,270.23117328628337
car_13,-0.23622198402881622,-0.06855148822069168,1236.6787817598513,257.424282406398
car_13,-0.2357446253299713,-0.0718856006860733,1237.6175752591591,245.23524960026586
car_14,-0.23714333772659302,-0.06330996751785278,1351.883761069575,294.15484690815845
car_14,-0.2370479851961136,-0.06327860057353973,1349.501006748153,293.9790986464256
car_14,-0.23689864575862885,-0.06322991847991943,1345.7806691686592,293.7046923189343
car_14,-0.23667597770690918,-0.06315886974334717,1340.2781219301767,293.29883297222284
car_14,-0.23636551201343536,-0.06306299567222595,1332.686795966373,292.73890854762254
car_14,-0.23606984317302704,-0.0629749447107315,1325.5358667244564,292.21146710192136
car_14,-0.2357274740934372,-0.06287719309329987,1317.3460008659242,291.60715873549253
car_14,-0.23543410003185272,-0.0627969354391098,1310.3995964425178,291.0945089625474
car_14,-0.23508940637111664,-0.06270742416381836,1302.3043863788234,290.49352515924056
car_14,-0.23476576805114746,-0.06262770295143127,1294.7775265361622,289.93426486804424
car_14,-0.23444657027721405,-0.0625533014535904,1287.4219538370276,289.3881308201832
car_14,-0.23410381376743317,-0.06247764825820923,1279.6104936066224,288.8114458367305
car_14,-0.23376575112342834,-0.062408220022916794,1271.973698505306,288.24765559435144
car_14,-0.2335841953754425,-0.06245197355747223,1264.9867694148995,287.14842030594093
car_14,-0.23357686400413513,-0.06263689696788788,1258.0331332376547,285.2710642098892
car_14,-0.23381324112415314,-0.06308000534772873,1249.0361896057113,281.7385649416025
car_14,-0.23436488211154938,-0.06380771100521088,1239.7622849726256,276.7286117065037
car_14,-0.23609793186187744,-0.06549923121929169,1235.6003165156828,267.83780789195
car_14,-0.23615983128547668,-0.0691705197095871,1236.8296348428837,255.46564807483898
car_14,-0.23562419414520264,-0.07274297624826431,1237.8685821481477,241.97624620207333
car_14,-0.23522520065307617,-0.07602882385253906,1238.8308794267946,229.4820468842004
car_14,-0.23490771651268005,-0.07939670979976654,1239.8128097059982,216.73293816607418
car_14,-0.23473568260669708,-0.08281658589839935,1240.8035595742824,203.87636677989312
car_14,-0.23573459684848785,-0.08513867855072021,1241.5507509458437,194.1924654926734
car_14,-0.23632463812828064,-0.08674156665802002,1239.6776721759202,187.63470130572318
car_14,-0.23633849620819092,-0.08705608546733856,1232.870898890632,185.69045725670296
car_14,-0.2362077236175537,-0.08700485527515411,1225.5406250513715,185.10395688797436
car_14,-0.2360639125108719,-0.08694997429847717,1217.6019589189568,184.46877862370033
car_14,-0.23593290150165558,-0.08690129965543747,1210.474049797418,183.89846959845545
car_14,-0.23579305410385132,-0.08685055375099182,1202.9661754466288,183.29775928780896
car_14,-0.23568423092365265,-0.0868692547082901,1195.8831612272375,182.4745447491282
car_14,-0.23564818501472473,-0.0870777815580368,1188.896587429578,180.9304715667583
car_14,-0.23549234867095947,-0.08702561259269714,1180.8200000828388,180.27980784111563
car_14,-0.23533764481544495,-0.08697491139173508,1172.9467452310032,179.64798831175082
car_14,-0.23518122732639313,-0.08692509680986404,1165.1055118021286,179.0190136486106
car_14,-0.23502729833126068,-0.08687750995159149,1157.5179715563286,178.41095528874482
car_14,-0.23485790193080902,-0.08682674169540405,1149.2976661027035,177.7521877185176
car_14,-0.2346981316804886,-0.08678049594163895,1141.6683881251631,177.1407845359709
car_14,-0.23454849421977997,-0.08673843741416931,1134.6211906443912,176.57602873857263
car_14,-0.23439066112041473,-0.08669572323560715,1127.307576654322,175.98992257195897
car_14,-0.2342192828655243,-0.08665084093809128,1119.4832133689833,175.36288543579212
car_14,-0.234064981341362,-0.08661185950040817,1112.5456415218337,174.80691493386774
car_14,-0.23390083014965057,-0.08657176792621613,1105.2710066415004,174.22393251655456
car_14,-0.23371650278568268,-0.08652862906455994,1097.2341966717386,173.579870102326
car_14,-0.2335309386253357,-0.08648703992366791,1089.2733553823596,172.9418957469015
car_14,-0.23336513340473175,-0.08645142614841461,1082.2685867206403,172.38054015527328
car_14,-0.2331683188676834,-0.08641093969345093,1074.0870529344616,171.72487971011597
car_14,-0.23298385739326477,-0.08637478947639465,1066.5420095905315,171.1202270121134
car_14,-0.23278461396694183,-0.08633780479431152,1058.525674099828,170.47780540343604
car_14,-0.2326355129480362,-0.08631475269794464,1052.5502176784119,169.98423956883448
car_14,-0.23243394494056702,-0.08616231381893158,1046.917645859516,170.0482069543364
car_14,-0.23213782906532288,-0.08482814580202103,1043.8283510740157,174.6828467588037
car_14,-0.23225827515125275,-0.08307798951864243,1043.4250462747457,180.61203288696044
car_14,-0.232435941696167,-0.08073905110359192,1042.9041063518678,188.59417686654425
car_14,-0.2327062040567398,-0.07766684889793396,1042.2142220220178,199.16498514650144
car_14,-0.23308299481868744,-0.07408182322978973,1041.3967863438652,211.69020924722594
car_14,-0.23324193060398102,-0.06996176391839981,1040.5403324091203,224.8132937312196
car_14,-0.23020130395889282,-0.06743325293064117,1039.7210123441923,237.3131613586893
car_14,-0.22731690108776093,-0.06590589880943298,1038.839050946186,249.60031587792136
car_14,-0.225591778755188,-0.06531770527362823,1038.3025475890715,257.4009496579897
car_14,-0.22446095943450928,-0.0650288313627243,1039.702510749355,263.38215207087586
car_14,-0.22444233298301697,-0.06482316553592682,1045.5722201615654,265.32978750002235
car_14,-0.22481279075145721,-0.06460565328598022,1053.5932882138356,265.9841361462771
car_14,-0.22519530355930328,-0.06440038233995438,1061.8156425662914,266.64722923921704
car_14,-0.22552435100078583,-0.06423740833997726,1068.880544726169,267.21901890769357
car_14,-0.22587941586971283,-0.06407557427883148,1076.4797710562561,267.8323643637367
car_14,-0.22625868022441864,-0.06391752511262894,1084.5693013665991,268.48317464235515
car_14,-0.22663159668445587,-0.06377604603767395,1092.518298616974,269.12267890487567
car_14,-0.2269936352968216,-0.06365085393190384,1100.2227564404102,269.7425097418111
car_14,-0.2273429036140442,-0.06354087591171265,1107.657246956071,270.3406214563685
car_14,-0.22768358886241913,-0.06344281136989594,1114.9184196178912,270.9272612376193
car_14,-0.22805365920066833,-0.06334584951400757,1122.8340736777895,271.5707868866741
car_14,-0.2284248173236847,-0.06325854361057281,1130.7779616040032,272.2166078883313
car_14,-0.2287752330303192,-0.06318479031324387,1138.291452097303,272.8274385044472
car_14,-0.2291456162929535,-0.06311646103858948,1146.2132314409255,273.4639553624959
car_14,-0.22948025166988373,-0.0630621612071991,1153.3832608773412,274.03892851432744
car_14,-0.2298336625099182,-0.06301141530275345,1160.991181224005,274.6519084744504
car_14,-0.23018264770507812,-0.06296718120574951,1168.5522103136886,275.2662420879872
car_14,-0.23053087294101715,-0.06292957067489624,1176.1244513213778,275.8810395614687
car_14,-0.23086775839328766,-0.06289982795715332,1183.4467663166906,276.468924224759
car_14,-0.23121929168701172,-0.06288179755210876,1190.8728540083173,277.0132785892104
car_14,-0.23199352622032166,-0.06316804885864258,1197.5267866068523,275.4564592703762
car_14,-0.2323504537343979,-0.06320591270923615,1205.1318116963394,276.02060445386235
car_14,-0.23269778490066528,-0.06324880570173264,1212.5904704969512,276.5777018087229
car_14,-0.23305535316467285,-0.06329887360334396,1220.3440590336202,277.1613746567912
car_14,-0.2333921194076538,-0.06335009634494781,1227.7534356775584,277.7303435677559
car_14,-0.23370952904224396,-0.06337642669677734,1235.7137830417548,278.52637830417547
car_14,-0.23401162028312683,-0.06340571492910385,1243.3566544149805,279.29066544149805
car_14,-0.23430205881595612,-0.06343763321638107,1250.767473444149,280.0317473444149
car_14,-0.23458704352378845,-0.0634724348783493,1258.1043318594916,280.7654331859492
car_14,-0.2348947525024414,-0.06351371109485626,1266.1080465531238,281.56580465531243
car_14,-0.23518985509872437,-0.06357482820749283,1273.2093355781835,282.164917391678
car_14,-0.2355150580406189,-0.06365767121315002,1280.6916598727241,282.71730374899306
car_14,-0.23585978150367737,-0.06374998390674591,1288.7077072617249,283.3090924824092
car_14,-0.23619884252548218,-0.0638447031378746,1296.7040812191058,283.9032327266444
car_14,-0.23653556406497955,-0.06394288688898087,1304.7413252864226,284.5004155560664
car_14,-0.23684720695018768,-0.06403785943984985,1312.2666465902753,285.05835030186535
car_14,-0.23718100786209106,-0.0641438215970993,1320.414205656326,285.6596461738986
car_14,-0.23746199905872345,-0.06423626840114594,1327.3621356341725,286.17232687953475
car_14,-0.23770640790462494,-0.06436339020729065,1335.1570098145808,286.74743370472066
car_14,-0.2377243936061859,-0.0645541101694107,1342.6561113185167,287.3007183835825
car_14,-0.23774436116218567,-0.06476034969091415,1350.8297801144051,287.9037727244902
car_14,-0.23776067793369293,-0.06492014229297638,1357.2186142675541,288.37514173461375
car_14,-0.23779450356960297,-0.06503121554851532,1364.8830035685771,289.2182910540187
car_14,-0.23782379925251007,-0.06517378985881805,1372.6907908906976,289.97259984186496
car_14,-0.23779357969760895,-0.06573228538036346,1380.556036259551,289.35798342952654
car_14,-0.23779849708080292,-0.06608107686042786,1388.5705404822434,289.4609066188793
car_14,-0.23782485723495483,-0.06623944640159607,1395.7659202861776,290.0753645959581
car_14,-0.2378535121679306,-0.06640748679637909,1403.5073784611725,290.7389181538148
car_14,-0.23787949979305267,-0.06656022369861603,1410.5811595290565,291.3425432830236
car_14,-0.2379017174243927,-0.0666990876197815,1417.6793663957903,291.9468349151969
car_14,-0.23796693980693817,-0.06658506393432617,1425.6603791066284,293.6371599443289
car_14,-0.2379911243915558,-0.0666632279753685,1433.740183310789,294.5339779453674
car_14,-0.23800131678581238,-0.0667983889579773,1441.6094382735073,295.1534482083068
car_14,-0.23801030218601227,-0.0669231042265892,1448.8884279512272,295.7236758092986
car_14,-0.23801879584789276,-0.0670444667339325,1456.0369140136754,296.28367990857487
car_14,-0.23802706599235535,-0.06716650724411011,1463.2400616768075,296.84520739138856
car_14,-0.23803478479385376,-0.06728614866733551,1470.3543274698322,297.398667291008
car_14,-0.23804256319999695,-0.06740590929985046,1477.551287722447,297.9590617295273
car_14,-0.23805052042007446,-0.0675281509757042,1485.0162531122796,298.5440504994291
car_14,-0.23805782198905945,-0.06759050488471985,1489.6140581303807,298.9587083746685
car_14,-0.23806487023830414,-0.06770657002925873,1496.716112364171,299.50827798169826
car_14,-0.23806965351104736,-0.06785596907138824,1504.855313286689,300.0584600183062
car_14,-0.23807482421398163,-0.06799791753292084,1512.8086832363604,300.60660369574697
car_14,-0.23808075487613678,-0.06812922656536102,1520.4779410548433,301.1531704094879
car_14,-0.2380869835615158,-0.06826376914978027,1528.4239227292685,301.719458464216
car_14,-0.2380925863981247,-0.06837990880012512,1535.3654207225973,302.2141597555861
car_14,-0.23809929192066193,-0.06851489841938019,1543.5245751230284,302.7956400386979
car_14,-0.2381063550710678,-0.06864947825670242,1551.7600043677871,303.3825562182148
car_14,-0.23811349272727966,-0.06878040730953217,1559.8681111128315,303.960398476643
car_14,-0.23812073469161987,-0.06890282779932022,1567.550307392843,304.50788727861806
car_14,-0.23812808096408844,-0.06902385503053665,1575.2363510592993,305.0556502731441
car_14,-0.23813509941101074,-0.06913602352142334,1582.4316444671044,305.5684388591307
car_14,-0.23814325034618378,-0.06925872713327408,1590.4019525500298,306.1364605894589
car_14,-0.23815134167671204,-0.0693729892373085,1597.9146434386798,306.6718692127634
car_14,-0.2381981611251831,-0.06921685487031937,1604.4636582414785,308.36797371088295
car_14,-0.23820695281028748,-0.06932072341442108,1611.952517232238,308.9451817804489
car_14,-0.23821580410003662,-0.06941789388656616,1619.0740970542136,309.4965901918617
car_14,-0.2382245659828186,-0.0695125162601471,1626.0813332109403,310.03914522236937
car_14,-0.23823358118534088,-0.06960542500019073,1633.0416875630992,310.5780702968804
car_14,-0.23824307322502136,-0.06969871371984482,1640.1026065689434,311.1247818734484
car_14,-0.2382531613111496,-0.06979835778474808,1647.7248256117919,311.714953689102
car_14,-0.23822976648807526,-0.07012875378131866,1654.56564753874,311.034890593535
car_14,-0.23824067413806915,-0.07022085785865784,1661.8443171191836,311.59751208002336
car_14,-0.23825296759605408,-0.07031925022602081,1669.7110456583882,312.20543073117
car_14,-0.23826564848423004,-0.07041981816291809,1677.7734916004547,312.8247830474743
car_14,-0.2382788509130478,-0.07052092254161835,1685.9917282889883,313.45660045496226
car_14,-0.23828667402267456,-0.0705798789858818,1690.8315934915072,313.829754619023
car_14,-0.2383229285478592,-0.07038213312625885,1694.6653465941795,315.3762737205315
car_14,-0.23839744925498962,-0.06980174779891968,1694.5227215999548,318.3348544147716
car_14,-0.23842747509479523,-0.06950366497039795,1690.894084280196,319.3482164322643
car_14,-0.2384209781885147,-0.06943181902170181,1685.2838030374055,318.91466528662767
car_14,-0.23841260373592377,-0.06933419406414032,1677.78407843429,318.337860472715
car_14,-0.23840409517288208,-0.06922809034585953,1669.7391893121007,317.7198568609026
car_14,-0.23839597404003143,-0.06912165135145187,1661.7768287873132,317.10894094424555
car_14,-0.2383890151977539,-0.06902694702148438,1654.7669900254616,316.5711791375557
car_14,-0.23834897577762604,-0.06915481388568878,1648.1327387802407,314.97545786984733
car_14,-0.23833699524402618,-0.0690726637840271,1640.2792739840625,314.24832761776815
car_14,-0.2383299469947815,-0.06897453963756561,1633.1273137880753,313.69658888840047
car_14,-0.23832224309444427,-0.06886588037014008,1625.297402485522,313.09254954886995
car_14,-0.23831570148468018,-0.06876754760742188,1618.2909562914683,312.55203651264543
car_14,-0.2383088618516922,-0.06865966320037842,1610.699721096218,311.96640986677727
car_14,-0.23830245435237885,-0.06855814158916473,1603.544159434808,311.40849353336716
car_14,-0.23834092915058136,-0.06818634271621704,1595.6601422382453,312.02870452841324
car_14,-0.23833726346492767,-0.06805591285228729,1587.572459894981,311.45140441084567
car_14,-0.23833449184894562,-0.06793759763240814,1580.3375758321772,310.93497717708783
car_14,-0.23833167552947998,-0.06780490279197693,1572.3082823956522,310.3618448694434
car_14,-0.23832911252975464,-0.06767639517784119,1564.6288242319986,309.81368386205367
car_14,-0.23832717537879944,-0.06755255162715912,1557.3159764048683,309.291691561766
car_14,-0.23832528293132782,-0.06742551177740097,1549.9043214317526,308.7626463908818
car_14,-0.23832349479198456,-0.06728767603635788,1541.9445420629868,308.1944760090137
car_14,-0.2383219450712204,-0.06714556366205215,1533.848101504529,307.6165507285817
car_14,-0.23832081258296967,-0.06700524687767029,1525.9359620761222,307.0517808936197
car_14,-0.23831939697265625,-0.06686223298311234,1517.9676071130834,306.48299838439897
car_14,-0.2383185774087906,-0.06673546135425568,1510.98455555148,305.9845469966722
car_14,-0.23831838369369507,-0.06664910912513733,1506.4135835943578,305.6709166842818
car_14,-0.23831872642040253,-0.0665154755115509,1499.477724932388,305.2010062907234
car_14,-0.23831947147846222,-0.066377192735672,1492.4593603205633,304.73379243812724
car_14,-0.23832379281520844,-0.06620866805315018,1484.807608002446,304.2954410300278
car_14,-0.23831994831562042,-0.06606500595808029,1476.6267344396354,303.66077820460936
car_14,-0.23831160366535187,-0.0659111738204956,1468.68459954736,303.0429996406374
car_14,-0.2382936030626297,-0.06573040783405304,1461.034760710577,302.4478744150854
car_14,-0.23827730119228363,-0.06555887311697006,1453.8439314570046,301.8863532901665
car_14,-0.2382606565952301,-0.06537969410419464,1446.3881415448798,301.30227536406323
car_14,-0.2382439821958542,-0.06519430875778198,1438.760336152731,300.704721944952
car_14,-0.23822754621505737,-0.06500425934791565,1431.0059207448076,300.095943991287
car_14,-0.23823291063308716,-0.06470972299575806,1424.064295898578,299.9752178984811
car_14,-0.2382628619670868,-0.0642579197883606,1416.0160432204623,300.2521564033889
car_14,-0.23825672268867493,-0.06402786076068878,1407.8408984169068,299.73387721419414
car_14,-0.23825199902057648,-0.06380073726177216,1399.8418820985319,299.2244392674188
car_14,-0.23824848234653473,-0.0635700449347496,1391.7978610430955,298.71173247985075
car_14,-0.23806676268577576,-0.06341815739870071,1384.533237152553,298.2479306935719
car_14,-0.23801712691783905,-0.0634789764881134,1379.8721806523647,297.27863078284645
car_14,-0.23802177608013153,-0.06364902853965759,1372.9348448323478,295.44821080642333
car_14,-0.237709641456604,-0.06353293359279633,1365.047005421763,294.8996840367215
car_14,-0.23738570511341095,-0.06339485943317413,1357.849990215876,294.5688750697776
car_14,-0.23706230521202087,-0.06328326463699341,1349.8573219454631,294.0053799025305
car_14,-0.23675794899463654,-0.06318484991788864,1342.2987976665277,293.4478748793119
car_14,-0.2364315688610077,-0.06308315694332123,1334.2938779983926,292.85744442480063
car_14,-0.23610852658748627,-0.06298626959323883,1326.4642130232762,292.2799404845261
car_14,-0.2357911467552185,-0.06289505213499069,1318.860996725691,291.71896654802146
car_14,-0.23549041152000427,-0.06281211227178574,1311.7287742716028,291.1926032672769
car_14,-0.2351405918598175,-0.06272033601999283,1303.5004953145424,290.58239837405733
car_14,-0.2348095327615738,-0.06263823807239532,1295.790114325348,290.0095021055748
car_14,-0.2344723790884018,-0.06255917251110077,1288.0123535720606,289.4317173778031
car_14,-0.23416022956371307,-0.06248977780342102,1280.893578529675,288.906170227023
car_14,-0.23384976387023926,-0.06242489442229271,1273.864110732389,288.3872162285656
car_14,-0.23368912935256958,-0.06239300221204758,1270.2479839955572,288.1203039092782
car_14,-0.23366309702396393,-0.062387943267822266,1269.6659811226102,288.07755793555896
car_14,-0.23366080224514008,-0.062387578189373016,1269.6144946835375,288.0737764456835
car_14,-0.2336605042219162,-0.062387533485889435,1269.6094689926404,288.07340732714306
car_14,-0.23366056382656097,-0.06238750368356705,1269.6087736719703,288.0733562583933
car_14,-0.2336604744195938,-0.06238752231001854,1269.6084955852193,288.0733358339427
car_14,-0.2336605042219162,-0.06238751858472824,1269.6083897371482,288.0733280597905
car_14,-0.2335367351770401,-0.06235580891370773,1267.1276755357057,287.9498966998878
car_14,-0.2333141267299652,-0.06229275465011597,1262.9811673005288,287.80974267050425
car_14,-0.23301781713962555,-0.0622125081717968,1257.482689169278,287.6238913898931
car_14,-0.23245146870613098,-0.061983995139598846,1250.2025645822753,288.1489497289755
car_14,-0.23120611906051636,-0.06148584932088852,1241.6627877125131,291.40518969172814
car_14,-0.2290421575307846,-0.06046278402209282,1239.5008780736343,300.8151934810687
car_14,-0.22660113871097565,-0.05956988036632538,1238.5442210562082,312.5906769363808
car_14,-0.22424057126045227,-0.059218574315309525,1237.6034110609312,325.47439251273045
car_14,-0.2222636193037033,-0.05978282168507576,1236.6550862158863,338.4610185465513
car_14,-0.22064070403575897,-0.061717815697193146,1235.6593287372775,352.0972003492746
car_14,-0.21948792040348053,-0.06493906676769257,1234.7477376084007,364.58078458555093
car_14,-0.21824084222316742,-0.06896407902240753,1233.7568971783012,377.57584972185333
car_14,-0.21691010892391205,-0.07359132170677185,1232.6792478345094,391.110100508019
car_14,-0.21565605700016022,-0.07823216915130615,1231.7429009048244,403.80090400647686
car_14,-0.21432240307331085,-0.0828586220741272,1230.7873498487925,416.7615267378456
car_14,-0.21296249330043793,-0.08688823878765106,1229.8527195148017,429.4383911248162
car_14,-0.21149714291095734,-0.09026690572500229,1228.8783176870816,442.6546964160057
car_14,-0.20999057590961456,-0.09270606935024261,1227.917284843346,455.6896714092157
car_14,-0.20836390554904938,-0.09437397867441177,1226.7696822558344,469.0458521320808
car_14,-0.20670649409294128,-0.09544367343187332,1225.5157755465477,481.84640007235976
car_14,-0.20472654700279236,-0.09663119912147522,1225.8467013249972,495.06267482505285
car_14,-0.20208775997161865,-0.09818275272846222,1224.8717561589615,508.2604406699958
car_14,-0.19920714199543,-0.09976258873939514,1223.9256385972988,520.86578474912
car_14,-0.19570909440517426,-0.10154031217098236,1222.129979678342,533.9947973134363
car_14,-0.19171510636806488,-0.10345926135778427,1219.474954228322,546.8614431687454
car_14,-0.18799719214439392,-0.10521287471055984,1218.6502361499572,558.3159107932366
car_14,-0.18557336926460266,-0.10636594146490097,1218.0725339353874,565.2769270248544
car_14,-0.18414263427257538,-0.10705693066120148,1217.693612218866,569.2242504157614
car_14,-0.18405868113040924,-0.10709774494171143,1217.6715436197926,569.4531333147218
car_14,-0.1840171217918396,-0.10711801797151566,1217.6606284247412,569.5663394805423
car_14,-0.18400105834007263,-0.10712578147649765,1217.6564411995694,569.6097669873221
car_14,-0.18329186737537384,-0.10747261345386505,1217.4726863269502,571.5296615343844
car_14,-0.18208499252796173,-0.10806982219219208,1217.16660474158,574.753571955475
car_14,-0.1803268939256668,-0.10885696858167648,1216.6555397197785,580.1365414916769
car_14,-0.1780383139848709,-0.10984355956315994,1215.9474734419725,587.5314091870079
car_14,-0.17516128718852997,-0.11111774295568466,1215.193004779758,596.8677565508115
car_14,-0.17165778577327728,-0.11273282021284103,1214.55,608.3400607415817
car_14,-0.16809755563735962,-0.11443660408258438,1215.794515116542,620.9021410877247
car_14,-0.16399313509464264,-0.11654280126094818,1214.965609425776,634.4835388121911
car_14,-0.1608305126428604,-0.11900752782821655,1214.0288074248253,647.7394260906054
car_14,-0.15904563665390015,-0.12097988277673721,1213.1920616738853,656.4860540398753
car_14,-0.1573348343372345,-0.12316173315048218,1212.6858194215854,665.4952853600771
car_14,-0.15597721934318542,-0.12504714727401733,1215.0184173559437,674.3615600499048
car_14,-0.15628820657730103,-0.12437772005796432,1222.3465067383788,675.9129745847152
car_14,-0.15683794021606445,-0.12337232381105423,1230.5523993556833,676.5423924293183
car_14,-0.15732571482658386,-0.12252938747406006,1237.6450198690613,677.0832765217461
car_14,-0.15781912207603455,-0.12172099947929382,1244.677781558292,677.6195957730533
car_14,-0.15836650133132935,-0.12087392807006836,1252.3254199191629,678.2028055932085
car_14,-0.15893778204917908,-0.1200428307056427,1260.1676910003782,678.8008581279995
car_14,-0.15971508622169495,-0.11906685680150986,1267.0116494296797,677.9170637162159
car_14,-0.16024555265903473,-0.11839812248945236,1274.0569514699102,678.4541087037787
car_14,-0.1608080416917801,-0.11773232370615005,1281.4548366767845,679.0180301859565
car_14,-0.16136842966079712,-0.1171111911535263,1288.765166504102,679.5752775500544
car_14,-0.16207359731197357,-0.11653569340705872,1296.3265855555849,680.1516647904128
car_14,-0.16293615102767944,-0.11601042002439499,1303.9376212443567,680.7318341775414
car_14,-0.1637694239616394,-0.11551550775766373,1311.257436652329,681.2898046026969
car_14,-0.1646536886692047,-0.11500413715839386,1319.0043514859128,681.8803317024145
car_14,-0.16526877880096436,-0.11465626955032349,1324.3837976798409,682.2903928463961
car_14,-0.16555361449718475,-0.11448369175195694,1328.2612818278021,683.1415961948209
car_14,-0.1647040843963623,-0.11487147212028503,1329.615852846218,686.775487764484
car_14,-0.16376647353172302,-0.11535728722810745,1326.1711147444623,688.4394389804072
car_14,-0.16305887699127197,-0.11577057838439941,1319.9408203857176,687.9656791090852
car_14,-0.16217195987701416,-0.11630164086818695,1312.1027139018956,687.3696590648681
car_14,-0.16137462854385376,-0.11684966087341309,1304.4371628602685,686.7867603660295
car_14,-0.1607985645532608,-0.11747032403945923,1296.9034016445632,686.2138831408765
car_14,-0.16024285554885864,-0.11811092495918274,1289.5821850812176,685.6571680938414
car_14,-0.15967534482479095,-0.11880946159362793,1282.0324787331335,685.0830783796102
car_14,-0.15910868346691132,-0.11955371499061584,1274.4075469797926,684.5032684254896
car_14,-0.1585816890001297,-0.12029007077217102,1267.220857650086,683.9567830082646
car_14,-0.15830805897712708,-0.12077225744724274,1259.806918771043,681.982847574399
car_14,-0.1577385514974594,-0.12164927273988724,1251.8419318488134,681.3775168890062
car_14,-0.1571923792362213,-0.12254375219345093,1244.0430161470767,680.7848074428831
car_14,-0.15663371980190277,-0.1235160082578659,1235.8719164508925,680.1638124019875
car_14,-0.15613959729671478,-0.1244264617562294,1228.4611324090138,679.6006005565482
car_14,-0.15565542876720428,-0.12536831200122833,1220.96441560688,679.0154955943528
car_14,-0.15525774657726288,-0.1261671483516693,1215.056691047464,678.7115441207935
car_14,-0.1543927639722824,-0.12777720391750336,1209.4484949210735,681.5792726772505
car_14,-0.15349414944648743,-0.12940670549869537,1208.622696431636,687.164946388729
car_14,-0.1523006558418274,-0.13172011077404022,1208.0465709374039,695.3915521765457
car_14,-0.1510121375322342,-0.1344214528799057,1207.3693316797837,705.1313220262673
car_14,-0.14968448877334595,-0.13739721477031708,1206.591813261389,716.3132645434437
car_14,-0.14840979874134064,-0.1404024213552475,1205.7525908011623,728.4524098304066
car_14,-0.1472296565771103,-0.143320694565773,1204.8626636628173,741.4191735119257
car_14,-0.14454001188278198,-0.14843033254146576,1203.9323384240492,754.8566519606554
car_14,-0.14146974682807922,-0.1526460349559784,1202.986945717024,768.5117626648047
car_14,-0.13873325288295746,-0.15533949434757233,1202.0644137633926,781.836676069926
car_15,-0.1350066214799881,-0.1747341901063919,380.61473181606175,299.4894362883264
car_15,-0.13577914237976074,-0.17419351637363434,380.26859312832937,297.27201202827314
car_15,-0.1376250982284546,-0.1725677102804184,379.5412403972643,292.61246471778315
car_15,-0.14131158590316772,-0.16952677071094513,381.81672218910944,286.46022935394984
car_15,-0.14464285969734192,-0.16679731011390686,380.64495331879885,278.9505821018737
car_15,-0.14870931208133698,-0.16325271129608154,379.2147237918035,269.78450890316185
car_15,-0.15366004407405853,-0.15847623348236084,377.3921338231938,258.10387111168006
car_15,-0.15848131477832794,-0.15243688225746155,375.50461178185645,245.9959262101819
car_15,-0.16296938061714172,-0.1451871395111084,373.6384870036119,234.01446477557928
car_15,-0.16623468697071075,-0.13892057538032532,371.6628815251369,221.3300820771173
car_15,-0.16917620599269867,-0.13376250863075256,369.82747678069467,209.54585873964695
car_15,-0.17247311770915985,-0.12855294346809387,367.8927281943249,197.1237978766819
car_15,-0.17556744813919067,-0.12366361171007156,366.01765015668695,185.08485200514048
car_15,-0.17804740369319916,-0.11883296817541122,364.1865268836723,173.3024172617015
car_15,-0.1807982623577118,-0.1154385581612587,362.8580092753426,164.72794319794033
car_15,-0.18212510645389557,-0.11397029459476471,362.74002298962466,160.68247330296686
car_15,-0.18337447941303253,-0.11275757104158401,365.5453471362621,158.52017314438675
car_15,-0.18308444321155548,-0.11308430880308151,368.0390157806763,160.99287243245493
car_15,-0.18128885328769684,-0.11502411961555481,368.9902573900859,167.0071344270453
car_15,-0.17854300141334534,-0.11831536889076233,370.3196146479516,175.44855301449257
car_15,-0.17644262313842773,-0.12230714410543442,371.86565081545757,185.2658826781555
car_15,-0.173386350274086,-0.1272052377462387,373.77570495023133,197.39486620718512
car_15,-0.17062699794769287,-0.1313467174768448,378.948626626897,209.67459427340776
car_15,-0.16739344596862793,-0.13664188981056213,380.91168370194436,222.1379918319928
car_15,-0.1644953042268753,-0.1420065313577652,382.85192177032275,234.45651211949775
car_15,-0.16038396954536438,-0.14930671453475952,384.8102431318414,246.8898427578788
car_15,-0.15566861629486084,-0.15593412518501282,386.73600778895036,259.1164717392304
car_15,-0.15076927840709686,-0.16114938259124756,388.6392924385724,271.20037574636143
car_15,-0.1455727070569992,-0.1657463014125824,390.51656154714937,283.1191077700247
car_15,-0.1418641060590744,-0.16879677772521973,391.8439823093761,291.5468671548366
car_15,-0.13856425881385803,-0.1713775396347046,393.02895049921835,299.07019891732455
car_15,-0.13557475805282593,-0.17388960719108582,394.1175511866297,306.09235455261404
car_15,-0.13259610533714294,-0.1759946048259735,395.3591308877001,314.53011359132614
car_15,-0.12725791335105896,-0.17705228924751282,396.84535345243626,324.6304622586972
car_15,-0.12188868969678879,-0.17759990692138672,398.443493759684,335.4914024069493
car_15,-0.11640029400587082,-0.17745472490787506,400.0769098948668,347.88901217298456
car_15,-0.11157609522342682,-0.1764136254787445,400.76474406371614,360.3304453441669
car_15,-0.1078435480594635,-0.17392711341381073,400.93014846369715,372.8638303620832
car_15,-0.10541307926177979,-0.16967424750328064,401.21693603286354,385.51625156493657
car_15,-0.10391010344028473,-0.1658414751291275,401.5695338580344,395.1539254529404
car_15,-0.10320491343736649,-0.1641024947166443,402.62090984471797,400.09215821032916
car_15,-0.10330463945865631,-0.1651335209608078,407.1110328001697,402.39199742812866
car_15,-0.1036757156252861,-0.16724905371665955,412.16284672091206,402.6450063783011
car_15,-0.10385429114103317,-0.16922613978385925,418.4342186405767,404.13263310706515
car_15,-0.10393881797790527,-0.1710427701473236,425.0204401058344,405.986485774165
car_15,-0.10400532931089401,-0.1727532297372818,431.760656947949,407.88368419597606
car_15,-0.10408511757850647,-0.1742081642150879,438.0379279683547,409.65057522517594
car_15,-0.10421638190746307,-0.1755707859992981,444.53376246991877,411.4789862768369
car_15,-0.10441514849662781,-0.17675283551216125,450.84108828991305,413.2543369624073
car_15,-0.1048382818698883,-0.17748475074768066,457.28901611922754,415.1001294470948
car_15,-0.10531798005104065,-0.1781388819217682,463.8663701483743,417.0468429643398
car_15,-0.10590285807847977,-0.1787414401769638,470.8276929252357,419.1072005317702
car_15,-0.10649751126766205,-0.17919975519180298,477.0414903191565,420.946311415351
car_15,-0.10716259479522705,-0.1795806586742401,483.23802894778964,422.78031418531526
car_15,-0.10796189308166504,-0.17990414798259735,489.91183246946593,424.7555740648219
car_15,-0.10890742391347885,-0.1801474392414093,497.006895342741,426.8555149741756
car_15,-0.10994826257228851,-0.18028509616851807,504.08134168522093,428.94935396488546
car_15,-0.11102494597434998,-0.18031755089759827,510.7972289569927,430.93706946177315
car_15,-0.11223720759153366,-0.18024881184101105,517.8084640703361,433.01219969001465
car_15,-0.11342159658670425,-0.18009428679943085,524.2276173107174,434.9120901819878
car_15,-0.11483505368232727,-0.17981687188148499,531.4631720048185,437.05361275555674
car_15,-0.11616570502519608,-0.17947760224342346,537.9507447385155,438.9737535110691
car_15,-0.11774560809135437,-0.1789911985397339,545.3448903265435,441.16221457016746
car_15,-0.11920011043548584,-0.17847393453121185,551.9324959667041,443.11196227861547
car_15,-0.12075501680374146,-0.17785659432411194,558.80884578312,445.14717021749215
car_15,-0.1216292679309845,-0.17709293961524963,565.5193682313839,447.13329787611025
car_15,-0.12240686267614365,-0.1763363629579544,571.8209252828592,448.98028820986747
car_15,-0.12331937998533249,-0.17542998492717743,579.1651553084039,451.12564572629003
car_15,-0.1243123710155487,-0.17442551255226135,585.690985073698,453.0319365000229
car_15,-0.12523522973060608,-0.17344480752944946,592.2196028362304,455.2035797680483
car_15,-0.12599146366119385,-0.17263692617416382,599.3134525955577,458.05948543739635
car_15,-0.12669125199317932,-0.17191250622272491,606.1935017032554,460.8818046055428
car_15,-0.12736046314239502,-0.17122012376785278,613.0903965550599,463.771923095793
car_15,-0.1282719522714615,-0.17039798200130463,619.554364977528,465.75326905026475
car_15,-0.12921491265296936,-0.16956865787506104,626.1462504964102,467.69952915642216
car_15,-0.1301298439502716,-0.1687774658203125,632.6712384537202,469.6260376975814
car_15,-0.13112103939056396,-0.16793593764305115,639.8873235073597,471.7507962155459
car_15,-0.1320306956768036,-0.16717733442783356,646.6662829375048,473.74225820302115
car_15,-0.13286283612251282,-0.16649121046066284,653.1326882582509,475.68011952601086
car_15,-0.13376209139823914,-0.16575996577739716,660.3379736718679,477.8489518451958
car_15,-0.13460877537727356,-0.16508601605892181,667.1168822152813,479.82290448673194
car_15,-0.13542193174362183,-0.16444715857505798,673.7567017981236,481.73890095214483
car_15,-0.13625678420066833,-0.16379690170288086,680.7667358049983,483.76172705638163
car_15,-0.13703753054141998,-0.16319221258163452,687.5052369533093,485.7054494062555
car_15,-0.13779695332050323,-0.16260552406311035,694.2329978976813,487.6449224969264
car_15,-0.1384826898574829,-0.16210472583770752,700.5531059108322,489.46687775410504
car_15,-0.13915979862213135,-0.16166603565216064,707.1331420576856,491.36376486825554
car_15,-0.13984732329845428,-0.1612078845500946,713.9622122848817,493.33244331112274
car_15,-0.14049911499023438,-0.16076338291168213,720.2991376671276,495.07192790510294
car_15,-0.14123257994651794,-0.16024832427501678,727.1922752582966,496.83856497034964
car_15,-0.14199364185333252,-0.15968573093414307,734.480222687079,498.7016761628892
car_15,-0.14265689253807068,-0.1591673493385315,740.9535479561905,500.3565350761409
car_15,-0.14328402280807495,-0.15864887833595276,747.1942647048438,501.95688037777654
car_15,-0.14391908049583435,-0.15807779133319855,754.4744650438947,504.10584029937
car_15,-0.14446288347244263,-0.15754790604114532,761.4807205792695,506.3651334114757
car_15,-0.14493611454963684,-0.15706101059913635,767.6772548919879,508.36331735166544
car_15,-0.1454024463891983,-0.1565394401550293,774.7806974836722,510.8853677939145
car_15,-0.14582973718643188,-0.1560356616973877,781.4021965672423,513.238848427285
car_15,-0.1462721973657608,-0.15548579394817352,788.3639195463916,515.7132549022436
car_15,-0.1466764658689499,-0.1549580991268158,794.7214494023832,517.9525694320862
car_15,-0.14710183441638947,-0.15438193082809448,801.0750279172797,520.0987091978781
car_15,-0.14752331376075745,-0.15378016233444214,807.4442560415936,522.2504085097736
car_15,-0.14798803627490997,-0.1530780792236328,814.5568520061835,524.6532377920812
car_15,-0.14844825863838196,-0.15234100818634033,821.6854667198888,527.0614786455834
car_15,-0.1488574594259262,-0.15164868533611298,828.0967682985479,529.2273915200955
car_15,-0.149289071559906,-0.15087881684303284,834.9294239367794,531.5356493102472
car_15,-0.1497804820537567,-0.1499885618686676,841.4062432210543,533.4184447042342
car_15,-0.15040193498134613,-0.14882269501686096,848.4842362730936,535.1600329000041
car_15,-0.15098094940185547,-0.1476631760597229,855.1355105400868,536.7966240445639
car_15,-0.15168413519859314,-0.14619415998458862,862.1719991068693,538.1862658302629
car_15,-0.152448832988739,-0.1444929838180542,869.5034972272659,539.4962594030444
car_15,-0.15296688675880432,-0.1431742161512375,876.2600652397537,540.7035243474078
car_15,-0.15321120619773865,-0.14234311878681183,883.0906287118655,541.926541949134
car_15,-0.1534750908613205,-0.14145779609680176,890.3667659274569,543.2295712926968
car_15,-0.15371769666671753,-0.14065755903720856,896.9408014198643,544.4068664561078
car_15,-0.15396356582641602,-0.13986007869243622,903.4940040907978,545.5804308243337
car_15,-0.15412938594818115,-0.13923469185829163,910.1859386132917,547.4288493847423
car_15,-0.15421661734580994,-0.1388029158115387,916.2814396161107,549.5816476036529
car_15,-0.1543436497449875,-0.13828128576278687,922.6274048893362,551.5689402535755
car_15,-0.15463122725486755,-0.137423574924469,929.2561518981753,552.5670248588823
car_15,-0.15501999855041504,-0.1363545060157776,936.4382441416731,553.1729741599777
car_15,-0.15542002022266388,-0.13528545200824738,943.6231478108549,553.7819075982111
car_15,-0.15581370890140533,-0.13426373898983002,950.4882596639553,554.3608731378937
car_15,-0.15622854232788086,-0.1332191526889801,957.5210084727487,554.9532088826344
car_15,-0.15664389729499817,-0.13220590353012085,964.3700388145271,555.530070874801
car_15,-0.1570940464735031,-0.13114385306835175,971.5888920775869,556.138081332732
car_15,-0.15753033757209778,-0.13015033304691315,978.3953161715879,556.7113547986775
car_15,-0.15795838832855225,-0.1292089819908142,984.9083256895957,557.260637882888
car_15,-0.15839722752571106,-0.12827782332897186,991.4258761115958,557.8108207107192
car_15,-0.1588979959487915,-0.12725640833377838,998.6826241231186,558.4234033350684
car_15,-0.15924257040023804,-0.12657852470874786,1003.5739450630233,558.8377587150987
car_15,-0.15937381982803345,-0.12632513046264648,1005.4225295772743,558.99677673783
car_15,-0.15939578413963318,-0.12628313899040222,1005.7297909978628,559.022799239256
car_15,-0.15940198302268982,-0.1262713074684143,1005.8162571738297,559.030106240042
car_15,-0.15940597653388977,-0.12626367807388306,1005.8714053223956,559.034766646963
car_15,-0.15940643846988678,-0.12626278400421143,1005.8786781124529,559.0353812489396
car_15,-0.1594068855047226,-0.12626232206821442,1005.8824320619578,559.0356984841092
car_15,-0.159406840801239,-0.1262620985507965,1005.8825338252028,559.03570708382
car_15,-0.159406840801239,-0.1262620985507965,1005.8825338252028,559.03570708382
car_15,-0.15959101915359497,-0.12591321766376495,1008.44439875981,559.2526314445427
car_15,-0.1599418669939041,-0.12526336312294006,1013.2682204183862,559.6616003412391
car_15,-0.16048039495944977,-0.12430443614721298,1020.5362619264296,560.2777928804895
car_15,-0.16104906797409058,-0.12333994358778,1028.065795674588,560.9228744467271
car_15,-0.16155336797237396,-0.1225273460149765,1034.5389184671074,561.447832149553
car_15,-0.16206231713294983,-0.12174461036920547,1040.9628445783221,561.9670851582746
car_15,-0.16259193420410156,-0.12096782773733139,1047.5517880487653,562.4996767015289
car_15,-0.1631896048784256,-0.12013629823923111,1054.8805237597455,563.0920664647623
car_15,-0.16378328204154968,-0.11935507506132126,1062.0680112358566,563.6730389779118
car_15,-0.16439825296401978,-0.11859144270420074,1069.4321240867575,564.2682883142513
car_15,-0.16508707404136658,-0.11792558431625366,1076.5237515094657,564.8415123539153
car_15,-0.16586878895759583,-0.1173747330904007,1083.1141676596117,565.3742229354888
car_15,-0.16669628024101257,-0.11680416017770767,1090.056864845335,565.9354087803937
car_15,-0.16746681928634644,-0.11628333479166031,1096.5053346909817,566.4566456861477
car_15,-0.16835708916187286,-0.1156940758228302,1103.9451312725637,567.0581415500611
car_15,-0.16922804713249207,-0.115129753947258,1111.2262369118546,567.6476539790821
car_15,-0.17014628648757935,-0.11454737931489944,1118.916984524131,568.2711378596224
car_15,-0.1709376722574234,-0.11405542492866516,1125.5654127069774,568.8106625167964
car_15,-0.17171622812747955,-0.1135806143283844,1132.1252766167404,569.3430001204654
car_15,-0.17248882353305817,-0.1131182461977005,1138.6592549081975,569.87323708787
car_15,-0.1733316034078598,-0.11262384057044983,1145.8164394070236,570.4540476805184
car_15,-0.174089714884758,-0.11218808591365814,1152.2814196664615,570.9786854087425
car_15,-0.17498399317264557,-0.11168474704027176,1159.9415966486545,571.6003141977654
car_15,-0.17585588991641998,-0.11120542883872986,1167.4356490324876,572.2058931441046
car_15,-0.17666451632976532,-0.11077091842889786,1174.4159025654499,572.769483984914
car_15,-0.17754940688610077,-0.11030609905719757,1182.0794303292896,573.3869683203693
car_15,-0.17830915749073029,-0.10991593450307846,1188.6859569968456,573.9198713932691
car_15,-0.17906074225902557,-0.10953762382268906,1195.2442839129396,574.4490009523613
car_15,-0.17990842461585999,-0.10911986976861954,1202.6727190950492,575.0504092624577
car_15,-0.1806744933128357,-0.1087501123547554,1209.4143179214389,575.5982843452505
car_15,-0.18154463171958923,-0.10833866894245148,1217.0815174115503,576.2137827126227
car_15,-0.18249627947807312,-0.10783334821462631,1223.9529327702755,576.7675106238687
car_15,-0.18338841199874878,-0.10737012326717377,1230.5084137693725,577.3090621017363
car_15,-0.18429027497768402,-0.1069130152463913,1237.2408562819478,577.8626763954652
car_15,-0.18528907001018524,-0.10641898959875107,1244.8423896515094,578.4876214863443
car_15,-0.186238095164299,-0.10596100240945816,1252.218843466124,579.0939332529589
car_15,-0.1870538592338562,-0.10557551681995392,1258.6909737058004,579.6256542002116
car_15,-0.18845099210739136,-0.10493655502796173,1265.7109391763584,578.5514487941656
car_15,-0.18925845623016357,-0.10457131266593933,1272.4861325687684,579.1083591459736
car_15,-0.1901436597108841,-0.1041775718331337,1280.0962810067053,579.7339015029831
car_15,-0.19099842011928558,-0.10380344837903976,1287.6411660974686,580.3532571395814
car_15,-0.19175942242145538,-0.10347485542297363,1294.536479075306,580.9195473607059
car_15,-0.1925811469554901,-0.10312417894601822,1302.2088168552725,581.5582713932355
car_15,-0.19337327778339386,-0.10278962552547455,1309.8213531365582,582.1920169360943
car_15,-0.1941394954919815,-0.10246888548135757,1317.3904655923927,582.8174619913038
car_15,-0.19484376907348633,-0.10217583179473877,1324.5453248139158,583.405988952619
car_15,-0.19547785818576813,-0.10191299766302109,1331.1668017139436,583.9506422516902
car_15,-0.19574560225009918,-0.1018022671341896,1333.9845242879505,584.1706873798698
car_15,-0.19579048454761505,-0.10178371518850327,1334.456677588862,584.2067201317815
car_15,-0.19581373035907745,-0.10178054869174957,1337.056372666626,585.2811994804879
car_15,-0.19524149596691132,-0.1020357608795166,1338.5681879686535,588.1913050732982
car_15,-0.19428928196430206,-0.10244166105985641,1335.7524379514523,590.5457997450621
car_15,-0.19383080303668976,-0.10263083130121231,1331.95666539766,590.5353349778907
car_15,-0.19325363636016846,-0.10286791622638702,1326.2730151105834,590.0713175207146
car_15,-0.19249579310417175,-0.1031816303730011,1318.9830180957338,589.4722945101921
car_15,-0.19177688658237457,-0.1034819632768631,1312.249068335334,588.9189622042987
car_15,-0.1910472959280014,-0.10379009693861008,1305.564006521734,588.3625469038532
car_15,-0.1902921348810196,-0.10411274433135986,1298.8117022691933,587.8004158918022
car_15,-0.18950192630290985,-0.1044553741812706,1291.9134660962293,587.2263951122487
car_15,-0.1886429339647293,-0.10483383387327194,1284.6237877059207,586.6304426664886
car_15,-0.1877274513244629,-0.10524483025074005,1277.0346577969415,586.0066279998459
car_15,-0.18689726293087006,-0.1056247428059578,1270.3075595398798,585.4536709933072
car_15,-0.18610318005084991,-0.1059979796409607,1262.780875246402,584.3714678006105
car_15,-0.1855933517217636,-0.10624821484088898,1255.630514494945,582.5812363948053
car_15,-0.18466676771640778,-0.10669784247875214,1248.4941845785945,581.9892219999982
car_15,-0.18376390635967255,-0.1071462482213974,1241.6873427963806,581.4296109124222
car_15,-0.18280112743377686,-0.107636459171772,1234.557723684411,580.843463322555
car_15,-0.1818375587463379,-0.10814014822244644,1227.5396580222416,580.2639010446699
car_15,-0.18111269176006317,-0.10849947482347488,1221.184569666358,579.5808717049915
car_15,-0.18122033774852753,-0.10848274827003479,1215.7609694058146,576.6991439877175
car_15,-0.18308590352535248,-0.1075875461101532,1214.3970068380283,570.6794263149465
car_15,-0.18555037677288055,-0.10638676583766937,1214.994681475867,563.9208731429371
car_15,-0.18859778344631195,-0.10493399947881699,1215.6763345465008,555.1039959454506
car_15,-0.19220532476902008,-0.10322573035955429,1216.4431371760202,543.8383022049388
car_15,-0.19548895955085754,-0.10163328796625137,1214.7868681151826,531.5010124750089
car_15,-0.1985088437795639,-0.1000995859503746,1215.403287254539,519.9875220324623
car_15,-0.201399028301239,-0.09853421896696091,1216.4374206148152,507.8041383817093
car_15,-0.203933984041214,-0.0970669612288475,1217.4646594346166,495.7019810359219
car_15,-0.20606015622615814,-0.09580466151237488,1219.5440219127745,483.9278996625583
car_15,-0.20771241188049316,-0.09478922933340073,1220.7124452125702,471.89273522312106
car_15,-0.20924092829227448,-0.093565434217453,1221.1479575054452,459.1417894073403
car_15,-0.21069620549678802,-0.09162962436676025,1222.044326229301,446.9806795652602
car_15,-0.21211744844913483,-0.08889296650886536,1222.9681506215702,434.44707636137963
car_15,-0.21338702738285065,-0.08563617616891861,1223.8191439507539,422.90157831392304
car_15,-0.21462799608707428,-0.08176708221435547,1224.6772166582057,411.2600337462757
car_15,-0.21582745015621185,-0.07753881812095642,1225.5394836498006,399.56158497301016
car_15,-0.2170068472623825,-0.07320697605609894,1226.4325019320067,387.67013807466964
car_15,-0.21826772391796112,-0.06890779733657837,1227.4435910500445,374.9724344754156
car_15,-0.21942059695720673,-0.06522919982671738,1228.3420617850686,363.0740770967517
car_15,-0.22054101526737213,-0.06202443689107895,1229.2301730180038,350.91378483040836
car_15,-0.22194984555244446,-0.060154158622026443,1230.115033161011,338.7980074876929
car_15,-0.22380752861499786,-0.059405334293842316,1231.0380495362697,326.15978327261325
car_15,-0.22603893280029297,-0.059586990624666214,1231.953975197784,313.6186472918789
car_15,-0.22812247276306152,-0.06024620309472084,1232.7089240946875,303.2816547035078
car_15,-0.22936387360095978,-0.06077864021062851,1232.9237870948127,297.4275761142713
car_15,-0.22992752492427826,-0.06104271113872528,1233.1503992351174,294.86822769452607
car_15,-0.23010878264904022,-0.0611308291554451,1233.2252478888233,294.0521359218604
car_15,-0.23013797402381897,-0.06114509701728821,1233.2372782349805,293.9209663411807
car_15,-0.23014099895954132,-0.06114663928747177,1233.2385415964184,293.9071916261463
car_15,-0.23014137148857117,-0.06114682927727699,1233.238689956047,293.9055740276171
car_15,-0.23014147579669952,-0.061146847903728485,1233.2387195179872,293.9052517071062
car_15,-0.23014147579669952,-0.061146847903728485,1233.2387195179872,293.9052517071062
car_15,-0.23014147579669952,-0.061146847903728485,1233.2387195179872,293.9052517071062
car_15,-0.23014147579669952,-0.061146847903728485,1233.2387195179872,293.9052517071062
car_15,-0.23014147579669952,-0.061146847903728485,1233.2387195179872,293.9052517071062
car_15,-0.23014147579669952,-0.061146847903728485,1233.2387195179872,293.9052517071062
car_15,-0.23051083087921143,-0.06133139878511429,1233.3896592682624,292.25093687940426
car_15,-0.23120112717151642,-0.061692409217357635,1233.667256130438,289.1842909150541
car_15,-0.23239721357822418,-0.06239272281527519,1234.1431383169165,283.9271630958426
car_15,-0.23419970273971558,-0.06381052732467651,1234.8506516402742,276.1111782147724
car_15,-0.23631571233272552,-0.06570550054311752,1235.7028354617478,266.884327452442
car_15,-0.2361581176519394,-0.06918831169605255,1236.8339729420788,255.40932340552206
car_15,-0.23564784228801727,-0.07257041335105896,1237.8180521380684,242.63231375154453
car_15,-0.23526014387607574,-0.07570715248584747,1238.7367105201045,230.7047096889691
car_15,-0.23493723571300507,-0.07904636114835739,1239.7111457318433,218.05291483516027
car_15,-0.23469264805316925,-0.08223381638526917,1240.629842598545,206.13287791264798
car_15,-0.23564566671848297,-0.08492062985897064,1241.4813222407706,195.07251214332283
car_15,-0.23630429804325104,-0.08654063194990158,1243.3248509877485,188.80753323951248
car_15,-0.2369851917028427,-0.08816419541835785,1250.0003839539881,183.32515064811253
car_15,-0.23727186024188995,-0.0887223556637764,1256.8713833577071,181.9914780761057
car_15,-0.23737706243991852,-0.0887640118598938,1263.4931837648528,182.55222734512844
car_15,-0.2374848574399948,-0.08882157504558563,1270.0171582852192,183.04500702975383
car_15,-0.23759157955646515,-0.08887970447540283,1276.567400943131,183.53977084299513
car_15,-0.23771417140960693,-0.08894778043031693,1284.1908879024743,184.11560072826572
car_15,-0.23782917857170105,-0.0890129804611206,1291.4464220363384,184.6636377892801
car_15,-0.23793162405490875,-0.08907237648963928,1297.9867622696995,185.15637990766976
car_15,-0.23804838955402374,-0.08914189040660858,1305.5377347684962,185.72305701827366
car_15,-0.23815187811851501,-0.08920486271381378,1312.327751376813,186.2326267449766
car_15,-0.23826579749584198,-0.08927535265684128,1319.9062033733135,186.8013661068153
car_15,-0.23837119340896606,-0.08934172987937927,1327.0120490859344,187.3346378300889
car_15,-0.238480344414711,-0.08941204100847244,1334.4823583756524,187.8952614165593
car_15,-0.23858584463596344,-0.08948124200105667,1341.8012679755386,188.44452292499352
car_15,-0.2386942356824875,-0.08955366909503937,1349.435732230508,189.017465833434
car_15,-0.23878590762615204,-0.0896158516407013,1355.9706741763553,189.50789299634937
car_15,-0.23888389766216278,-0.08968361467123032,1363.0622537976485,190.04009409363215
car_15,-0.23895280063152313,-0.08965770155191422,1370.1429362882245,190.9110971617611
car_15,-0.23912741243839264,-0.08999611437320709,1377.286675363396,190.47605070285746
car_15,-0.23931191861629486,-0.09036324918270111,1384.9720548740236,190.00801889119043
car_15,-0.23944547772407532,-0.09058665484189987,1391.9523664356989,189.9812126692011
car_15,-0.239518404006958,-0.09059195220470428,1399.099358662595,190.7484593349885
car_15,-0.23959742486476898,-0.09064799547195435,1405.5450212550948,191.2594475070007
car_15,-0.23968535661697388,-0.09071148931980133,1412.8130321153644,191.83484110196147
car_15,-0.23976846039295197,-0.09077250212430954,1419.7856898954276,192.3868521960056
car_15,-0.23984888195991516,-0.09083263576030731,1426.6224542642083,192.92810488586562
car_15,-0.23991920053958893,-0.09083522856235504,1434.114495479158,193.74556946981377
car_15,-0.23995713889598846,-0.09074041992425919,1441.0198962959498,194.8429515207745
car_15,-0.2399933785200119,-0.09065020084381104,1447.6801420088582,195.89870716497921
car_15,-0.24002839624881744,-0.09056167304515839,1454.2212199831865,196.93557281352363
car_15,-0.24009695649147034,-0.09057477116584778,1461.5967702338635,197.7044373875657
car_15,-0.24021296203136444,-0.09077980369329453,1468.969214776977,197.76986388958443
car_15,-0.24027088284492493,-0.0907992497086525,1476.413009328359,198.35875827924983
car_15,-0.24032224714756012,-0.09081687033176422,1483.1278029990247,198.8899798616189
car_15,-0.2403797060251236,-0.09083689749240875,1490.7739618845178,199.49488372336253
car_15,-0.24042074382305145,-0.09085170924663544,1496.3225455295994,199.9338439548175
car_15,-0.24046196043491364,-0.09081453830003738,1502.7309051932173,200.75745662911802
car_15,-0.24049900472164154,-0.09068861603736877,1509.935048399107,202.17878863703277
car_15,-0.24053402245044708,-0.0905875414609909,1516.549105139423,203.40037478970874
car_15,-0.24057628214359283,-0.09057558327913284,1522.9836764335798,204.08157306023026
car_15,-0.2406228631734848,-0.09060419350862503,1529.5278934438904,204.53418499525174
car_15,-0.2406722456216812,-0.09063517302274704,1536.5681482586456,205.0211039574026
car_15,-0.2407243847846985,-0.09066854417324066,1544.1584587177144,205.54606593511215
car_16,-0.23799295723438263,-0.06668759882450104,1435.1652252196827,294.64693858448703
car_16,-0.23799626529216766,-0.06673045456409454,1437.6646630203265,294.84441909456075
car_16,-0.23800113797187805,-0.06679656356573105,1441.498881972241,295.14478735601324
car_16,-0.23800761997699738,-0.06688562780618668,1446.6966714234775,295.55197614737955
car_16,-0.23801584541797638,-0.06700200587511063,1453.5242336993126,296.08683944978094
car_16,-0.2380232810974121,-0.0671112909913063,1459.9768839032201,296.5913459114336
car_16,-0.23803018033504486,-0.06721287965774536,1465.9957967418115,297.05959196694806
car_16,-0.23803673684597015,-0.06731610745191574,1472.1459753878676,297.5380499491372
car_16,-0.23804359138011932,-0.06742317974567413,1478.60250167043,298.0414396539008
car_16,-0.23805080354213715,-0.06753255426883698,1485.2820779035,298.5648817437155
car_16,-0.23806016147136688,-0.06759507954120636,1490.3771254161204,299.05295174462043
car_16,-0.23811690509319305,-0.06736084818840027,1492.8421042651964,300.45873019446634
car_16,-0.2382335215806961,-0.06679563224315643,1493.1308888125018,302.99630497355463
car_16,-0.23832052946090698,-0.0663282722234726,1490.192293175952,304.6003322479987
car_16,-0.23832382261753082,-0.06621032953262329,1484.8989802770338,304.3025295867094
car_16,-0.238320991396904,-0.06610102951526642,1478.6739598284826,303.8195996115873
car_16,-0.23831777274608612,-0.06598710268735886,1472.2154511852432,303.31768501927337
car_16,-0.23830381035804749,-0.065834641456604,1465.432325568705,302.7899864299803
car_16,-0.23828701674938202,-0.06566150486469269,1458.1481701890925,302.2233098364286
car_16,-0.23827332258224487,-0.06551680713891983,1452.0859097541131,301.7486319108932
car_16,-0.23825912177562714,-0.0653626024723053,1445.6823322900077,301.24698308642814
car_16,-0.23824542760849,-0.06521010398864746,1439.4093132875537,300.7555620602803
car_16,-0.23823235929012299,-0.0650615245103836,1433.3106113860676,300.2748045610907
car_16,-0.2382189780473709,-0.06489592045545578,1426.7214145659043,299.76796882896906
car_16,-0.23825407028198242,-0.06444810330867767,1420.3010116555524,300.2687453074249
car_16,-0.23826119303703308,-0.06420277804136276,1414.0404976970563,300.12611248327573
car_16,-0.23825637996196747,-0.0640108659863472,1407.2449103047697,299.6962906939302
car_16,-0.2382524311542511,-0.0638243556022644,1400.6711195919534,299.2772928947841
car_16,-0.23824909329414368,-0.0636199563741684,1393.5279775751703,298.8220059964372
car_16,-0.2381584197282791,-0.06345498561859131,1386.8215598829338,298.39404398840566
car_16,-0.2379699945449829,-0.06340466439723969,1381.0548375379628,297.8165754078928
car_16,-0.23806263506412506,-0.06365916132926941,1374.1905807931319,295.57719143805423
car_16,-0.2378004491329193,-0.06357336789369583,1367.0428545164104,294.98331961783055
car_16,-0.23748981952667236,-0.0634380429983139,1360.1890924179727,294.6838329918006
car_16,-0.237186461687088,-0.06332436203956604,1352.9657715182611,294.23465432003627
car_16,-0.2368999719619751,-0.06323038041591644,1345.8122668496621,293.70702291485895
car_16,-0.23662656545639038,-0.06314337998628616,1339.0647653217286,293.209337671394
car_16,-0.2363545447587967,-0.06305963546037674,1332.41732849915,292.7190330453384
car_16,-0.23609468340873718,-0.0629822164773941,1326.1313687891782,292.25539041025087
car_16,-0.23583604395389557,-0.06290771067142487,1319.9303086304149,291.79788255575016
car_16,-0.23553524911403656,-0.06282418966293335,1312.7869987430329,291.27070101424596
car_16,-0.23523466289043427,-0.06274446845054626,1305.7047523272922,290.74617894717693
car_16,-0.23495633900165558,-0.06267411261796951,1299.2007907282323,290.2629219802804
car_16,-0.2346799522638321,-0.06260722130537033,1292.7927151784966,289.78678953290296
car_16,-0.23437508940696716,-0.06253710389137268,1285.787528216346,289.26746852603895
car_16,-0.23408369719982147,-0.062473468482494354,1279.1570653163094,288.77797126496245
car_16,-0.23381024599075317,-0.062417030334472656,1272.9782497217636,288.321817093553
car_16,-0.23371325433254242,-0.06239777058362961,1270.7926518586964,288.16046423117893
car_16,-0.23367251455783844,-0.06238984316587448,1269.8760361108955,288.0929857030601
car_16,-0.2336626946926117,-0.06238797307014465,1269.6575552139993,288.07693908351405
car_16,-0.23366107046604156,-0.06238763779401779,1269.6211786714068,288.0742673600468
car_16,-0.23366066813468933,-0.06238754466176033,1269.6126861509485,288.0736436156064
car_16,-0.2336604744195938,-0.06238752231001854,1269.6085176906433,288.07333745750486
car_16,-0.23353776335716248,-0.06235937774181366,1267.0350158529939,287.91903066574264
car_16,-0.23333442211151123,-0.06230972707271576,1262.9467275337665,287.70885332263146
car_16,-0.23304812610149384,-0.06224329024553299,1257.218654930875,287.41437529495374
car_16,-0.232716366648674,-0.062171224504709244,1250.6091277445703,287.0745820233527
car_16,-0.23236508667469025,-0.0621013343334198,1243.651670225559,286.7169017860569
car_16,-0.23202520608901978,-0.06207212433218956,1236.9217851282265,286.37092096015755
car_16,-0.23168770968914032,-0.062055088579654694,1230.2608897350638,286.02848686863507
car_16,-0.23136571049690247,-0.062048353254795074,1223.7452827971679,285.6497697958018
car_16,-0.2310597151517868,-0.06205567717552185,1217.219220349052,285.19183710560907
car_16,-0.23075534403324127,-0.062066808342933655,1210.7708579457249,284.7427946821554
car_16,-0.23046423494815826,-0.06208144128322601,1204.6275032982267,284.316120388875
car_16,-0.23012219369411469,-0.062104858458042145,1197.4027091090259,283.80907832298203
car_16,-0.23035167157649994,-0.06239226087927818,1191.4332303002275,281.0650280685528
car_16,-0.23022758960723877,-0.06250894069671631,1185.068632102505,279.80478332741365
car_16,-0.22990255057811737,-0.06254664063453674,1177.9471797769647,279.22999245978326
car_16,-0.2296207994222641,-0.06258440762758255,1171.7819435159913,278.72978291067426
car_16,-0.22932152450084686,-0.06262966245412827,1165.2462367606338,278.1987567368015
car_16,-0.22901688516139984,-0.0626811534166336,1158.6029565832282,277.6589902223873
car_16,-0.22870098054409027,-0.06273972243070602,1151.7610641090198,277.1096923422528
car_16,-0.22838468849658966,-0.0628049299120903,1144.9257634547346,276.56156148787306
car_16,-0.22808927297592163,-0.06287221610546112,1138.5441871888004,276.0491227645288
car_16,-0.2277679443359375,-0.06295366585254669,1131.574122719735,275.48247151531206
car_16,-0.2274669110774994,-0.06303723901510239,1125.0459000963672,274.95174105777977
car_16,-0.22718022763729095,-0.0631236881017685,1118.8319826907828,274.4465629384049
car_16,-0.2269020676612854,-0.0632142722606659,1112.800236146279,273.9561949181992
car_16,-0.22660894691944122,-0.0633167177438736,1106.4588694849185,273.44512811126424
car_16,-0.22628620266914368,-0.06343862414360046,1099.477674020432,272.88348440748547
car_16,-0.22599923610687256,-0.06355594098567963,1093.2570263566606,272.3830274855218
car_16,-0.2257183939218521,-0.06367915868759155,1087.1640454927133,271.8928414769951
car_16,-0.22542601823806763,-0.06381679326295853,1080.8050744084399,271.38125630649506
car_16,-0.2251092493534088,-0.06397726386785507,1073.903818176311,270.8260437887168
car_16,-0.22478029131889343,-0.0641576498746872,1066.6980096825419,270.243418049846
car_16,-0.22446183860301971,-0.0643458440899849,1059.7033225818786,269.67784859531275
car_16,-0.22416923940181732,-0.06453120708465576,1053.2553630847235,269.15785186167125
car_16,-0.2238449603319168,-0.06475252658128738,1046.0559023671385,268.570138673773
car_16,-0.22346246242523193,-0.0649680495262146,1039.500613374222,268.5081637570166
car_16,-0.22285223007202148,-0.06522723287343979,1033.0358275755534,269.75764222065885
car_16,-0.2224094122648239,-0.06553521007299423,1026.0585011073529,269.98091424863674
car_16,-0.2221081405878067,-0.06584258377552032,1019.034853608312,269.4062136099603
car_16,-0.22181729972362518,-0.0661591961979866,1012.1977968940965,268.8428288123914
car_16,-0.22153903543949127,-0.06648077815771103,1005.620050410043,268.3008116072872
car_16,-0.2213324010372162,-0.06673214584589005,1000.708115662522,267.89577815593657
car_16,-0.22076457738876343,-0.06724976003170013,994.5636950633267,269.35356897604316
car_16,-0.21978366374969482,-0.06826407462358475,989.7954015579205,274.3337350417624
car_16,-0.2188703864812851,-0.06968822330236435,985.132065649887,279.56241511475764
car_16,-0.2184516042470932,-0.07061345130205154,978.3533040447666,280.4576631246121
car_16,-0.21839039027690887,-0.07084508240222931,971.831280466815,278.49220948488073
car_16,-0.2183305025100708,-0.071068674325943,965.6002353046016,276.6151176502187
car_16,-0.21826177835464478,-0.0713188648223877,958.8018531358268,274.58333177301483
car_16,-0.21819446980953217,-0.07155678421258926,952.5207332843624,272.72408739000116
car_16,-0.21812425553798676,-0.07180243730545044,946.0949841223879,270.82221878111244
car_16,-0.21805600821971893,-0.07203754037618637,940.0076378529551,269.02212315742014
car_16,-0.21798075735569,-0.07229328155517578,933.4498706192688,267.0829188512962
car_16,-0.21789897978305817,-0.07256745547056198,926.4825936448016,265.02261798525734
car_16,-0.21782836318016052,-0.07280077785253525,920.6062359994581,263.2849140314425
car_16,-0.21775488555431366,-0.07304111868143082,914.6072669621576,261.5109525328277
car_16,-0.2176709771156311,-0.07331182062625885,907.91163149481,259.5309790650567
car_16,-0.2175901085138321,-0.07356986403465271,901.5529768459803,257.64510321062266
car_16,-0.21755041182041168,-0.0737227201461792,896.7524177397532,256.0436991621313
car_16,-0.21763743460178375,-0.07365978509187698,890.9772427986246,253.06987108634127
car_16,-0.21773302555084229,-0.07361027598381042,884.9318845817755,249.9481650492476
car_16,-0.21770784258842468,-0.07377343624830246,878.8557607664104,247.72439749333878
car_16,-0.2176171988248825,-0.07405023276805878,872.3626612069711,245.80501720170415
car_16,-0.217534601688385,-0.0742991715669632,866.5764607179177,244.09459845939634
car_16,-0.2174418568611145,-0.07457473129034042,860.226513718257,242.21753450673373
car_16,-0.21734653413295746,-0.07485418021678925,853.8472721283491,240.33181098268193
car_16,-0.21725063025951385,-0.07513079047203064,847.5854408277008,238.48079430290025
car_16,-0.21715806424617767,-0.07539504021406174,841.6543472776749,236.72603442900515
car_16,-0.21705617010593414,-0.0756816491484642,835.276332966173,234.83885127140383
car_16,-0.21694748103618622,-0.07598280906677246,828.6380260355673,232.87498306469973
car_16,-0.21691448986530304,-0.07615306973457336,822.7793731253031,230.67975762986336
car_16,-0.2175196409225464,-0.07548896223306656,818.4665754870895,224.81723048786884
car_16,-0.21787019073963165,-0.0752868801355362,813.8575994936434,220.73712094623463
car_16,-0.21806533634662628,-0.07532502710819244,808.0455830016487,217.2275249207412
car_16,-0.21803048253059387,-0.07557696849107742,801.6262941816605,214.8748948582835
car_16,-0.21792170405387878,-0.07590286433696747,794.672921183123,212.7314187896281
car_16,-0.21780791878700256,-0.07621797919273376,788.1500235759919,210.7718521701063
car_16,-0.21768662333488464,-0.07654303312301636,781.5256615320658,208.79654816689276
car_16,-0.21756267547607422,-0.07686928659677505,774.9422200156611,206.83344616611967
car_16,-0.21744713187217712,-0.07716871052980423,768.9590620054743,205.04934138878227
car_16,-0.21732036769390106,-0.07749119400978088,762.5819435419345,203.150307539494
car_16,-0.21719074249267578,-0.0778149887919426,756.2451269287459,201.26459111230665
car_16,-0.21705199778079987,-0.07815641164779663,749.6227599165001,199.29251255918828
car_16,-0.21690596640110016,-0.07847470045089722,743.7527154963401,197.6575796640693
car_16,-0.21674706041812897,-0.07881582528352737,737.5207372920238,195.92483374944106
car_16,-0.21659044921398163,-0.07914749532938004,731.5145790728783,194.25487506607675
car_16,-0.21640974283218384,-0.07952473312616348,724.7446123782931,192.37254625368027
car_16,-0.21624788641929626,-0.0798577144742012,718.8250900287188,190.72780939803687
car_16,-0.21606314182281494,-0.08023201674222946,712.2279616880509,188.89493842568294
car_16,-0.21586094796657562,-0.08063574880361557,705.1800590745494,186.93682946535972
car_16,-0.2156696319580078,-0.08101178705692291,698.6765600343473,185.12997139106142
car_16,-0.2154596596956253,-0.08141802251338959,691.7147478450642,183.19578081331304
car_16,-0.21508367359638214,-0.08193178474903107,684.9521866572155,182.2772657730054
car_16,-0.21464993059635162,-0.08250641822814941,678.0708610739208,181.62869833265847
car_16,-0.21422329545021057,-0.08308867365121841,671.3231524929375,180.99272434340278
car_16,-0.21382831037044525,-0.08364269882440567,665.0929648601697,180.40552689184278
car_16,-0.21351970732212067,-0.08408524841070175,660.2370048600269,179.94785089474053
car_16,-0.21308809518814087,-0.08471667766571045,653.5058559535418,179.32900170642688
car_16,-0.21267341077327728,-0.08533773571252823,647.0741201395637,178.7434731813717
car_16,-0.21224327385425568,-0.0859973281621933,640.3384946511075,178.09238129777503
car_16,-0.21181277930736542,-0.08667059242725372,633.5636780510833,177.4087832340445
car_16,-0.21137113869190216,-0.08737251907587051,626.6520275010503,176.7113782396174
car_16,-0.21094070374965668,-0.08806631714105606,619.9544634900076,176.03557517955466
car_16,-0.21050630509853363,-0.08877456933259964,613.2384041156346,175.3579058852738
car_16,-0.21007023751735687,-0.0894923284649849,606.5398972191757,174.68200768541868
car_16,-0.2096351832151413,-0.09021344780921936,599.9033775365582,174.01236416991293
car_16,-0.20920021831989288,-0.09093789756298065,593.3156702163349,173.34764595916283
car_16,-0.20873244106769562,-0.09171856194734573,586.2870990760249,172.63844334808536
car_16,-0.20824967324733734,-0.09252399206161499,579.0957465483492,171.91281563684882
car_16,-0.20766544342041016,-0.09322083741426468,572.1378093157231,171.2107401858669
car_16,-0.2070852518081665,-0.09389548748731613,565.4689728522941,170.58328512457572
car_16,-0.20651380717754364,-0.09454909712076187,559.0927977323291,170.03154687509786
car_16,-0.2058916538953781,-0.09524909406900406,552.2674762598217,169.45818845450748
car_16,-0.20522592961788177,-0.09598299860954285,545.0530018447544,168.85213939547418
car_16,-0.20463454723358154,-0.0966205894947052,538.7175592629584,168.31993305661217
car_16,-0.20395143330097198,-0.09733882546424866,531.4801957732606,167.71211538726027
car_16,-0.2033441960811615,-0.09795984625816345,525.1178897710586,167.17794876638573
car_16,-0.20266646146774292,-0.09863191843032837,518.0936476126514,166.5882072958148
car_16,-0.20197902619838715,-0.0992904007434845,511.0463751389775,165.99653224555135
car_16,-0.20127834379673004,-0.09993687272071838,503.9266768398248,165.3916595175596
car_16,-0.20059308409690857,-0.10054443031549454,497.03040474097014,164.80092976125732
car_16,-0.19987818598747253,-0.10115241259336472,489.91348034559377,164.19129908638868
car_16,-0.1992252916097641,-0.10168517380952835,483.48165025604413,163.64035310181708
car_16,-0.1986093968153,-0.10216902196407318,477.4722798037891,163.1255947088905
car_16,-0.19794917106628418,-0.10266835987567902,471.0740094538243,162.5651349520615
car_16,-0.19731532037258148,-0.10313066095113754,464.9932330266589,162.03141788892765
car_16,-0.1966462880373001,-0.10360222309827805,458.6427411438656,161.47402757574363
car_16,-0.19588711857795715,-0.10411990433931351,451.5246646813567,160.8492654404741
car_16,-0.19523335993289948,-0.10455340892076492,445.4880857177411,160.32925117597003
car_16,-0.19450534880161285,-0.10502564162015915,438.93606299481803,159.81654567417627
car_16,-0.1937853842973709,-0.10548635572195053,432.54322375331486,159.31629651604462
car_16,-0.19302153587341309,-0.10597255080938339,425.8558318578312,158.79036513631513
car_16,-0.1922374963760376,-0.10647361725568771,419.0930074414336,158.25282042494362
car_16,-0.19145524501800537,-0.10698024183511734,412.43846644868773,157.7097627920986
car_16,-0.19065706431865692,-0.10747931897640228,405.87119170778936,157.14815958256867
car_16,-0.18979936838150024,-0.10803760588169098,398.97642299676187,156.55855059103897
car_16,-0.18890561163425446,-0.10865990817546844,391.91950830473144,155.95507561903239
car_16,-0.18807785212993622,-0.10922589153051376,385.8971556567634,155.44007164714782
car_16,-0.18712832033634186,-0.10983099043369293,379.77919054368107,154.9171629673809
car_16,-0.18664593994617462,-0.1101539209485054,376.7196753466644,154.65646844537997
car_16,-0.18687064945697784,-0.11001671105623245,374.8616882130273,152.67282625210646
car_16,-0.1876590996980667,-0.10954030603170395,377.42926822098104,151.5140343140022
car_16,-0.18829245865345,-0.10908561199903488,382.1637537728554,151.91761005442916
car_16,-0.18910522758960724,-0.10851933807134628,388.4512741209797,152.45474584517837
car_16,-0.18997631967067719,-0.10795009136199951,395.30750889004173,153.04144852193392
car_16,-0.1908172219991684,-0.10742072016000748,402.09828960340616,153.62255015511732
car_16,-0.19156759977340698,-0.1069379672408104,408.38085778532053,154.16016295476373
car_16,-0.19231431186199188,-0.10646415501832962,414.7363288660729,154.70401421142512
car_16,-0.1930495649576187,-0.10600106418132782,421.0195384890376,155.19623199422472
car_16,-0.1938503235578537,-0.10549546033143997,427.9617153718683,155.7375220918262
car_16,-0.19455014169216156,-0.10504855960607529,434.12500109963815,156.2260686247419
car_16,-0.19529545307159424,-0.1045636385679245,440.772459265318,156.75341689800416
car_16,-0.19598908722400665,-0.10410075634717941,447.0371758720157,157.25255780480558
car_16,-0.19666697084903717,-0.10363393276929855,453.3118378517055,157.80293058686115
car_16,-0.1974273920059204,-0.10309164971113205,460.4308343095247,158.42736293056606
car_16,-0.19819138944149017,-0.10252384841442108,467.66957841140623,159.06229876341834
car_16,-0.19882351160049438,-0.10203534364700317,473.7216213355423,159.59314484119244
car_16,-0.19952157139778137,-0.10147460550069809,480.4606551223136,160.1775922097073
car_16,-0.20013944804668427,-0.10095920413732529,486.47177980531234,160.69250086878998
car_16,-0.20083212852478027,-0.10035941749811172,493.2767236116214,161.27540750859893
car_16,-0.2015634924173355,-0.09970088303089142,500.5398080326399,161.89755814716548
car_16,-0.20218510925769806,-0.09912099689245224,506.7771552888402,162.43184487074763
car_16,-0.20285265147686005,-0.09847818315029144,513.5271595129494,163.00162930641434
car_16,-0.20349153876304626,-0.09784435480833054,520.0500079790457,163.54968559163774
car_16,-0.20408040285110474,-0.0972447320818901,526.1233751496468,164.05997600657196
car_16,-0.2047729790210724,-0.09652208536863327,533.3436403562935,164.66662994741552
car_16,-0.20545974373817444,-0.09578802436590195,540.5900843706834,165.27503582873885
car_16,-0.2060922533273697,-0.09509822726249695,547.3437626650486,165.8419409826162
car_16,-0.20674289762973785,-0.09437663853168488,554.3741302375472,166.43207149176806
car_16,-0.20733685791492462,-0.0937085971236229,560.869424928075,166.9772878724601
car_16,-0.2078360617160797,-0.09300299733877182,567.2503010795954,167.53331804934123
car_16,-0.20832602679729462,-0.09221603721380234,574.267526808168,168.21515864289418
car_16,-0.20875053107738495,-0.09153569489717484,580.4357081929112,168.8372977075796
car_16,-0.2091888040304184,-0.09083467721939087,586.8505591972947,169.48431652155858
car_16,-0.20965370535850525,-0.09009449928998947,593.70426101834,170.17559898791487
car_16,-0.21010035276412964,-0.08938837051391602,600.3362128564469,170.84451516534833
car_16,-0.2105383276939392,-0.0887022390961647,606.8813658870072,171.50467658581624
car_16,-0.21102026104927063,-0.08795629441738129,614.1292029912885,172.23571257775438
car_16,-0.2114991992712021,-0.08722565323114395,621.3798156010406,172.96702851450442
car_16,-0.2118982970714569,-0.08662623167037964,627.4551659090112,173.57980439161892
car_16,-0.212339848279953,-0.08597444742918015,634.2095544662267,174.26106985989813
car_16,-0.21275362372398376,-0.08537501096725464,640.5695904225457,174.90255988336227
car_16,-0.2132139503955841,-0.0847240462899208,647.6035880304033,175.58143515841624
car_16,-0.21369387209415436,-0.0840660110116005,654.8641241257259,176.24195301214849
car_16,-0.21412120759487152,-0.08349578082561493,661.3732084323326,176.84331914155422
car_16,-0.21451333165168762,-0.08298537880182266,667.3904624220535,177.41057296219503
car_16,-0.2149723619222641,-0.08240486681461334,674.4568278181684,178.07672778561414
car_16,-0.21544308960437775,-0.08182895183563232,681.72596106203,178.76199777959675
car_16,-0.21582874655723572,-0.08136539906263351,687.8505429709713,179.39415501037078
car_16,-0.21611812710762024,-0.08096709847450256,693.7702668385838,180.44899263586228
car_16,-0.21630507707595825,-0.08060397207736969,700.0177530692176,182.18451062237884
car_16,-0.21647924184799194,-0.08026089519262314,705.9721273711517,183.83860369565167
car_16,-0.21667717397212982,-0.07986531406641006,712.9014323239594,185.7635272466134
car_16,-0.21685059368610382,-0.07951333373785019,719.1243519615841,187.4922207660626
car_16,-0.21702900528907776,-0.07914595305919647,725.6780192626015,189.31281198140152
car_16,-0.21720850467681885,-0.0787707269191742,732.437952041241,191.1908674968562
car_16,-0.21738895773887634,-0.07838765531778336,739.4076428314302,193.12719832412265
car_16,-0.21754439175128937,-0.07805286347866058,745.5582228810456,194.83596247366063
car_16,-0.21769286692142487,-0.0777188390493393,751.7933221609611,196.59793924805726
car_16,-0.2178175449371338,-0.07740196585655212,757.9162287807807,198.4260223728264
car_16,-0.21793614327907562,-0.07709711790084839,763.8545626346597,200.19514024273667
car_16,-0.21806149184703827,-0.07676990330219269,770.2902338261005,202.11194781305468
car_16,-0.2181827872991562,-0.07644642889499664,776.7174649615839,204.02846978261397
car_16,-0.21829737722873688,-0.0761360377073288,782.9471684677261,205.88609142118358
car_16,-0.21840770542621613,-0.07583180069923401,789.1125717661242,207.72453952169437
car_16,-0.21851009130477905,-0.07554188370704651,795.0569947244658,209.50465090014376
car_16,-0.2186109721660614,-0.07524198293685913,801.3071583767311,211.39926272439476
car_16,-0.21866461634635925,-0.07503017038106918,805.9703773787082,212.92390702357451
car_16,-0.21866154670715332,-0.07493521273136139,808.4265455105146,213.9009462804257
car_16,-0.21866145730018616,-0.07493112981319427,808.5347434537465,213.9439863462417
car_16,-0.21866144239902496,-0.07493073493242264,808.5431604478291,213.94733454278284
car_16,-0.2186615914106369,-0.07493069767951965,808.5467223565537,213.94875143465117
car_16,-0.21866141259670258,-0.07493054866790771,808.5484938868118,213.94945613177046
car_16,-0.21866147220134735,-0.07493050396442413,808.5493344967081,213.9497905180275
car_16,-0.21866144239902496,-0.07493055611848831,808.5498432033701,213.94999287647866
car_16,-0.21866144239902496,-0.07493055611848831,808.5498432033701,213.94999287647866
car_16,-0.21865662932395935,-0.07485578954219818,810.5399323950521,214.7552236370745
car_16,-0.218655064702034,-0.07470536977052689,814.482189943699,216.30260504745792
car_16,-0.21883852779865265,-0.07435435056686401,821.01717371502,217.7883817266739
car_16,-0.2194940745830536,-0.07378120720386505,827.9116905304111,216.75391746996434
car_16,-0.2195935994386673,-0.07347995042800903,834.3809470941206,218.6522715664374
car_16,-0.21968112885951996,-0.07320404052734375,840.384752090407,220.4265880373202
car_16,-0.21976494789123535,-0.07293588668107986,846.2730361665863,222.16676438016682
car_16,-0.21984903514385223,-0.07266245782375336,852.3346822859736,223.9581747535791
car_16,-0.2199331372976303,-0.0723840594291687,858.5670593551722,225.80004158527524
car_16,-0.2200140357017517,-0.07211227715015411,864.7107843859555,227.61570890315724
car_16,-0.22010113298892975,-0.07181441783905029,871.5121109143047,229.62571850382992
car_16,-0.22017675638198853,-0.07155108451843262,877.5891165197993,231.42166809682067
car_16,-0.22024771571159363,-0.0712997168302536,883.4419548222688,233.15136907943233
car_16,-0.22043515741825104,-0.07097459584474564,890.0689281124121,234.49184237691287
car_16,-0.22080281376838684,-0.07059351354837418,896.7510923750082,234.83918833771213
car_16,-0.22118344902992249,-0.07024179399013519,903.2079045403718,235.05076749341333
car_16,-0.2212992161512375,-0.0699581503868103,909.7933871886024,236.74096019443337
car_16,-0.2213582843542099,-0.06971472501754761,915.7283589182451,238.4989961282887
car_16,-0.2214255928993225,-0.06943164765834808,922.6996420714003,240.56400449675564
car_16,-0.22148919105529785,-0.06915867328643799,929.4960898302227,242.57722375488675
car_16,-0.221550852060318,-0.06888866424560547,936.2912564485067,244.59006351818527
car_16,-0.22160549461841583,-0.06864462792873383,942.5005134082223,246.42934723426436
car_16,-0.22165831923484802,-0.06840398907661438,948.6829038224577,248.2606726390785
car_16,-0.22170740365982056,-0.06817616522312164,954.5949483583057,250.01191716222633
car_16,-0.2217583805322647,-0.06793400645256042,960.9394728079471,251.8912693266156
car_16,-0.22180727124214172,-0.06769844144582748,967.1747818328553,253.73827009154445
car_16,-0.22186511754989624,-0.06747063249349594,973.181093960521,255.44868460284857
car_16,-0.22193649411201477,-0.06720741838216782,980.1569238113578,257.4013782869631
car_16,-0.2221173197031021,-0.0669327974319458,986.8141268393234,258.6216714977857
car_16,-0.22241522371768951,-0.06665638089179993,993.1232300017411,259.0695057446438
car_16,-0.22283798456192017,-0.06639355421066284,999.1729734376269,258.76673183593
car_17,-0.18250629305839539,-0.11375100910663605,371.93857862085525,165.16556492267657
car_17,-0.18210293352603912,-0.11418797820806503,372.1502016380305,166.50678040149393
car_17,-0.1812298744916916,-0.1151689812541008,372.59613607162606,169.33846405482558
car_17,-0.17985627055168152,-0.11678776144981384,373.26926343812835,173.61282283211497
car_17,-0.17796917259693146,-0.11955950409173965,374.33988628298675,180.41127789696597
car_17,-0.1760142743587494,-0.1231345608830452,375.7310966031459,189.2454634299763
car_17,-0.17310604453086853,-0.12761975824832916,377.4987711813463,200.46950031558586
car_17,-0.16966399550437927,-0.13286235928535461,379.5193198326332,213.29791037434268
car_17,-0.16643205285072327,-0.13834650814533234,381.53032944990673,226.0657573579122
car_17,-0.1636512279510498,-0.1436653584241867,383.3972371474151,237.9187050561692
car_17,-0.15908943116664886,-0.15130099654197693,385.35056955984345,250.32036098844904
car_17,-0.15418383479118347,-0.15767738223075867,387.3214519525709,262.8334412824516
car_17,-0.14916390180587769,-0.16260594129562378,389.229721742049,274.94899581095615
car_17,-0.14361673593521118,-0.16737696528434753,391.21648725201203,287.56291759708535
car_17,-0.13956381380558014,-0.17060764133930206,392.669281130166,296.78666758595114
car_17,-0.13747814297676086,-0.17220333218574524,393.42078125618275,301.55792205171747
car_17,-0.1370440572500229,-0.1725303828716278,393.5777208578123,302.55432744036284
car_17,-0.13678093254566193,-0.17277172207832336,393.6772774839186,303.18640983191716
car_17,-0.1366923749446869,-0.17285548150539398,393.71107249616455,303.4009734727161
car_17,-0.13668595254421234,-0.17286156117916107,393.713530821487,303.41658131530573
car_17,-0.13668523728847504,-0.1728622168302536,393.71381400275493,303.4183792257022
car_17,-0.13668489456176758,-0.17286254465579987,393.7139321247098,303.4191291788759
car_17,-0.13668477535247803,-0.17286261916160583,393.71397767271833,303.41941836198004
car_17,-0.13668470084667206,-0.17286273837089539,393.71399721519947,303.4195424366769
car_17,-0.13668470084667206,-0.17286273837089539,393.71399721519947,303.4195424366769
car_17,-0.13668470084667206,-0.17286273837089539,393.71399721519947,303.4195424366769
car_17,-0.13668470084667206,-0.17286273837089539,393.71399721519947,303.4195424366769
car_17,-0.13668470084667206,-0.17286273837089539,393.71399721519947,303.4195424366769
car_17,-0.13586437702178955,-0.17362554371356964,394.01526110723296,305.39719254146286
car_17,-0.1342274695634842,-0.17490112781524658,394.66370876315415,309.80403413621804
car_17,-0.13197451829910278,-0.17615126073360443,395.53323045219946,315.7132919025731
car_17,-0.12776648998260498,-0.1769721955060959,396.70070825320494,323.647455419774
car_17,-0.12282870709896088,-0.1775466650724411,398.15239516172846,333.5131002295392
car_17,-0.11762358993291855,-0.17756830155849457,399.8503098518114,345.0538767505702
car_17,-0.11270689964294434,-0.17676326632499695,400.72399738014326,357.2428982566607
car_17,-0.10861652344465256,-0.17482583224773407,400.88846582436776,369.7053619819307
car_17,-0.10593807697296143,-0.17080950736999512,401.10163196434104,382.3774940305228
car_17,-0.10399873554706573,-0.16608014702796936,401.5488297165215,394.5880122515869
car_17,-0.10147412866353989,-0.15974903106689453,400.70815229033434,407.15175886929825
car_17,-0.09759090840816498,-0.15327051281929016,401.2767858767949,419.8376799527568
car_17,-0.09240145981311798,-0.14698737859725952,402.9475773487659,432.20438226049737
car_17,-0.0864560455083847,-0.14057815074920654,404.582237402307,444.0123972354883
car_17,-0.08026538789272308,-0.13339880108833313,406.3541756514867,456.8120452942686
car_17,-0.07541333138942719,-0.12658265233039856,408.046507022655,469.03665072835526
car_17,-0.07131350040435791,-0.11977070569992065,409.8071600440568,481.75477961236305
car_17,-0.06788279861211777,-0.11375320702791214,411.5010554814017,493.990683124478
car_17,-0.06467090547084808,-0.10830479115247726,413.25310659295053,506.6466758596663
car_17,-0.06185205280780792,-0.10375179350376129,414.95525505277016,518.9421953223633
car_17,-0.059342220425605774,-0.09973470866680145,416.649241892831,531.1787590846855
car_17,-0.05710646137595177,-0.09596098959445953,418.36046027439284,543.5397953938497
car_17,-0.05516098067164421,-0.09230446815490723,420.0973855742337,556.0865263832884
car_17,-0.05395045876502991,-0.08969098329544067,420.9603818553265,565.0482646889637
car_17,-0.05352459102869034,-0.08898802101612091,423.553681222883,570.2520699391425
car_17,-0.05402842164039612,-0.0908331423997879,429.20312437444284,570.9834860481574
car_17,-0.055054131895303726,-0.09366505593061447,436.6468968826905,571.1995178363668
car_17,-0.05660494789481163,-0.09709432721138,446.05125376457556,572.0159047555894
car_17,-0.058743081986904144,-0.10098925232887268,456.7542088787833,572.9482716157904
car_17,-0.06180258095264435,-0.1061425656080246,469.7460319141892,574.0800286980683
car_17,-0.06498333811759949,-0.1118180900812149,481.61779433919,575.1142139057179
car_17,-0.06841305643320084,-0.11841994524002075,493.42558353297306,576.1428262112958
car_17,-0.07252033054828644,-0.12587720155715942,505.96516374995497,577.235187050932
car_17,-0.07772863656282425,-0.13309451937675476,518.1914766740337,578.3002582271837
car_17,-0.08407454192638397,-0.13974538445472717,530.4957243446497,580.0784695609574
car_17,-0.09003916382789612,-0.14557504653930664,542.8580904948296,582.7181344978961
car_17,-0.0942387580871582,-0.1506451815366745,555.332235585294,586.0242404338529
car_17,-0.09639227390289307,-0.15499749779701233,567.2759370548753,589.4422292529538
car_17,-0.09709295630455017,-0.1588941514492035,578.7523205720187,592.7575321833865
car_17,-0.0968300849199295,-0.16267570853233337,590.4886052045866,596.0678313365474
car_17,-0.09589119255542755,-0.16629210114479065,602.624883235502,599.5956058573727
car_17,-0.09451385587453842,-0.16971859335899353,615.1024694143504,603.2394692612372
car_17,-0.09313555806875229,-0.17245538532733917,626.0157036896617,606.4181445555414
car_17,-0.0921706035733223,-0.17415916919708252,633.4324557757707,608.588767544128
car_17,-0.09123308956623077,-0.1757056564092636,640.7196755585738,610.721612358607
car_17,-0.09037676453590393,-0.17705073952674866,647.630999823567,612.7444389727514
car_17,-0.08960407972335815,-0.17822600901126862,654.2583854938789,614.6841616079646
car_17,-0.08891096711158752,-0.17926202714443207,660.72035077667,616.575468520001
car_17,-0.08829941600561142,-0.18017497658729553,667.0834864773935,618.4378497007006
car_17,-0.08770383894443512,-0.18108293414115906,674.3148417775827,620.5543439349022
car_17,-0.08736912906169891,-0.1816992163658142,680.5730031570831,622.3732632577093
car_17,-0.08729398250579834,-0.18206000328063965,685.4559563601108,623.6367468968805
car_17,-0.08727462589740753,-0.18221688270568848,687.7281646921464,624.2312492986104
car_17,-0.08727394789457321,-0.18222302198410034,687.8186740037587,624.2549302271475
car_17,-0.087273508310318,-0.1822279840707779,687.8921690301456,624.274159524517
car_17,-0.0872734934091568,-0.18222835659980774,687.8978243777691,624.2756391941834
car_17,-0.0872688740491867,-0.18233129382133484,689.42093462411,624.6509446315204
car_17,-0.08729000389575958,-0.18258288502693176,693.2432231136798,625.4900374253024
car_17,-0.08738317340612411,-0.18290826678276062,698.7330295134362,626.6951942317191
car_17,-0.08762916922569275,-0.18327869474887848,706.1051076242123,628.3135591549398
car_17,-0.08807498216629028,-0.18356451392173767,712.8562761749225,629.2904793364962
car_17,-0.08872020244598389,-0.18377085030078888,719.5810882788154,630.0599451018288
car_17,-0.0896444320678711,-0.18388786911964417,726.7125327041058,630.6809144123303
car_17,-0.09073229134082794,-0.1838885396718979,733.5682375013317,631.2778737416126
car_17,-0.09213606268167496,-0.18375462293624878,741.0220931707192,631.9256353192894
car_17,-0.09372580796480179,-0.18347664177417755,748.3030493410347,632.5544451703621
car_17,-0.0956140011548996,-0.18301773071289062,755.9449343154936,633.2183941044162
car_17,-0.09749658405780792,-0.182449609041214,762.8295872591996,633.8177495291254
car_17,-0.09976117312908173,-0.18164585530757904,770.442735880202,634.4805254108473
car_17,-0.10197287052869797,-0.18075305223464966,777.3829908095214,635.0847213630275
car_17,-0.1043383926153183,-0.17969673871994019,784.4286011390552,635.6980892126376
car_17,-0.10682524740695953,-0.17848829925060272,791.5505958410421,636.3181068365162
car_17,-0.10925910621881485,-0.17722153663635254,798.3446492371841,636.9095749601875
car_17,-0.11098814755678177,-0.1760355830192566,804.94522015023,637.4841991300998
car_17,-0.11247337609529495,-0.1748758852481842,811.4870059264471,638.048881657604
car_17,-0.11268772184848785,-0.17456606030464172,817.5955712832487,641.789553634205
car_17,-0.11417042464017868,-0.17338013648986816,824.2849754907907,642.3710255727943
car_17,-0.11587122082710266,-0.1720568835735321,831.2306471719581,642.9751839824548
car_17,-0.11760757863521576,-0.17072951793670654,838.170128629643,643.5788039451879
car_17,-0.11914452910423279,-0.16958028078079224,845.0671325541635,644.1787290660021
car_17,-0.12068799138069153,-0.1684781312942505,852.3812927493072,644.8149398738757
car_17,-0.12216702103614807,-0.1674707978963852,859.7206471119669,645.4533421570849
car_17,-0.12344935536384583,-0.1666373908519745,866.3939458346123,646.0338086300962
car_17,-0.12478619068861008,-0.1658078134059906,873.7067752355541,646.6699036809134
car_17,-0.12598448991775513,-0.16509677469730377,880.6109857851073,647.2704556587572
car_17,-0.12727265059947968,-0.16436360776424408,888.3888618200623,647.9146878935148
car_17,-0.12839080393314362,-0.16374686360359192,895.5286782949694,648.5127130705121
car_17,-0.12949499487876892,-0.16314885020256042,902.9459321942164,649.131677234566
car_17,-0.13049311935901642,-0.16261011362075806,909.9886087160646,649.721370363126
car_17,-0.13151714205741882,-0.1620505154132843,917.5801675166266,650.3728495711816
car_17,-0.13238321244716644,-0.16156503558158875,924.2711824464515,650.9470474694115
car_17,-0.13324780762195587,-0.16106295585632324,931.191549277856,651.5409274907905
car_17,-0.13409338891506195,-0.1607169657945633,938.3156067445883,652.1522874813404
car_17,-0.1349506676197052,-0.16035684943199158,945.7102054064295,652.7868643062935
car_17,-0.13578654825687408,-0.1599799245595932,953.0585160537632,653.4174688668112
car_17,-0.13652248680591583,-0.15962108969688416,959.627123343984,653.9811621988242
car_17,-0.13731972873210907,-0.15919789671897888,966.8269602754597,654.5990252998649
car_17,-0.1381676197052002,-0.15870121121406555,974.5610393000921,655.2638540449876
car_17,-0.13899560272693634,-0.15816152095794678,982.1853139845527,655.929811099059
car_17,-0.13977083563804626,-0.15760141611099243,989.2554232171343,656.5016191052498
car_17,-0.14025455713272095,-0.1572217345237732,993.6569326574859,656.8511376835396
car_17,-0.1406451314687729,-0.15688323974609375,998.1887985158019,657.6919270135127
car_17,-0.1406734585762024,-0.15678611397743225,1003.6413630665852,660.673789171477
car_17,-0.13934287428855896,-0.15766681730747223,1005.7202031420976,667.9203260723123
car_17,-0.13764511048793793,-0.1586352437734604,1005.2666558146282,675.6253408732691
car_17,-0.13549914956092834,-0.15960891544818878,1004.3340244623853,685.4812557707208
car_17,-0.13304561376571655,-0.16047033667564392,1003.239460568297,697.048450637176
car_17,-0.13067513704299927,-0.16142341494560242,1003.5196330037955,709.0076861012492
car_17,-0.12827251851558685,-0.16242559254169464,1004.2649167590295,720.9851025114081
car_17,-0.1253458857536316,-0.16359490156173706,1003.1800732460096,733.3248396740175
car_17,-0.1220446228981018,-0.16502447426319122,1002.0784426770526,745.8555240612827
car_17,-0.11817538738250732,-0.1670253425836563,1000.9109095397962,758.8119010468332
car_17,-0.11394622176885605,-0.16960108280181885,999.7008391749167,770.8650473450434
car_17,-0.11017373204231262,-0.17211207747459412,998.7222984923638,780.4337911741014
car_17,-0.10821976512670517,-0.17348015308380127,998.1314648909436,785.5162989611746
car_17,-0.10617668926715851,-0.1748729795217514,998.3701674285634,791.2948557769811
car_17,-0.10610916465520859,-0.1748443841934204,1002.4253861186629,794.4935688701788
car_17,-0.10742118954658508,-0.173845574259758,1008.013677717909,795.0660004146299
car_17,-0.10928378254175186,-0.17240725457668304,1015.9007680095654,795.7212722666557
car_17,-0.11141377687454224,-0.1707361936569214,1025.382348005718,796.5090168282696
car_17,-0.11420907080173492,-0.1687888652086258,1036.5744018296991,797.4388702426487
car_17,-0.11685393750667572,-0.16698938608169556,1049.3362491531582,798.4998766130741
car_17,-0.11914543807506561,-0.16556134819984436,1061.9806163915289,799.551445201585
car_17,-0.12109716981649399,-0.1644827276468277,1073.9881862259629,800.5500545447181
car_17,-0.12287174165248871,-0.1636149138212204,1086.1809074525715,801.5640620002644
car_17,-0.12446104735136032,-0.1629156768321991,1098.3882635512186,802.5792865646973
car_17,-0.12595780193805695,-0.1622934192419052,1111.2244266637017,803.6452637522976
car_17,-0.12730039656162262,-0.16172069311141968,1124.034173497844,804.7088324760115
car_17,-0.12869055569171906,-0.16107234358787537,1135.843069510436,804.087192096131
car_17,-0.1297658085823059,-0.16045406460762024,1148.1711350407259,805.1123680718077
car_17,-0.130759134888649,-0.16000081598758698,1160.3394426688012,806.1242589166687
car_17,-0.13177865743637085,-0.15957722067832947,1173.321222525548,807.203796399493
car_17,-0.13243314623832703,-0.15926721692085266,1181.8191827663238,807.9110050350083
car_17,-0.13277214765548706,-0.15909376740455627,1186.2525360739062,808.2802028859124
car_17,-0.13281139731407166,-0.159073144197464,1186.7627400590945,808.3210192047276
car_17,-0.13282936811447144,-0.15906363725662231,1186.997258402081,808.3397806721664
car_17,-0.13282978534698486,-0.1590634286403656,1187.0021821615787,808.3401745729262
car_17,-0.13282975554466248,-0.159063458442688,1187.0023382614975,808.3401870609198
car_17,-0.13282975554466248,-0.159063458442688,1187.0023382614975,808.3401870609198
car_17,-0.13282975554466248,-0.159063458442688,1187.0023382614975,808.3401870609198
car_17,-0.13282975554466248,-0.159063458442688,1187.0023382614975,808.3401870609198
car_17,-0.13282975554466248,-0.159063458442688,1187.0023382614975,808.3401870609198
car_17,-0.13282975554466248,-0.159063458442688,1187.0023382614975,808.3401870609198
car_17,-0.13282975554466248,-0.159063458442688,1187.0023382614975,808.3401870609198
car_17,-0.13282975554466248,-0.159063458442688,1187.0023382614975,808.3401870609198
car_17,-0.13302305340766907,-0.1589636206626892,1189.09022175262,808.2925143918308
car_17,-0.13358964025974274,-0.15868103504180908,1192.4719464715156,806.5798752069783
car_17,-0.13465730845928192,-0.15814051032066345,1194.2407846825442,800.8527082076204
car_17,-0.13593941926956177,-0.15741780400276184,1194.8348212334295,793.4337080403462
car_17,-0.1377488523721695,-0.15620791912078857,1195.5273160102695,783.5128776164036
car_17,-0.14019420742988586,-0.1541200429201126,1196.3842492533536,771.1377534295136
car_17,-0.14276787638664246,-0.15117621421813965,1197.2120529646518,759.1832939516479
car_17,-0.14552517235279083,-0.14693312346935272,1198.03568969132,747.2890106341733
car_17,-0.14753691852092743,-0.14279043674468994,1198.8716727547726,735.224446662905
car_17,-0.14867526292800903,-0.13993367552757263,1201.4889059501852,723.8671644272747
car_17,-0.14996139705181122,-0.13687744736671448,1203.649140324283,712.4997785742353
car_17,-0.1514577567577362,-0.1335754692554474,1204.4964973329907,700.2560297259519
car_17,-0.15311375260353088,-0.1302279531955719,1205.3241318813134,688.2972573977631
car_17,-0.15505075454711914,-0.1267576962709427,1206.5999888880713,676.108486450807
car_17,-0.1571429818868637,-0.12355480343103409,1207.837333363815,664.3307092968902
car_17,-0.15918050706386566,-0.1209910437464714,1205.9795794960937,652.4449269292212
car_17,-0.16165126860141754,-0.11835542321205139,1206.330048804275,640.1226653846276
car_17,-0.16497693955898285,-0.1161244735121727,1207.2487331895077,627.4239230351963
car_17,-0.1690308302640915,-0.11404641717672348,1209.5214084888737,614.7886628896055
car_17,-0.172772616147995,-0.11223982274532318,1211.5941288185875,603.2068614632841
car_17,-0.17640948295593262,-0.11058343946933746,1212.367327227192,591.3473083553929
car_17,-0.18013593554496765,-0.10895659029483795,1213.517990349847,579.323622646166
car_17,-0.18443788588047028,-0.10692514479160309,1214.699729573544,566.9939475658168
car_17,-0.18869420886039734,-0.10488840192556381,1215.6976526018286,554.8158074197244
car_17,-0.19261686503887177,-0.10302935540676117,1216.5124069688102,542.4759962800653
car_17,-0.19572050869464874,-0.10151803493499756,1214.5984999732245,530.5542790862066
car_17,-0.19902941584587097,-0.09982558339834213,1215.5805921592344,517.8986486240203
car_17,-0.201963409781456,-0.09821518510580063,1216.6551031007339,505.23956659447947
car_17,-0.20458057522773743,-0.09668006002902985,1217.837673317973,492.3840485520186
car_17,-0.2066754251718521,-0.0954383984208107,1220.1776043562948,479.7422672699139
car_17,-0.20826296508312225,-0.09441822022199631,1220.5534236987387,467.2078795505656
car_17,-0.2098311334848404,-0.09286786615848541,1221.5036507689183,454.31606899557124
car_17,-0.211261585354805,-0.0906536877155304,1222.4074889458377,442.05362045575373
car_17,-0.21268412470817566,-0.08753341436386108,1223.3451131549666,429.3327939762688
car_17,-0.21406392753124237,-0.08360189199447632,1224.2833613877376,416.60350131556044
car_17,-0.21532069146633148,-0.07936855405569077,1225.171004782347,404.56076874898383
car_17,-0.21661339700222015,-0.07464571297168732,1226.1217259603698,391.66225459133705
car_17,-0.21780423820018768,-0.07041022181510925,1227.0756087301452,379.5937189344109
car_17,-0.21908782422542572,-0.066553995013237,1228.0505926954704,367.0649615543281
car_17,-0.22022925317287445,-0.0627179741859436,1229.0017229418825,354.0417935649939
car_17,-0.2215508371591568,-0.060520756989717484,1229.8853656551803,341.94268564445423
car_17,-0.22332261502742767,-0.05948906019330025,1230.8156361284969,329.20513608673355
car_17,-0.22540797293186188,-0.05946406349539757,1231.709330709201,316.9683949047879
car_17,-0.22760342061519623,-0.06005225330591202,1232.526977260988,305.77292673416594
car_17,-0.22930742800235748,-0.060752879828214645,1232.9019109276276,297.68622962040155
car_17,-0.2301001101732254,-0.06112649291753769,1233.221647328159,294.091393647814
car_17,-0.23013992607593536,-0.06114598736166954,1233.2380523658676,293.91252581731317
car_17,-0.23014134168624878,-0.061146803200244904,1233.238657014794,293.90593319353644
car_17,-0.23014138638973236,-0.06114679202437401,1233.2386971765509,293.9054953008321
car_17,-0.23014143109321594,-0.0611468181014061,1233.2387169147473,293.90528009081925
car_17,-0.23014143109321594,-0.0611468181014061,1233.2387169147473,293.90528009081925
car_17,-0.23014143109321594,-0.0611468181014061,1233.2387169147473,293.90528009081925
car_17,-0.23065397143363953,-0.061410240828990936,1233.2316369722412,291.55165342618943
car_17,-0.2313762605190277,-0.06183530017733574,1231.9232047519852,287.9008936203017
car_17,-0.23148199915885925,-0.0620473176240921,1226.205762440967,285.816926318142
car_17,-0.23116645216941833,-0.062052637338638306,1219.4935433930373,285.3516544005918
car_17,-0.23081165552139282,-0.06206447631120682,1211.96204907791,284.82552645716277
car_17,-0.2304600328207016,-0.06208173185586929,1204.5386690756065,284.30995058730394
car_17,-0.23009942471981049,-0.06210671365261078,1196.9178284890597,283.77418616918794
car_17,-0.2303951531648636,-0.062434080988168716,1190.765391419029,280.67838450575357
car_17,-0.2301577776670456,-0.06251656264066696,1183.537286434407,279.6813153676118
car_17,-0.22984109818935394,-0.0625545009970665,1176.6033749405224,279.1209817429627
car_17,-0.22952403128147125,-0.06259844452142715,1169.6675538121433,278.5579887472366
car_17,-0.2292034775018692,-0.06264893710613251,1162.6716928545204,277.9895750444298
car_17,-0.22889675199985504,-0.06270269304513931,1155.999617724045,277.44958697627766
car_17,-0.22855986654758453,-0.06276795268058777,1148.7127421797322,276.8652437966753
car_17,-0.22824464738368988,-0.06283600628376007,1141.9008865023054,276.31899302275525
car_17,-0.22792313992977142,-0.06291337311267853,1134.9396551293248,275.7560820611883
car_17,-0.22756744921207428,-0.06300853192806244,1127.2266907660282,275.1290346484959
car_17,-0.2272447794675827,-0.06310365349054337,1120.230391920179,274.56025060087495
car_17,-0.22693808376789093,-0.06320217996835709,1113.5811177979167,274.0196789168558
car_17,-0.2265831083059311,-0.06332608312368393,1105.8989102853361,273.4000788699963
car_17,-0.22624847292900085,-0.06345363706350327,1098.6589351253624,272.8176160977104
car_17,-0.22590696811676025,-0.06359542906284332,1091.2576053679352,272.2221721971641
car_17,-0.22556018829345703,-0.06375239789485931,1083.7250665245228,271.6161724029465
car_17,-0.22522887587547302,-0.06391528248786926,1076.5114690458547,271.0358317397895
car_17,-0.22490717470645905,-0.06408633291721344,1069.479867068442,270.4685683778415
car_17,-0.22457510232925415,-0.06427732110023499,1062.1934953291645,269.8788440464252
car_17,-0.22426007688045502,-0.06447233259677887,1055.260390295223,269.3195476044534
car_17,-0.22391267120838165,-0.0647049993276596,1047.5619859272138,268.69284117761146
car_17,-0.22355686128139496,-0.0649208128452301,1040.8802110499373,268.445788330189
car_17,-0.22288717329502106,-0.06521044671535492,1033.4088472913281,269.6846171969358
car_17,-0.22239311039447784,-0.06555123627185822,1025.683441614891,269.951939695571
car_17,-0.22205962240695953,-0.06589402258396149,1017.8983040407877,269.31256004311257
car_17,-0.2217366099357605,-0.06625042110681534,1010.297148046214,268.68621219925325
car_17,-0.22140973806381226,-0.06663670390844345,1002.5506161142225,268.04788513736247
car_17,-0.22126053273677826,-0.06682202219963074,998.9924961981959,267.75323410548805
car_17,-0.22066783905029297,-0.06733829528093338,993.8534633715111,269.73329681127126
car_17,-0.2197260856628418,-0.06833823025226593,989.521720150027,274.6500030302892
car_17,-0.21883217990398407,-0.06976200640201569,984.8549422808251,279.76809709671033
car_17,-0.21844489872455597,-0.07063869386911392,977.6372896342473,280.241722270646
car_17,-0.21838271617889404,-0.07087373733520508,971.0282100014201,278.25030096354254
car_17,-0.21832098066806793,-0.07110388576984406,964.6234943177649,276.320726091102
car_17,-0.21824868023395538,-0.07136569172143936,957.5605046904327,274.2158861297155
car_17,-0.21816794574260712,-0.07165005803108215,950.0727862279194,271.99948223642406
car_17,-0.2180846482515335,-0.07193891704082489,942.5525630984239,269.7746857017912
car_17,-0.2180004119873047,-0.07222636789083481,935.1555245242796,267.5872995771572
car_17,-0.21791474521160126,-0.07251468300819397,927.817872907205,265.4174748326047
car_17,-0.21782617270946503,-0.0728081464767456,920.4219924628643,263.2304311797635
car_17,-0.21774370968341827,-0.07307731360197067,913.7083755705896,261.24514040575
car_17,-0.21765966713428497,-0.07334740459918976,907.0334878302219,259.27130227033655
car_17,-0.21757982671260834,-0.07360312342643738,900.7102490070371,257.39056500620717
car_17,-0.2175443470478058,-0.0737270787358284,897.2086188803571,256.27351477431523
car_17,-0.21761639416217804,-0.07367346435785294,892.3345200800804,253.77074281826307
car_17,-0.21772311627864838,-0.07361443340778351,885.5490269530543,250.2668454312964
car_17,-0.21770206093788147,-0.07379105687141418,878.4403340047443,247.6015960590376
car_17,-0.21760252118110657,-0.07409480214118958,871.3234344388557,245.49781855812873
car_17,-0.21750353276729584,-0.07439189404249191,864.4330651194583,243.46100409799791
car_17,-0.21739844977855682,-0.07470265030860901,857.2992108672236,241.3522147394199
car_17,-0.21729959547519684,-0.0749901533126831,850.7629455358144,239.42007451222082
car_17,-0.21718570590019226,-0.07531643658876419,843.4157874368543,237.24722488722207
car_17,-0.21708332002162933,-0.0756056010723114,836.9627650246275,235.33784767086544
car_17,-0.21697445213794708,-0.07590830326080322,830.2742414656135,233.35878829700553
car_17,-0.2168644517660141,-0.07620808482170105,823.7606028868503,231.4418557580589
car_17,-0.2171478122472763,-0.07586000114679337,821.3054922421184,228.4527041367692
car_17,-0.21742449700832367,-0.07561730593442917,817.6266572110317,225.09736187222697
car_17,-0.2167840600013733,-0.07651084661483765,814.8817697408167,228.30711647694983
car_17,-0.21615807712078094,-0.07757546752691269,813.6243857398395,232.31985326425655
car_17,-0.2153281271457672,-0.079398013651371,811.9039896562049,238.10603480005494
car_17,-0.214114710688591,-0.08184897154569626,809.6871477647414,245.55407269948185
car_17,-0.21246449649333954,-0.08481821417808533,806.9833025063513,254.6316640700526
car_17,-0.21058528125286102,-0.08838962018489838,803.8177045198122,265.2532462556113
car_17,-0.2086169272661209,-0.09181935340166092,800.4476849457835,276.55931140914447
car_17,-0.20659027993679047,-0.09452779591083527,796.9682324858613,288.23129284288353
car_17,-0.20443283021450043,-0.096444271504879,793.4230114396621,300.1907167116681
car_17,-0.20203962922096252,-0.0975940003991127,789.9876746384645,312.0189107108242
car_17,-0.19882836937904358,-0.09935883432626724,786.513450583097,323.992813644292
car_18,-0.08730051666498184,-0.18201929330825806,684.881376146321,623.4864132710995
car_18,-0.08728282153606415,-0.18214072287082672,686.613669699376,623.9396519390829
car_18,-0.08727051317691803,-0.18238817155361176,690.258865181379,624.8348924141675
car_18,-0.08731839805841446,-0.18271856009960175,695.4474335029377,625.9739195442613
car_18,-0.0874854028224945,-0.18309834599494934,702.325841842422,627.4839109763839
car_18,-0.08781397342681885,-0.18342339992523193,709.33128360125,628.833262726522
car_18,-0.08834784477949142,-0.18367189168930054,716.0259819486672,629.7016127213752
car_18,-0.08907456696033478,-0.18383270502090454,722.5126541675286,630.3152107030229
car_18,-0.0900457352399826,-0.18390168249607086,729.387921744985,630.9138734580667
car_18,-0.091160848736763,-0.1838611662387848,735.9770279730222,631.4876187622767
car_18,-0.09255029261112213,-0.18369339406490326,743.0155761245762,632.0977997562134
car_18,-0.09406687319278717,-0.1834031641483307,749.7510194621038,632.6794971353636
car_18,-0.09571360796689987,-0.18299028277397156,756.3250665827843,633.2514871794588
car_18,-0.09754300862550735,-0.18243446946144104,762.991950849305,633.8318843735831
car_18,-0.09950537979602814,-0.1817426085472107,769.6117564676414,634.4081830541866
car_18,-0.10186276584863663,-0.18079978227615356,777.0464399105878,635.0554223397338
car_18,-0.1043817549943924,-0.17967647314071655,784.5550607193466,635.7090983711346
car_18,-0.10671056807041168,-0.17854607105255127,791.2267323169827,636.2899123346876
car_18,-0.10915837436914444,-0.17727555334568024,798.0653018165498,636.8852558850932
car_18,-0.11105254292488098,-0.1759858876466751,805.2277550098256,637.5087956932313
car_18,-0.11273685097694397,-0.1746675968170166,812.6568633758244,638.1495661102143
car_18,-0.11421548575162888,-0.17348486185073853,819.3208043336713,638.7248695303394
car_18,-0.11601606756448746,-0.1720798909664154,826.7008373595831,639.3668101835761
car_18,-0.11770844459533691,-0.1707821786403656,833.465809592174,639.9552507337567
car_18,-0.11924439668655396,-0.16963115334510803,840.3501409584442,640.5540735518721
car_18,-0.12074525654315948,-0.1685563027858734,847.442904492805,641.1710265167862
car_18,-0.12229646742343903,-0.1674966961145401,855.1181351605132,641.8386444761195
car_18,-0.12375190109014511,-0.1665513813495636,862.7001483079805,642.4981540549581
car_18,-0.1249951645731926,-0.1657811403274536,869.51629367139,643.0910458200466
car_18,-0.12621842324733734,-0.16505497694015503,876.5692812140896,643.7045389324127
car_18,-0.12741534411907196,-0.16437126696109772,883.8308538913612,644.3306182155281
car_18,-0.12860459089279175,-0.16371290385723114,891.3939788783323,644.9548059152443
car_18,-0.12965670228004456,-0.16314047574996948,898.4456254211968,645.5435987834101
car_18,-0.130693256855011,-0.16257788240909576,905.7324983109464,646.1516827519565
car_18,-0.13157951831817627,-0.16209135949611664,912.2472601003644,646.7020289937153
car_18,-0.13235285878181458,-0.16165761649608612,918.1538574347929,647.2089111051273
car_18,-0.13312546908855438,-0.1612115055322647,924.2444492728202,647.7315829372858
car_18,-0.13394518196582794,-0.16083508729934692,931.0039979870853,648.3116621487986
car_18,-0.13466675579547882,-0.16053715348243713,937.1260127950787,648.8370305828179
car_18,-0.13544964790344238,-0.1601947844028473,943.8898346425678,649.4174764986561
car_18,-0.13605840504169464,-0.15991154313087463,949.2257658813462,649.8753861782099
car_18,-0.13674502074718475,-0.15957018733024597,955.3156895984254,650.3980006747252
car_18,-0.13737039268016815,-0.15923580527305603,960.9182188006405,650.8787887952753
car_18,-0.1381799876689911,-0.1587642878293991,968.2337492537396,651.506580282017
car_18,-0.13890770077705383,-0.15829762816429138,974.8572403006918,652.0761426221828
car_18,-0.13963820040225983,-0.15778246521949768,981.5486268195672,652.6606147507704
car_18,-0.1400766223669052,-0.1574486345052719,985.5723082803717,653.0120710089794
car_18,-0.14015813171863556,-0.15738439559936523,986.3196660419533,653.0773504216237
car_18,-0.1401907205581665,-0.1573585867881775,986.6112800052593,653.0991481800545
car_18,-0.14019343256950378,-0.15735632181167603,986.6360812878235,653.1009657681384
car_18,-0.14019529521465302,-0.15735501050949097,986.6522101804627,653.1021477910032
car_18,-0.14019539952278137,-0.15735486149787903,986.6534068132754,653.1022354874978
car_18,-0.14019550383090973,-0.15735483169555664,986.6536250110478,653.102251478351
car_18,-0.14019550383090973,-0.15735483169555664,986.6536250110478,653.102251478351
car_18,-0.14019550383090973,-0.15735483169555664,986.6536250110478,653.102251478351
car_18,-0.14019550383090973,-0.15735483169555664,986.6536250110478,653.102251478351
car_18,-0.14019550383090973,-0.15735483169555664,986.6536250110478,653.102251478351
car_18,-0.14019550383090973,-0.15735483169555664,986.6536250110478,653.102251478351
car_18,-0.14019550383090973,-0.15735483169555664,986.6536250110478,653.102251478351
car_18,-0.14019550383090973,-0.15735483169555664,986.6536250110478,653.102251478351
car_18,-0.14019550383090973,-0.15735483169555664,986.6536250110478,653.102251478351
car_18,-0.14019550383090973,-0.15735483169555664,986.6536250110478,653.102251478351
car_18,-0.14019550383090973,-0.15735483169555664,986.6536250110478,653.102251478351
car_18,-0.14019550383090973,-0.15735483169555664,986.6536250110478,653.102251478351
car_18,-0.14019550383090973,-0.15735483169555664,986.6536250110478,653.102251478351
car_18,-0.14034390449523926,-0.1572360098361969,987.9771503161467,653.1992474226963
car_18,-0.14068342745304108,-0.15695491433143616,991.0128852747607,653.4252016597057
car_18,-0.1413317173719406,-0.15638431906700134,996.6131224702108,653.7489867143302
car_18,-0.14233122766017914,-0.1554480940103531,1002.4562187796115,652.6902765546442
car_18,-0.14397351443767548,-0.1537599265575409,1005.1789088799346,647.2082686173741
car_18,-0.14620110392570496,-0.15096011757850647,1005.9567572393561,638.4544309848369
car_18,-0.1489538997411728,-0.14647838473320007,1006.9531299914347,628.0666013575142
car_18,-0.15109503269195557,-0.14194032549858093,1008.1092273987643,616.1241738249464
car_18,-0.15267413854599,-0.1383521854877472,1009.0615377036388,603.2013942576056
car_18,-0.15444719791412354,-0.1346426159143448,1009.9980674686516,590.5556687392173
car_18,-0.1557246744632721,-0.1321764588356018,1010.6652767902062,582.4029192210418
car_18,-0.1564362645149231,-0.13087992370128632,1011.0144196319643,578.1366806614769
car_18,-0.15661366283893585,-0.13056544959545135,1011.0991297135697,577.1015930889839
car_18,-0.15664029121398926,-0.1305185705423355,1011.1117788726009,576.9470307621909
car_18,-0.15664686262607574,-0.1305069774389267,1011.114918526854,576.9086667677561
car_18,-0.15665146708488464,-0.13049881160259247,1011.1171120129428,576.881864170617
car_18,-0.15689200162887573,-0.13007906079292297,1011.2237196997321,575.4939990160825
car_18,-0.15746113657951355,-0.12911084294319153,1011.4640949979736,572.2789794021038
car_18,-0.15835577249526978,-0.127654030919075,1011.9823352441155,567.4854424380718
car_18,-0.15970109403133392,-0.12554852664470673,1015.036893513634,561.715281670361
car_18,-0.16056710481643677,-0.12415405362844467,1021.6929250306057,560.3759630128067
car_18,-0.1611143797636032,-0.12323253601789474,1028.914113632808,560.9931729920353
car_18,-0.16163210570812225,-0.1224038302898407,1035.5411880124739,561.5288466985954
car_18,-0.16206076741218567,-0.1217469796538353,1040.9441538443405,561.9655743657021
car_18,-0.1626121550798416,-0.12093904614448547,1047.8008198027874,562.5198062119412
car_18,-0.16315871477127075,-0.1201779842376709,1054.5055436554246,563.0617564107536
car_18,-0.16370201110839844,-0.1194595992565155,1061.0888131950985,563.593889323947
car_18,-0.16423198580741882,-0.11879350244998932,1067.4476680913424,564.1078825548365
car_18,-0.1648121476173401,-0.11812222003936768,1074.1979927428183,564.6535187163431
car_18,-0.16572800278663635,-0.11747313290834427,1081.9288494133677,565.2784123587481
car_18,-0.16648899018764496,-0.11694584786891937,1088.320294866911,565.7950399202074
car_18,-0.16717351973056793,-0.11648046225309372,1094.0521498336439,566.2583520575988
car_18,-0.16803735494613647,-0.11590421199798584,1101.2731482151198,566.842033294064
car_18,-0.16876140236854553,-0.11543066054582596,1107.324696956516,567.3317670231804
car_18,-0.1696287840604782,-0.11487407237291336,1114.5792097233473,567.9191263686431
car_18,-0.17048294842243195,-0.11433696001768112,1121.7431307911315,568.5004816313971
car_18,-0.17130950093269348,-0.11382769048213959,1128.6955759291757,569.0646774798687
car_18,-0.17195428907871246,-0.11343730241060257,1134.1359595939985,569.5061684685554
car_18,-0.17266203463077545,-0.11301569640636444,1140.1276421998134,569.9923977568762
car_18,-0.17339347302913666,-0.11258792132139206,1146.3431765787143,570.4967927751726
car_18,-0.17416082322597504,-0.11214764416217804,1152.8892509055463,571.0280113444175
car_18,-0.17504765093326569,-0.11164931952953339,1160.4880900150831,571.644662521619
car_18,-0.17578060925006866,-0.11124634742736816,1166.788191429076,572.1536169376069
car_18,-0.17656050622463226,-0.11082635074853897,1173.5159868658225,572.696824124722
car_18,-0.1773807555437088,-0.11039382964372635,1180.6161229060833,573.2690715137603
car_18,-0.17801187932491302,-0.11006767302751541,1186.0980529162855,573.7110778148705
car_18,-0.17886003851890564,-0.10963796079158783,1193.4915083408437,574.307586018718
car_18,-0.17933231592178345,-0.10940276831388474,1197.6196811133752,574.6406493543723
car_18,-0.17984451353549957,-0.10915110260248184,1202.1091520247057,575.0040682036231
car_18,-0.18030217289924622,-0.10892882943153381,1206.141021887043,575.3342250717673
car_18,-0.18095387518405914,-0.10861710458993912,1211.8720877575247,575.7955862836491
car_18,-0.18178077042102814,-0.10821288079023361,1218.7959084610366,576.3514085684984
car_18,-0.1827123612165451,-0.10772013664245605,1225.5273859348886,576.89643606911
car_18,-0.18360169231891632,-0.10726107656955719,1232.0904676120333,577.4392473372872
car_18,-0.18463340401649475,-0.10674195736646652,1239.8344027681608,578.0758997105158
car_18,-0.18551890552043915,-0.10630717128515244,1246.6144300484948,578.6333062966446
car_18,-0.18639422953128815,-0.10588661581277847,1253.4479116688608,579.1949079374594
car_18,-0.1873674988746643,-0.10542933642864227,1261.21362881375,579.8329041339919
car_18,-0.1886734962463379,-0.10483533143997192,1267.5624344130683,578.7036388209185
car_18,-0.18947960436344147,-0.10447234660387039,1274.3685505430344,579.2630909736249
car_18,-0.1903233826160431,-0.10409838706254959,1281.6672337256562,579.8630313714183
car_18,-0.1911587417125702,-0.1037338599562645,1289.0778810547542,580.4706287094656
car_18,-0.19188934564590454,-0.10341906547546387,1295.7352996655666,581.0193494736538
car_18,-0.19263407588005066,-0.1031017005443573,1302.710159055335,581.6000082563514
car_18,-0.19334028661251068,-0.102803535759449,1309.4992961796931,582.1652056141619
car_18,-0.19409510493278503,-0.10248740017414093,1316.9463109112032,582.780927798697
car_18,-0.19481484591960907,-0.102187879383564,1324.2462008972632,583.3813843469554
car_18,-0.19551508128643036,-0.101897694170475,1331.5604197051937,583.9830195204996
car_18,-0.19578418135643005,-0.10178626328706741,1334.3902607121242,584.2016514753989
car_18,-0.19580891728401184,-0.10177600383758545,1334.6524817620907,584.2216630818438
car_18,-0.19581769406795502,-0.10177235305309296,1334.7448474263676,584.2287120404333
car_18,-0.19596774876117706,-0.10171027481555939,1336.3354058461307,584.3499935793322
car_18,-0.19634006917476654,-0.10155624896287918,1340.3264127235925,584.6537866401541
car_18,-0.19690757989883423,-0.10132145881652832,1346.53939110273,585.1267148451332
car_18,-0.19750231504440308,-0.10107500106096268,1353.229426693471,585.6359563602493
car_18,-0.19815830886363983,-0.10080216825008392,1360.8267065383234,586.2121876481186
car_18,-0.1987488567829132,-0.10055539011955261,1367.9093024718984,586.7596534505478
car_18,-0.19936662912368774,-0.1002955362200737,1375.5699137590814,587.3582923621104
car_18,-0.19997210800647736,-0.10003840178251266,1383.32763617821,587.9645200286886
car_18,-0.20052392780780792,-0.09980162978172302,1390.6258562294781,588.5348398561867
car_18,-0.20107772946357727,-0.0995611771941185,1398.1812597872101,589.1252573036538
car_18,-0.201612189412117,-0.09932590276002884,1405.70866743824,589.7134870093746
car_18,-0.20213951170444489,-0.09909026324748993,1413.3730064029905,590.3124172205161
car_18,-0.20262686908245087,-0.09886884689331055,1420.681419141093,590.8835335561156
car_18,-0.20309697091579437,-0.09865178912878036,1427.944530789211,591.4511098354213
car_18,-0.20355695486068726,-0.09843562543392181,1435.2655325627452,592.023150607332
car_18,-0.2039692997932434,-0.09823820739984512,1442.0197896801537,592.5508962389614
car_18,-0.20441298186779022,-0.09802195429801941,1449.4961692777365,593.1350650978665
car_18,-0.20484812557697296,-0.09780531376600266,1457.052837486317,593.7255073282151
car_18,-0.20526939630508423,-0.09759120643138885,1464.5717249890206,594.3080250634206
car_18,-0.2056756168603897,-0.09738022089004517,1472.0619342138816,594.8957660078116
car_18,-0.2061770111322403,-0.09711343795061111,1481.6367475686368,595.6551309713815
car_18,-0.20663689076900482,-0.09687311202287674,1491.0234371158867,596.3576914286225
car_18,-0.20715324580669403,-0.09661631286144257,1502.567340771882,597.1252976755995
car_18,-0.20765390992164612,-0.09635810554027557,1514.8092973555708,598.135982793377
car_18,-0.2081487774848938,-0.09608997404575348,1527.489274214037,599.1975051725276
car_18,-0.20863063633441925,-0.09581371396780014,1540.3928300577063,600.2777447858617
car_18,-0.20906634628772736,-0.09554902464151382,1552.560270545303,601.2963594504415
car_18,-0.2094806581735611,-0.09528189897537231,1564.6025233395817,602.304493848414
car_18,-0.20988333225250244,-0.0950053408741951,1576.7671976761649,603.3228769407096
car_18,-0.2102740854024887,-0.09471794962882996,1589.0370126676169,604.3541035081827
car_18,-0.21066541969776154,-0.09439808875322342,1601.330088217831,605.407697635669
car_18,-0.2111217975616455,-0.09395391494035721,1614.2534897829491,606.5177120244858
car_18,-0.21155203878879547,-0.09349510073661804,1626.7646940127345,607.592270210205
car_18,-0.2119690626859665,-0.09300660341978073,1638.9525999942466,608.5608731872263
car_18,-0.21237890422344208,-0.09248185902833939,1651.2304715302866,609.5423713586773
car_18,-0.21276532113552094,-0.09194344282150269,1663.1874710400668,610.540232650509
car_18,-0.21315859258174896,-0.09134761989116669,1675.545674884831,611.5523608812624
car_18,-0.2135484665632248,-0.09070634096860886,1688.0444071525594,612.5759982913345
car_18,-0.21393296122550964,-0.09002230316400528,1700.613360466701,613.605386755877
car_18,-0.21429842710494995,-0.08932214975357056,1712.7932433625524,614.6029106259324
car_18,-0.21456366777420044,-0.08878319710493088,1721.7739159847831,615.3384214174918
car_18,-0.21465511620044708,-0.08862213790416718,1727.5792067020288,616.6838192552087
car_18,-0.21420784294605255,-0.08972541242837906,1730.9552980717597,622.9716581367353
car_18,-0.2135157734155655,-0.09116761386394501,1730.9426956025243,630.3450052350116
car_18,-0.21273478865623474,-0.09252545982599258,1730.037374380643,637.9760887010933
car_18,-0.21192555129528046,-0.09368986636400223,1729.1648706600902,645.537787612551
car_18,-0.21111010015010834,-0.09466578811407089,1728.3181001808434,652.7867666352532
car_18,-0.21044529974460602,-0.0953293889760971,1727.5407345197145,659.4372373204608
car_18,-0.20969288051128387,-0.09598922729492188,1726.687919937789,666.840241212301
car_18,-0.20888493955135345,-0.09662120789289474,1725.8205955479646,674.3187428063139
car_18,-0.20800258219242096,-0.09723888337612152,1724.9248140069012,682.0124604077321
car_18,-0.20714308321475983,-0.097779780626297,1724.0988662780198,689.1063870943683
car_18,-0.20608271658420563,-0.09845025837421417,1723.2079344518945,696.7584513065713
car_18,-0.2053276151418686,-0.09890525788068771,1722.6130299002627,701.8679868464756
car_18,-0.20430956780910492,-0.09947705268859863,1722.016358005976,708.5653830646677
car_18,-0.20311547815799713,-0.10009250789880753,1721.4408407361007,716.0954703688355
car_18,-0.2018744796514511,-0.10067598521709442,1720.7625985101172,723.481666656863
car_18,-0.20060904324054718,-0.1012210100889206,1719.9799098878864,730.573614984618
car_18,-0.19923658668994904,-0.10176405310630798,1718.8653196215782,737.7211589248714
car_18,-0.1978619396686554,-0.10227102041244507,1718.5673824308512,744.8130364836665
car_18,-0.1962333470582962,-0.10282956808805466,1717.8132816729978,752.5454306287727
car_18,-0.1945827305316925,-0.10336200892925262,1717.0957801237994,759.9027302981209
car_18,-0.19297632575035095,-0.1038566306233406,1716.4380084466854,766.647556630473
car_18,-0.19108055531978607,-0.10442038625478745,1715.7054378838918,774.1433333126885
car_18,-0.18911592662334442,-0.1049915999174118,1714.991073685201,781.4506837617968
car_18,-0.18707683682441711,-0.10557929426431656,1714.2908235279383,788.613659328798
car_18,-0.18501175940036774,-0.10617703944444656,1713.6177778986598,795.4983552449573
car_18,-0.1827998012304306,-0.1068277582526207,1712.9302046800778,802.5316562933704
car_18,-0.18054351210594177,-0.10751011222600937,1712.2579825286007,809.4079287178557
car_18,-0.17866165935993195,-0.1080409437417984,1711.6067775905324,816.0692125635117
car_18,-0.17788343131542206,-0.10826005041599274,1709.9117378794328,818.2398141411684
car_18,-0.17797432839870453,-0.10823610424995422,1707.9500085397303,816.9793018787751
car_18,-0.17864607274532318,-0.10804783552885056,1707.7579334502905,814.3379889427586
car_18,-0.18004639446735382,-0.1076573058962822,1708.2542250901793,809.2623729839785
car_18,-0.18235182762145996,-0.10696105659008026,1708.9507825164592,802.1386221389618
car_18,-0.18449319899082184,-0.10632573068141937,1709.6091244744518,795.4057040727414
car_18,-0.18675951659679413,-0.10566610097885132,1710.339722376158,787.9338184488323
car_18,-0.18890966475009918,-0.10504443198442459,1711.0719209783197,780.4455623279749
car_18,-0.1907733827829361,-0.1045021042227745,1711.7434012810454,773.5782773153071
car_18,-0.1926618069410324,-0.10394146293401718,1712.4645060470457,766.2009298851573
car_18,-0.19437651336193085,-0.10341530293226242,1713.158920652165,759.080364988339
car_18,-0.19596752524375916,-0.10290485620498657,1713.8429860445965,752.0659214778404
car_18,-0.1974649280309677,-0.1023971363902092,1714.525536297905,745.0628737862985
car_18,-0.1988811045885086,-0.10188639163970947,1715.587528932374,738.2091635967397
car_18,-0.20013588666915894,-0.1013990268111229,1716.0816512781325,731.5802974055267
car_18,-0.201325461268425,-0.10090185701847076,1716.5730455600815,724.9707864616018
car_18,-0.20248746871948242,-0.10037773102521896,1717.3368145176016,718.2988291549905
car_18,-0.2036893367767334,-0.09978828579187393,1718.349360398152,711.1181138736556
car_18,-0.20485500991344452,-0.09916234761476517,1719.3792795982354,703.7895239172035
car_18,-0.20592360198497772,-0.09853438287973404,1720.1994446910535,696.6631450900386
car_18,-0.20701827108860016,-0.0978395864367485,1721.1004118382853,688.9248891858953
car_18,-0.20790039002895355,-0.09729164093732834,1721.9417756448654,681.6985563902946
car_18,-0.2087351530790329,-0.09671629220247269,1722.7819089557083,674.4827921164551
car_18,-0.20956163108348846,-0.09608166664838791,1723.6604559222355,666.9122607758893
car_18,-0.21027886867523193,-0.09546656161546707,1724.4638198341065,659.9385219442672
car_18,-0.21100635826587677,-0.09476162493228912,1725.329168341494,652.5231512613769
car_18,-0.211854487657547,-0.09376300871372223,1726.2054295642167,645.019610443455
car_18,-0.2126423567533493,-0.09264816343784332,1727.0511007672399,637.690460017255
car_18,-0.21326543390750885,-0.09160630404949188,1727.7588397276447,631.6562588530755
car_18,-0.2137756496667862,-0.09062576293945312,1728.0466514110233,626.429911302442
car_18,-0.21402515470981598,-0.09006259590387344,1724.3249279408974,622.2538702068994
car_18,-0.21385712921619415,-0.09036149084568024,1718.206478094969,621.5682836715195
car_18,-0.2135932296514511,-0.09082023054361343,1709.583277592326,620.8626117946912
car_18,-0.21325452625751495,-0.09137371927499771,1698.688850560973,619.971076132517
car_18,-0.21287058293819427,-0.09195628017187119,1686.561153127168,618.9786168933871
car_18,-0.2124870866537094,-0.09249287843704224,1674.6834936035661,618.0066192823169
car_18,-0.21214239299297333,-0.09293880313634872,1664.2186275240076,617.1502363552523
car_18,-0.21189604699611664,-0.09323722124099731,1656.7920831533684,616.5198766711766
car_18,-0.211506649851799,-0.0937153771519661,1650.8485626592144,617.8105177758125
car_18,-0.21078316867351532,-0.09455429017543793,1648.5943009449547,623.5519476501713
car_18,-0.21002061665058136,-0.0952804759144783,1647.9132899865392,631.2884013330412
car_18,-0.2093091756105423,-0.09587747603654861,1647.3098602678385,638.143512857908
car_18,-0.20850823819637299,-0.0964823067188263,1646.7233059516213,645.4217613717941
car_18,-0.2077266126871109,-0.09701749682426453,1646.2258439216614,652.1399136404766
car_18,-0.20684342086315155,-0.09756645560264587,1645.6940532540025,659.3193733090598
car_18,-0.20574133098125458,-0.09827081859111786,1645.1326999845362,666.9174549151876
car_18,-0.20457126200199127,-0.09895788133144379,1644.5700003051682,674.5337605753416
car_18,-0.2034294754266739,-0.09957242757081985,1644.0371127216713,681.5746767944835
car_18,-0.2022242397069931,-0.10016836225986481,1643.4096922367228,688.587490569287
car_18,-0.20100565254688263,-0.10072383284568787,1642.809493720318,695.3129514318824
car_18,-0.19967709481716156,-0.10128422826528549,1642.189885709277,702.258970893588
car_18,-0.19813178479671478,-0.10188741236925125,1641.5109514070969,709.8700585363054
car_18,-0.19663836061954498,-0.10243141651153564,1640.8935532856244,716.7913043739153
car_18,-0.19499880075454712,-0.10299494862556458,1640.1520372323573,723.9024532989555
car_18,-0.19303756952285767,-0.1036343052983284,1638.450501531877,731.484837526749
car_18,-0.1913125365972519,-0.10417923331260681,1637.5229603317132,737.9643614675913
car_18,-0.18940384685993195,-0.10477141290903091,1636.9719069746677,744.9339229315929
car_18,-0.18753363192081451,-0.10534723103046417,1636.4585730087754,751.41271325911
car_18,-0.1853187084197998,-0.10603199154138565,1635.8805078264356,758.7084765649876
car_18,-0.18292920291423798,-0.10678388178348541,1635.2871341849975,766.1974480030469
car_18,-0.18036328256130219,-0.10761277377605438,1634.6719809315264,773.9613000240239
car_18,-0.17826782166957855,-0.10822691768407822,1634.0775094084465,781.4641278312956
car_18,-0.1763264387845993,-0.10880610346794128,1633.5241940051067,788.4475240634015
car_18,-0.17420609295368195,-0.10945287346839905,1632.9168696063743,796.1125680729734
car_18,-0.17241130769252777,-0.11001463234424591,1632.3995032345997,802.6308596165867
car_18,-0.170573890209198,-0.11060566455125809,1631.8674635139198,809.3298064776562
car_18,-0.1685340255498886,-0.11128345876932144,1631.2744066893881,816.7970236772569
car_18,-0.16667434573173523,-0.11192399263381958,1630.7317298955636,823.6299026208051
car_18,-0.16483837366104126,-0.11258004605770111,1630.1938914012212,830.4018622196743
car_18,-0.16278450191020966,-0.11334462463855743,1629.5952550809347,838.0211567346191
car_18,-0.16087941825389862,-0.11408576369285583,1629.0292526092696,845.1407887505776
car_18,-0.15882596373558044,-0.11492395401000977,1628.12573118948,852.7597637598153
car_18,-0.1568092405796051,-0.11611306667327881,1625.6837477761596,861.6290594866306
car_18,-0.1554563343524933,-0.11731208115816116,1618.5449869045779,866.1093528290374
car_18,-0.1547233760356903,-0.11815952509641647,1607.5420549583603,865.210247319083
car_18,-0.1539333015680313,-0.11917655915021896,1595.5369576888822,864.246929210914
car_18,-0.1531669646501541,-0.1202767938375473,1583.6164337555113,863.2903974722605
car_18,-0.15239131450653076,-0.12151673436164856,1571.1603509693741,862.2908911929364
car_18,-0.15167666971683502,-0.12278352677822113,1559.2352089411786,861.3329445854822
car_18,-0.15094861388206482,-0.12421092391014099,1546.501982160018,860.3100596457176
car_18,-0.15025775134563446,-0.12570646405220032,1533.7350622069307,859.2844680677434
car_18,-0.14962869882583618,-0.1271992176771164,1521.3900375118694,858.2927681586298
car_18,-0.14903129637241364,-0.12873370945453644,1509.1005294781155,857.3807235523076
car_18,-0.14828503131866455,-0.1306937336921692,1496.6607583076025,858.0215346332249
car_18,-0.14729996025562286,-0.13329976797103882,1485.3003240379874,861.9837459784609
car_18,-0.14661137759685516,-0.13533736765384674,1473.1780028703295,863.5138604876241
car_18,-0.14621198177337646,-0.13669107854366302,1461.367844766454,862.5834891250404
car_18,-0.14581704139709473,-0.13805292546749115,1449.0109541237505,861.6129162701311
car_18,-0.1454414278268814,-0.13936565816402435,1436.5340193633294,860.6310382247699
car_18,-0.1450970321893692,-0.14058740437030792,1424.3414530344246,859.6703964654948
car_18,-0.14478307962417603,-0.1417262852191925,1412.415871698525,858.7307902229815
car_18,-0.1444825828075409,-0.14285904169082642,1400.0064660653454,857.7530638824034
car_18,-0.1443161964416504,-0.14369091391563416,1387.6091249365147,855.1988888556939
car_18,-0.14347931742668152,-0.14569173753261566,1374.8016333316461,853.8019474950498
car_19,-0.13126488029956818,-0.16898822784423828,604.2448517608811,448.3477308079141
car_19,-0.13224834203720093,-0.16833817958831787,604.8625528461512,446.28665783997775
car_19,-0.13392090797424316,-0.16724205017089844,605.9237537287637,442.7452311397088
car_19,-0.13640588521957397,-0.16562595963478088,607.525646674122,437.39855239767746
car_19,-0.1399347335100174,-0.16331709921360016,609.8486286047654,429.64507664720117
car_19,-0.14368529617786407,-0.1609422266483307,612.4461224590138,420.97535548180747
car_19,-0.14731498062610626,-0.1581422984600067,615.0285236829322,412.35600937173837
car_19,-0.15076109766960144,-0.15465548634529114,617.5166348287553,404.0513776485443
car_19,-0.15428045392036438,-0.14998289942741394,620.1022639938606,395.42125755724635
car_19,-0.1575525850057602,-0.1444586217403412,622.5671672512651,387.19408739227504
car_19,-0.15975667536258698,-0.1401834785938263,625.1647867027475,378.523947017806
car_19,-0.16190268099308014,-0.13629047572612762,627.8702111411619,369.49398320221053
car_19,-0.16406609117984772,-0.1327415257692337,630.366647987271,361.1615625778534
car_19,-0.16663599014282227,-0.12898676097393036,633.0881770744545,352.0778458673026
car_19,-0.16910110414028168,-0.1258082091808319,635.2963311351322,343.884374303001
car_19,-0.1702820360660553,-0.12442216277122498,635.9587278428071,339.9484940371557
car_19,-0.17191332578659058,-0.12263643741607666,636.5708689329869,334.5054265452131
car_19,-0.17461653053760529,-0.12042941153049469,637.397880531859,326.8152927167406
car_19,-0.17781338095664978,-0.11771686375141144,638.3392623764521,317.4781705792522
car_19,-0.18069319427013397,-0.1150752604007721,639.058510407843,308.54524573655306
car_19,-0.18380700051784515,-0.11207028478384018,639.7783529603076,299.60493705429167
car_19,-0.18652887642383575,-0.10957104712724686,640.3282743416082,292.7750172572903
car_19,-0.18769176304340363,-0.10852275043725967,640.570688183883,289.75757801622683
car_19,-0.18896764516830444,-0.10737946629524231,642.7955482564264,287.3046153691058
car_19,-0.1879638284444809,-0.10825804620981216,643.715231951763,290.5218547992801
car_19,-0.18584783375263214,-0.1101645827293396,643.271743998527,295.98990424586225
car_19,-0.18285946547985077,-0.11291588097810745,642.6782443936172,303.393178938387
car_19,-0.17980508506298065,-0.11586637049913406,641.9211889226656,312.83663865186895
car_19,-0.1775052547454834,-0.11792518943548203,641.3486946538184,319.8800428907954
car_19,-0.17451457679271698,-0.12045896053314209,639.6982033153057,328.2235657111673
car_19,-0.17198677361011505,-0.12270039319992065,631.8870287490854,332.0384100735832
car_19,-0.17098838090896606,-0.12403474003076553,623.3357013542361,331.46402771705544
car_19,-0.16999442875385284,-0.1254432201385498,614.5822820397607,330.8047743795636
car_19,-0.16904190182685852,-0.12686282396316528,606.1174502819149,330.16725566976766
car_19,-0.16804029047489166,-0.1284346878528595,597.1008114860865,329.48817827091864
car_19,-0.16703000664710999,-0.13010892271995544,587.8477248180887,328.79129308253385
car_19,-0.16608396172523499,-0.13176383078098297,579.0072160409491,328.12548070601287
car_19,-0.1651151329278946,-0.13355259597301483,569.746603724848,327.4280287324153
car_19,-0.16421085596084595,-0.13531412184238434,560.8886817227722,326.760904899623
car_19,-0.16326762735843658,-0.13725362718105316,551.3624049190882,326.0263578305672
car_19,-0.1623823642730713,-0.13917312026023865,542.1561094740018,325.3111531437349
car_19,-0.1615137755870819,-0.14115451276302338,532.8627779408104,324.59273247911227
car_19,-0.1606673300266266,-0.14318504929542542,523.5092984006251,323.8696620749419
car_19,-0.1591929942369461,-0.1462269425392151,514.9227367791615,323.2072598422321
car_19,-0.15767411887645721,-0.14907869696617126,506.43146469231164,322.55441116456115
car_19,-0.15589123964309692,-0.15207746624946594,496.8466682116013,321.8174872214611
car_19,-0.15406596660614014,-0.15478971600532532,487.4186966570325,321.0926207115242
car_19,-0.1522400677204132,-0.1571839302778244,478.3376047859091,320.39442393261606
car_19,-0.15049535036087036,-0.1592186838388443,469.83805895595094,319.67941381338943
car_19,-0.1485888659954071,-0.1612013578414917,460.79621614346615,318.88457946919124
car_19,-0.1467418074607849,-0.16294598579406738,452.4295770790571,318.15012213158855
car_19,-0.1446395367383957,-0.16494107246398926,443.59064205241,317.37642224861946
car_19,-0.14253419637680054,-0.16690638661384583,434.9352714518477,316.6187903392864
car_19,-0.14027069509029388,-0.1689879447221756,425.8131600997916,315.8187761750395
car_19,-0.13784879446029663,-0.17117944359779358,416.2169373173092,314.976613436623
car_19,-0.13590502738952637,-0.17292606830596924,408.5805638922295,314.3064467157153
car_19,-0.13502252101898193,-0.17391568422317505,404.92430760559995,313.98436350492034
car_19,-0.13491198420524597,-0.17403709888458252,404.4679337868523,313.94397644131436
car_19,-0.13486582040786743,-0.17408771812915802,404.27725014773813,313.9271017829857
car_19,-0.13484464585781097,-0.1741108000278473,404.1900912919606,313.919388609908
car_19,-0.13484206795692444,-0.1741137057542801,404.17913033450486,313.918418613673
car_19,-0.13484163582324982,-0.17411410808563232,404.17768597356127,313.9182907941204
car_19,-0.1340564340353012,-0.1747996062040329,402.09140055440434,314.6217086877059
car_19,-0.1321485936641693,-0.17614343762397766,400.08256160420007,318.4530425632712
car_19,-0.1276586949825287,-0.17702803015708923,399.26308927845355,325.5342109519531
car_19,-0.12287753820419312,-0.1775723695755005,399.2514552393756,334.1423092965164
car_19,-0.11751759052276611,-0.17756040394306183,399.86957708029917,345.29494114420805
car_19,-0.11145642399787903,-0.1761532872915268,397.5417396452424,358.69520024963487
car_19,-0.1073915958404541,-0.17279966175556183,397.7334909632755,373.20644515626856
car_19,-0.10459887981414795,-0.16704092919826508,398.13583567425553,388.886175096318
car_19,-0.10160312056541443,-0.15976209938526154,397.9097970738667,404.25191818664706
car_19,-0.09636496007442474,-0.15153124928474426,398.0230601911691,419.4735197308885
car_19,-0.08891786634922028,-0.14313137531280518,400.15001390022223,435.35676699775786
car_19,-0.08117146790027618,-0.13439270853996277,402.31091414669197,450.95403416137935
car_19,-0.0752212330698967,-0.12608614563941956,404.3670634304596,465.795214248061
car_19,-0.07025572657585144,-0.11769869923591614,406.5623072703272,481.64037170761816
car_19,-0.06611715257167816,-0.11051216721534729,408.701884764689,497.08373233999885
car_19,-0.06240326911211014,-0.10441552847623825,410.87965211439695,512.8027453898139
car_19,-0.05924994871020317,-0.09932669997215271,413.0081501258367,528.1661348826418
car_19,-0.056647464632987976,-0.09480765461921692,415.07028836554,543.0505429461414
car_19,-0.05493834987282753,-0.09145072102546692,416.6886907298429,554.7320882166865
car_19,-0.05402439460158348,-0.08943597227334976,417.53864092739343,561.9727647234822
car_19,-0.05367971584200859,-0.08860760182142258,417.7460061352127,564.9261479863627
car_19,-0.05367564037442207,-0.0885976254940033,417.7485381620399,564.9622101866289
car_19,-0.05367392674088478,-0.08859337866306305,417.7496353955795,564.9778374521931
car_19,-0.053673624992370605,-0.0885927751660347,417.74979212692665,564.9800696865311
car_19,-0.053673531860113144,-0.0885925218462944,417.74984893483474,564.9808787688584
car_19,-0.053673483431339264,-0.08859245479106903,417.74986162934607,564.9810595694745
car_19,-0.053673483431339264,-0.08859245479106903,417.74986162934607,564.9810595694745
car_19,-0.05367351323366165,-0.08859241008758545,417.7498706128006,564.9811875156445
car_19,-0.05367351323366165,-0.08859241008758545,417.7498706128006,564.9811875156445
car_19,-0.05367351323366165,-0.08859241008758545,417.7498706128006,564.9811875156445
car_19,-0.05367351323366165,-0.08859241008758545,417.7498706128006,564.9811875156445
car_19,-0.05367351323366165,-0.08859241008758545,417.7498706128006,564.9811875156445
car_19,-0.05367351323366165,-0.08859241008758545,417.7498706128006,564.9811875156445
car_19,-0.05367351323366165,-0.08859241008758545,417.7498706128006,564.9811875156445
car_19,-0.05367351323366165,-0.08859241008758545,417.7498706128006,564.9811875156445
car_19,-0.053440243005752563,-0.08800863474607468,417.8761229868822,567.1101628927063
car_19,-0.053004514425992966,-0.08686217665672302,418.0930056409703,571.4775841818928
car_19,-0.05247369408607483,-0.08535465598106384,418.41373123477985,577.9361172180177
car_19,-0.05198133736848831,-0.08378860354423523,418.83104617374244,586.3396945183043
car_19,-0.05164434760808945,-0.082529716193676,419.5977502802511,597.0333207296744
car_19,-0.05120847001671791,-0.08199744671583176,420.81866783701963,609.1780679302482
car_19,-0.050843726843595505,-0.08222716301679611,422.19547778920185,622.8735125733275
car_19,-0.050839170813560486,-0.0828905701637268,423.7634079740394,638.4700740425561
car_19,-0.0511150062084198,-0.08350132405757904,425.34844661405896,654.2368172427504
car_19,-0.05134619399905205,-0.08385065943002701,426.68646399566927,669.9132514658784
car_19,-0.051730673760175705,-0.08455266058444977,427.2905111229655,685.0594118811666
car_19,-0.05235043913125992,-0.08540895581245422,424.90590383396886,699.5749875619748
car_19,-0.053230684250593185,-0.08717118203639984,417.63202682264244,713.4752357238174
car_19,-0.05486893653869629,-0.08986752480268478,406.71954997224265,723.33111459322
car_19,-0.057912956923246384,-0.0946807712316513,396.2285459318021,731.5762695284974
car_19,-0.060853347182273865,-0.09944120049476624,389.24672331906226,738.6997830939797
car_19,-0.06241430714726448,-0.10188702493906021,386.7114538233769,743.6188768428318
car_19,-0.06284792721271515,-0.10255233943462372,386.1590743099151,745.1926125031285
car_19,-0.06293778121471405,-0.10268940031528473,386.0453291573901,745.5136266002547
car_19,-0.06293884664773941,-0.10269105434417725,386.0439438618572,745.517536212092
car_19,-0.06293956935405731,-0.1026921421289444,386.04308732314286,745.5199535546858
car_19,-0.06293974816799164,-0.10269241780042648,386.04282690821066,745.5206885034945
car_19,-0.06293976306915283,-0.10269244015216827,386.04277405827906,745.5208376577458
car_19,-0.06331701576709747,-0.10326525568962097,385.4899596584722,746.6716360229278
car_19,-0.06453192979097366,-0.10508395731449127,383.16083582894595,748.911800261743
car_19,-0.06600473821163177,-0.10724738985300064,379.26653682408846,748.8835558620823
car_19,-0.06618411093950272,-0.10751241445541382,378.33520687607813,747.8362462527723
car_19,-0.06618369370698929,-0.10751200467348099,378.3270111088533,747.8151714227656
car_19,-0.06618376821279526,-0.10751207917928696,378.32669771040145,747.8143655410323
car_19,-0.06614664196968079,-0.10746540129184723,377.6872125734705,746.1615739704358
car_19,-0.06563220918178558,-0.10672683268785477,377.57899025117393,742.8902392005448
car_19,-0.06412513554096222,-0.10449635982513428,379.6776491899277,738.4782389239741
car_19,-0.06204874441027641,-0.10131154954433441,383.3748722102237,733.3971105451624
car_19,-0.05924835056066513,-0.09681113064289093,389.74659077749885,727.3228925333176
car_19,-0.056203730404376984,-0.09198201447725296,399.2956625471879,721.5667199279507
car_19,-0.054053522646427155,-0.08851997554302216,409.81707907591993,714.3792586940162
car_19,-0.05287111550569534,-0.08631747961044312,419.57240117598326,703.8131903443415
car_19,-0.05217888951301575,-0.08509347587823868,423.9945951339053,688.5864254346095
car_19,-0.05184923857450485,-0.08471821993589401,423.4677870233193,673.3734377765795
car_19,-0.05172101780772209,-0.08425495773553848,420.545959824474,657.8473109661672
car_19,-0.05154239013791084,-0.08399718254804611,418.8501677430696,642.2088315105011
car_19,-0.051285065710544586,-0.08334013819694519,417.20721273265565,627.0576119366573
car_19,-0.05136629566550255,-0.08267023414373398,415.52443253941453,611.5391272303187
car_19,-0.051866564899683,-0.08261238783597946,413.8604330733151,596.1938371147492
car_19,-0.05235107243061066,-0.08382551372051239,412.7551808052398,580.7772374390269
car_19,-0.053379591554403305,-0.0871443897485733,413.14390563099397,565.0067102902506
car_19,-0.055018581449985504,-0.09100301563739777,411.3216666192373,549.9836063557196
car_19,-0.057168148458004,-0.09523807466030121,408.87961771879094,534.7611773109767
car_19,-0.05989011004567146,-0.09993312507867813,406.23861862684004,518.9216823468641
car_19,-0.06304804980754852,-0.10504424571990967,403.6282395284956,503.26583198755634
car_19,-0.06668545305728912,-0.11104771494865417,401.00783699095246,487.54986566107726
car_19,-0.07068707048892975,-0.11798059195280075,398.46126387868276,472.2766941895403
car_19,-0.07533033192157745,-0.12580682337284088,396.09279663401253,457.2118598518954
car_19,-0.08117733895778656,-0.1340656280517578,393.762378978198,442.23676861916124
car_19,-0.08842197060585022,-0.1423647105693817,391.43493742402313,427.28080159511154
car_19,-0.09480835497379303,-0.14938925206661224,389.8837258579099,414.5501727668878
car_19,-0.09897994995117188,-0.1548299491405487,391.1967247826074,406.592307256373
car_19,-0.10088960081338882,-0.1581306755542755,394.6871772276478,404.10115365551985
car_19,-0.10255532711744308,-0.1622524857521057,401.3083800706263,402.6882802665785
car_19,-0.10352351516485214,-0.16630376875400543,409.85664249006373,402.5218595504403
car_19,-0.1038486436009407,-0.16913054883480072,418.1013258039012,404.0389322990397
car_19,-0.10395453870296478,-0.17145593464374542,426.5951037748349,406.42971326931684
car_19,-0.10403826087713242,-0.17344450950622559,434.6712545652447,408.7029428838506
car_19,-0.10417656600475311,-0.175235778093338,442.87015467112917,411.01072328703873
car_19,-0.10441954433917999,-0.17676590383052826,450.92867132746716,413.27898934444744
car_19,-0.104997918009758,-0.17772211134433746,459.58215754590924,415.77883541190886
car_19,-0.10570165514945984,-0.17855393886566162,468.54247084361884,418.43083847242593
car_19,-0.1064726933836937,-0.17918308079242706,476.7957135446794,420.8735683385789
car_19,-0.10736792534589767,-0.1796760857105255,485.02360538307676,423.30879505577536
car_19,-0.10852143168449402,-0.18006369471549988,494.199045650319,426.0244697048457
car_19,-0.10973735898733139,-0.18026652932167053,502.6997771797444,428.5404493680158
car_19,-0.1110745295882225,-0.1803167462348938,511.094412316487,431.0250274552861
car_19,-0.11254630237817764,-0.18021610379219055,519.5202428120608,433.51883849952395
car_19,-0.11426893621683121,-0.17993901669979095,528.6127508498188,436.2099675195409
car_19,-0.11605170369148254,-0.17950931191444397,537.4048761834399,438.81219162917927
car_19,-0.11787848174571991,-0.17894655466079712,545.9542803739721,441.3425770437924
car_19,-0.11971291899681091,-0.17827722430229187,554.2165297477654,443.7879726341069
car_19,-0.12129970639944077,-0.17740990221500397,562.8040789495205,446.3296479091463
car_19,-0.12234021723270416,-0.17640170454978943,571.2848462236827,448.82369163881776
car_19,-0.1234627515077591,-0.1752857267856598,580.3210852551185,451.4633098505095
car_19,-0.12485210597515106,-0.17387175559997559,589.0715733922875,454.0194560267793
car_19,-0.1255120038986206,-0.17313626408576965,594.7013065094178,456.1838968773857
car_19,-0.1274217665195465,-0.17160449922084808,601.2760537450548,455.876848063505
car_19,-0.13058120012283325,-0.16944314539432526,603.8181160040172,449.7716129313195
car_19,-0.13460487127304077,-0.16679638624191284,606.3616534916555,441.28364198658943
car_19,-0.13863980770111084,-0.16417008638381958,608.9902574713136,432.5100837659968
car_19,-0.14270547032356262,-0.1615842580795288,611.7558015921496,423.27945696046044
car_19,-0.14651724696159363,-0.158823624253273,614.4576990999672,414.2612650706366
car_19,-0.15000741183757782,-0.15550141036510468,616.9691593670279,405.87870039285315
car_19,-0.15367300808429718,-0.15087994933128357,619.6518993732527,396.92445098234003
car_19,-0.1572219729423523,-0.14506980776786804,622.3146168815401,388.03703117139185
car_19,-0.15959110856056213,-0.1404990702867508,624.9454863995636,379.2559112058948
car_19,-0.1616421639919281,-0.1367432326078415,627.5547040646626,370.5470591794583
car_19,-0.16398996114730835,-0.13286009430885315,630.2823733335678,361.4428482285287
car_19,-0.16624486446380615,-0.12952791154384613,632.6885221325283,353.4117843107774
car_19,-0.168753519654274,-0.12623223662376404,635.0494713030153,345.0374695714419
car_19,-0.17008677124977112,-0.1246461570262909,635.8553739418558,340.59581583785047
car_19,-0.17182166874408722,-0.12272898107767105,636.5391582624543,334.8002945984768
car_19,-0.17448672652244568,-0.12053648382425308,637.3579394426822,327.1866929745394
car_19,-0.1777520328760147,-0.117770716547966,638.324376374895,317.66305190991164
car_19,-0.18055327236652374,-0.11520964652299881,639.0225360125297,308.992040938723
car_19,-0.18346376717090607,-0.11238884925842285,639.7106582955729,300.4456920177196
car_19,-0.18712593615055084,-0.10903093218803406,640.4522260350476,291.2337986401762
car_19,-0.19042284786701202,-0.10613451898097992,641.1779117316935,282.39518205899077
car_19,-0.19350896775722504,-0.10364193469285965,641.9181293900739,273.4853649613523
car_19,-0.19626913964748383,-0.10173177719116211,642.6350517925388,264.8073579764576
car_19,-0.19880329072475433,-0.10033870488405228,643.3836950351392,255.6427668578395
car_19,-0.20059965550899506,-0.09952389448881149,644.0702917872464,247.23772405724333
car_19,-0.20228148996829987,-0.0985167846083641,644.7872579361313,238.46091124905604
car_19,-0.2038571685552597,-0.09724634885787964,645.4946491225141,229.80131130183014
car_19,-0.2054370790719986,-0.09559562802314758,646.2089683563095,221.05690096940253
car_19,-0.20699426531791687,-0.0936444103717804,646.9006888745082,212.58913507382007
car_19,-0.20863167941570282,-0.09144025295972824,647.6061998121118,203.95255238005288
car_19,-0.21035082638263702,-0.08921591937541962,648.318371920424,195.23442629893628
car_19,-0.2117622196674347,-0.08670905977487564,649.1299319782165,186.11095230496903
car_19,-0.2125444859266281,-0.08549501746892929,647.5916328835833,179.85808330621833
car_19,-0.21228836476802826,-0.08592736721038818,641.0509775773925,178.1642728304326
car_19,-0.21176250278949738,-0.08675004541873932,632.7743268692358,177.3291354780429
car_19,-0.21122360229492188,-0.08760945498943329,624.3510692615454,176.47920507684208
car_19,-0.21066801249980927,-0.08851009607315063,615.7333553695798,175.60965348923006
car_19,-0.21012258529663086,-0.08940590173006058,607.341063680324,174.76284763635772
car_19,-0.20952622592449188,-0.09039468318223953,598.2485216102056,173.84538454909136
car_19,-0.2089335173368454,-0.09138280898332596,589.3020325632315,172.94265862294952
car_19,-0.20835699141025543,-0.09234493970870972,580.6896630076037,172.07364629391645
car_19,-0.2075870931148529,-0.09331265091896057,571.2168902879393,171.1178168638919
car_19,-0.2067907303571701,-0.09423382580280304,562.1654172523781,170.29422400958308
car_19,-0.2060059756040573,-0.09512139111757278,553.5155535436954,169.56303269124254
car_19,-0.20523618161678314,-0.09597174823284149,545.1636717771383,168.86143617920726
car_19,-0.2043648064136505,-0.09690673649311066,535.8488356918693,168.0789470719292
car_19,-0.20347978174686432,-0.09782250970602036,526.5337142497488,167.29681858768507
car_19,-0.20258040726184845,-0.0987156480550766,517.2069986334135,166.51376600220564
car_19,-0.20173601806163788,-0.09951744228601456,508.57321947496666,165.788890990402
car_19,-0.20081309974193573,-0.10035203397274017,499.2362376014566,164.98987983304104
car_19,-0.19994284212589264,-0.10109855979681015,490.55347218931337,164.24612033190462
car_19,-0.1989983767271042,-0.10186561942100525,481.25994295433605,163.45004323670446
car_19,-0.19812721014022827,-0.10253559052944183,472.7935343465544,162.7160597207528
car_19,-0.19718457758426666,-0.10322409868240356,463.74642048956787,161.92198365243743
car_19,-0.1962077021598816,-0.10390332341194153,454.519043689711,161.1120856887419
car_19,-0.1952972710132599,-0.104511559009552,446.0669519456097,160.37454831738447
car_19,-0.19436927139759064,-0.10511308163404465,437.7207059720628,159.72144218345878
car_19,-0.19329582154750824,-0.10579793900251389,428.2474753381759,158.98014782732625
car_19,-0.19226327538490295,-0.10645712912082672,419.3129684850159,158.27030408094373
car_19,-0.1911800503730774,-0.10715591907501221,410.1333645274991,157.51264105008113
car_19,-0.19011999666690826,-0.10782461613416672,401.53970494391683,156.77775070451793
car_19,-0.18902716040611267,-0.10857266932725906,392.8716159898789,156.03649550062605
car_19,-0.18782253563404083,-0.10938463360071182,384.2395293891741,155.29833988402382
car_19,-0.18703298270702362,-0.10989410430192947,379.17136447949366,154.86521864812
car_19,-0.18596366047859192,-0.1106279194355011,371.82985688440823,153.89599121517807
car_19,-0.18545648455619812,-0.11097649484872818,363.35754886326254,150.15754886326258
car_19,-0.18646448850631714,-0.11028701066970825,355.9425992917132,141.03707931391952
car_19,-0.18840192258358002,-0.10902756452560425,353.91524254975474,128.24281446939813
car_19,-0.19060145318508148,-0.10794416069984436,351.5015392319061,113.01038947702911
car_19,-0.19246989488601685,-0.10669564455747604,349.1327705912986,98.06153873157365
car_19,-0.19342148303985596,-0.10591909289360046,347.35120083571246,86.13890532766713
car_19,-0.19337604939937592,-0.10621795803308487,342.10153761649775,79.79200838693183
car_19,-0.19208383560180664,-0.1069345772266388,333.78501299709933,78.99630986262908
car_19,-0.19063027203083038,-0.10773105174303055,324.7234422611879,78.33821763419634
car_19,-0.189103364944458,-0.10857059061527252,315.2664508072176,77.5466632834235
car_19,-0.18772085011005402,-0.1093258336186409,306.80506471593026,76.7956089667234
car_19,-0.18617194890975952,-0.11016116291284561,297.4386883749617,75.88325696154146
car_19,-0.18473275005817413,-0.11092144250869751,288.8551196798858,74.94519711314504
car_19,-0.18325470387935638,-0.11168354004621506,280.2043446287149,73.9729334697843
car_19,-0.18261654675006866,-0.11198842525482178,276.3490857938399,72.75459071661011
car_19,-0.18314816057682037,-0.11169177293777466,278.72428428057054,70.58618665799067
car_19,-0.18421275913715363,-0.11116503924131393,284.7390424067078,71.26255825198855
car_19,-0.18556340038776398,-0.11048559844493866,292.4960600586857,72.1348504180091
car_19,-0.18706992268562317,-0.10971561819314957,301.27635421315824,73.04216129768558
car_19,-0.1884845346212387,-0.10898461192846298,309.641112302796,73.85564728526134
car_19,-0.19005398452281952,-0.10817211121320724,319.0048459036944,74.64796712895709
car_19,-0.1915152221918106,-0.10734645277261734,328.2417809012671,75.42214926400864
car_19,-0.19228297472000122,-0.10683132708072662,333.6105810349334,75.79714092679424
car_19,-0.1933286339044571,-0.10614331811666489,340.92023855054475,76.07859076379536
car_19,-0.1945643275976181,-0.10539248585700989,349.756639256406,77.68871056903238
car_19,-0.19495660066604614,-0.10506453365087509,356.21985638335366,85.09061048920374
car_19,-0.19374100863933563,-0.10572763532400131,358.13052541034773,97.88786796918093
car_19,-0.19211594760417938,-0.10708151012659073,360.3535278535869,112.4309260322532
car_19,-0.18978539109230042,-0.10824552178382874,362.7832907828595,127.85611436752156
car_19,-0.18753091990947723,-0.1095636636018753,365.1460279223171,142.82066659981615
car_19,-0.18377500772476196,-0.11240892112255096,367.65141851959913,158.55627771958734
car_19,-0.17894980311393738,-0.11781230568885803,370.13049045131464,174.24761436584785
car_19,-0.17558367550373077,-0.12378185987472534,372.4361959366923,188.8888441979957
car_19,-0.1715608835220337,-0.1299348622560501,374.8461072896948,204.19321412394254
car_19,-0.1674397587776184,-0.13662786781787872,377.3315680328214,219.97889231452496
car_19,-0.16369691491127014,-0.14368365705013275,379.813008168868,235.73903479319927
car_19,-0.15786826610565186,-0.15314772725105286,382.2805695176812,251.41103020717023
car_19,-0.15176773071289062,-0.16028322279453278,384.67816814536934,266.6386778260405
car_19,-0.1451893299818039,-0.16616564989089966,387.0631644750959,281.7862856291007
car_19,-0.13835957646369934,-0.17164255678653717,389.5050139802611,297.29497977563574
car_19,-0.13223840296268463,-0.1760604977607727,391.86811273374235,312.8316529731426
car_19,-0.12410514056682587,-0.17735707759857178,394.1839512040872,328.52789149436865
car_19,-0.11707156896591187,-0.17737068235874176,396.48134583388685,344.09912176301077
car_19,-0.11104726791381836,-0.17599841952323914,397.5573459635969,359.876246148336
car_19,-0.10697884857654572,-0.17214688658714294,397.75976220739295,375.19458511431986
car_19,-0.1050611138343811,-0.16819414496421814,398.03062933452134,386.010535143583
car_19,-0.1038917824625969,-0.16521748900413513,398.2946416925562,393.2268729298691
car_19,-0.10342641919851303,-0.16402722895145416,398.3956711761021,395.94655567718524
car_19,-0.10341287404298782,-0.16399303078651428,398.3987987677278,396.02370293728575
car_19,-0.10300944745540619,-0.16298377513885498,398.41542206258094,398.19789394063065
car_19,-0.10221274197101593,-0.1610969752073288,398.252900168753,401.9348593270147
car_19,-0.10078184306621552,-0.15813887119293213,397.5194728166308,407.00322819496796
car_19,-0.09864236414432526,-0.1546289026737213,397.6063869047375,413.6019267394463
car_19,-0.09544368088245392,-0.150392085313797,398.2671184143176,421.66454599313926
car_19,-0.09079236537218094,-0.14514367282390594,399.6380265176193,431.66126832589333
car_20,-0.13172279298305511,-0.16101586818695068,996.5804360827768,699.5028201109404
car_20,-0.1326153576374054,-0.16062648594379425,1000.0075874937844,697.2183224408959
car_20,-0.13356363773345947,-0.16033139824867249,1000.4332428001597,692.7360660296345
car_20,-0.13485535979270935,-0.15988394618034363,1001.0094723604998,686.6682252145237
car_20,-0.13661576807498932,-0.1591634452342987,1001.7829227715685,678.5235997114916
car_20,-0.13782913982868195,-0.15857255458831787,1002.3111130588421,673.0286164436602
car_20,-0.13811500370502472,-0.15842026472091675,1002.435953779492,671.7518363461041
car_20,-0.13829031586647034,-0.15832409262657166,1002.5123099962631,670.9709204927633
car_20,-0.1383403092622757,-0.1582964062690735,1002.5336594039874,670.7490146753414
car_20,-0.13835208117961884,-0.15828968584537506,1002.5383995234056,670.6959253378575
car_20,-0.1383572369813919,-0.15828678011894226,1002.5404428334786,670.67304026504
car_20,-0.1383579671382904,-0.1582864373922348,1002.540722809933,670.6699045287506
car_20,-0.1383582502603531,-0.1582861840724945,1002.5408881290595,670.6680529545333
car_20,-0.13835851848125458,-0.15828615427017212,1002.5409611353582,670.6672352839875
car_20,-0.13835853338241577,-0.15828609466552734,1002.5409783867315,670.6670420686073
car_20,-0.13835853338241577,-0.15828609466552734,1002.5409783867315,670.6670420686073
car_20,-0.13895511627197266,-0.15793001651763916,1003.6334292272952,668.5144079134113
car_20,-0.13896533846855164,-0.15789994597434998,1005.6284313796896,669.6174026843561
car_20,-0.13843977451324463,-0.1582055389881134,1005.6145292818934,672.0664050715448
car_20,-0.1375240832567215,-0.1586969792842865,1005.2148882995339,676.1724125774258
car_20,-0.13607367873191833,-0.15937183797359467,1004.5865100118922,682.8130245528966
car_20,-0.13417431712150574,-0.16010089218616486,1003.7455794612861,691.6998584787661
car_20,-0.13189563155174255,-0.16086417436599731,1002.723684409931,702.4990993964796
car_20,-0.12912189960479736,-0.16210956871509552,1001.5568028300956,715.2228406467495
car_20,-0.1258907914161682,-0.16341093182563782,1000.3402302749677,729.0545323091413
car_20,-0.12252743542194366,-0.16484437882900238,999.2028646778253,741.9856889267832
car_20,-0.118391253054142,-0.16695378720760345,997.9733885983411,755.964085830471
car_20,-0.11341330409049988,-0.1699938029050827,996.5696096373814,769.9615687600225
car_20,-0.10970061272382736,-0.17250213027000427,995.605807155072,779.4829557375538
car_20,-0.10774440318346024,-0.1738663613796234,995.0196669514811,784.5213600728684
car_20,-0.10484027117490768,-0.1758444607257843,994.2285617986098,791.8219781054443
car_20,-0.09942764043807983,-0.17894184589385986,993.1960405402463,801.2813785922232
car_20,-0.09405083954334259,-0.18173980712890625,992.0779311362925,811.239263446099
car_20,-0.09123985469341278,-0.1830591857433319,991.4550521703225,816.8783943513475
car_20,-0.08775320649147034,-0.18453842401504517,988.242089428306,822.7349848195009
car_20,-0.08500902354717255,-0.1855470985174179,980.4242593120837,824.2230768147549
car_20,-0.08209671080112457,-0.1864064782857895,971.6630651998547,826.8589207146439
car_20,-0.0803217738866806,-0.18678182363510132,961.1652984022703,825.9797458283058
car_20,-0.07868936657905579,-0.18697702884674072,948.5317384937993,824.921700930687
car_20,-0.077525794506073,-0.18693116307258606,934.6431817627345,823.75855161323
car_20,-0.07700102776288986,-0.18665695190429688,920.8026763428975,822.5994265332038
car_20,-0.07706218957901001,-0.18617649376392365,907.2292098351595,821.454328804799
car_20,-0.07774859666824341,-0.18542632460594177,893.4733505580318,820.2812920761882
car_20,-0.07939837872982025,-0.1841994673013687,881.6718488684074,819.2749140189691
car_20,-0.08093774318695068,-0.18293538689613342,872.7575262267612,818.5290404789816
car_20,-0.08242422342300415,-0.18161052465438843,867.2282990026125,820.1640534921539
car_20,-0.0841217041015625,-0.17997974157333374,865.7189641213228,826.3855341319951
car_20,-0.08625613898038864,-0.17778652906417847,865.1168955351452,834.8322468923312
car_20,-0.08834348618984222,-0.1754709780216217,864.5942581243771,842.8134259328997
car_20,-0.09042102098464966,-0.17295560240745544,864.0732779179341,850.7692978596777
car_20,-0.09227441251277924,-0.17047184705734253,863.5903375750964,858.1442642564299
car_20,-0.09403231739997864,-0.1678055226802826,863.0957510014749,865.6970798678
car_20,-0.09556347876787186,-0.16506996750831604,862.6065759989382,873.1672555516996
car_20,-0.09683814644813538,-0.16218850016593933,862.0273114396977,880.7300649352994
car_20,-0.09774433821439743,-0.1591281294822693,861.3535417643685,888.4963993779724
car_20,-0.09808248281478882,-0.15579475462436676,860.635450141267,896.7736191901635
car_20,-0.09754803031682968,-0.1524486541748047,859.9305820159672,904.8984158373025
car_20,-0.09690062701702118,-0.15082092583179474,859.5942217063584,908.7755369861381
car_20,-0.09596771001815796,-0.14923211932182312,857.1104437874534,910.1905317660902
car_20,-0.09648939967155457,-0.15009891986846924,856.5048442566903,907.3320672485968
car_20,-0.09741075336933136,-0.15212920308113098,856.9207554101738,902.5268080288845
car_20,-0.0979897528886795,-0.15473505854606628,857.464852349718,896.2405451737948
car_20,-0.0979115292429924,-0.1580379158258438,858.1686875780556,888.1087345892497
car_20,-0.09722821414470673,-0.16099639236927032,858.8123105439716,880.6725906794697
car_20,-0.0960739254951477,-0.16397103667259216,859.4047801121774,872.9554378356906
car_20,-0.09445614367723465,-0.1670714169740677,859.9528723653561,864.5873067573207
car_20,-0.09267744421958923,-0.16987626254558563,860.4674578484278,856.7307483980363
car_20,-0.09073051810264587,-0.17255067825317383,860.9817865538325,848.8781104539048
car_20,-0.08867460489273071,-0.17508429288864136,861.5004726760897,840.9589445937654
car_20,-0.08669397234916687,-0.17732056975364685,861.996557959893,833.3848425026649
car_20,-0.08504670858383179,-0.17905840277671814,862.4686452429609,826.9752410166903
car_20,-0.08364074677228928,-0.1804676651954651,862.6248881962077,820.9462417473795
car_20,-0.08392296731472015,-0.18021170794963837,858.0836242876371,817.3912420573446
car_20,-0.08524033427238464,-0.17889827489852905,852.0425359675252,816.8143444310626
car_20,-0.0870848298072815,-0.17693297564983368,843.9192835907179,816.1135376213936
car_20,-0.08935891836881638,-0.17427290976047516,834.0045076155092,815.2581730214204
car_20,-0.09195484220981598,-0.1708030104637146,822.2872665866878,814.2473066931776
car_20,-0.09468744695186615,-0.16627717018127441,808.3136558683627,813.0417795111063
car_20,-0.09660819917917252,-0.16164147853851318,794.9940580341255,811.8965436706969
car_20,-0.09738940745592117,-0.15693268179893494,782.1857446743666,810.8038562131043
car_20,-0.09633095562458038,-0.15173859894275665,768.7661334929264,809.6590184493907
car_20,-0.0925152450799942,-0.14641016721725464,755.8805289272635,808.5597372172003
car_20,-0.08545234799385071,-0.14040635526180267,742.5515745793963,807.4226334604717
car_20,-0.07760035991668701,-0.13410019874572754,729.296951341793,806.2918709502143
car_20,-0.07145722210407257,-0.12759533524513245,715.5702333441661,805.1208336583691
car_20,-0.06726953387260437,-0.12092211842536926,701.8549668469443,803.9490246021131
car_20,-0.06386979669332504,-0.11418642103672028,688.905561784877,802.8421989144302
car_20,-0.06033321097493172,-0.10752065479755402,675.8199617153283,801.7204650562164
car_20,-0.05746857449412346,-0.10298070311546326,665.1891095081892,800.8076685527413
car_20,-0.055696822702884674,-0.10060016065835953,658.175512110149,800.1625330141225
car_20,-0.053755681961774826,-0.0983395203948021,650.839959370245,800.4386544406298
car_20,-0.051824115216732025,-0.0963737964630127,647.4550433301478,805.7371487061771
car_20,-0.05038931220769882,-0.09500698000192642,646.602234587923,811.947418198923
car_20,-0.04886699467897415,-0.09352898597717285,645.8932265039932,819.1515286892984
car_20,-0.047350604087114334,-0.09189416468143463,645.194455459031,826.7659494198708
car_20,-0.04578077420592308,-0.0898539125919342,644.4227662928628,835.1749498024611
car_20,-0.04453587159514427,-0.08783416450023651,643.7580268802354,842.418532089435
car_20,-0.04327763244509697,-0.08525365591049194,643.001875271207,850.6316540880739
car_20,-0.04223968833684921,-0.08252014219760895,642.2474578654674,858.6688405213059
car_20,-0.04140123352408409,-0.07966487109661102,641.4670023564461,867.0010720083058
car_20,-0.04082891345024109,-0.07706817984580994,640.7012344895143,875.1764965633636
car_20,-0.040493905544281006,-0.0748329609632492,639.9200959008145,883.5165221167663
car_20,-0.04038432985544205,-0.07318665087223053,639.1652549917067,891.5847744754375
car_20,-0.04044463485479355,-0.07212187349796295,638.4497782941028,899.2322754036005
car_20,-0.040641117841005325,-0.07149852812290192,637.7142009570185,907.0675794501748
car_20,-0.04074198007583618,-0.07133294641971588,636.940575912408,915.1550849876352
car_20,-0.040749117732048035,-0.07149047404527664,636.1553416468349,923.2937808798138
car_20,-0.04082266241312027,-0.07184727489948273,635.381644190262,931.3129015265724
car_20,-0.040951330214738846,-0.07235738635063171,634.6157535220865,939.2511073693722
car_20,-0.04111242666840553,-0.07269016653299332,633.8811028184273,946.865521215276
car_20,-0.041286177933216095,-0.07270900160074234,633.2237601446581,952.9279628995364
car_20,-0.041670043021440506,-0.07286989688873291,629.5305770802697,958.8601141286573
car_20,-0.04215684160590172,-0.07295112311840057,621.7857083355375,960.1168321405557
car_20,-0.04260889068245888,-0.07291590422391891,613.3825996376012,959.9680078060566
car_20,-0.04308084398508072,-0.07310619205236435,605.4199220041854,959.3184117306337
car_20,-0.043557099997997284,-0.07323980331420898,597.9291444368366,958.6543503704554
car_20,-0.044037289917469025,-0.07329349964857101,589.8216731395364,957.9356187876677
car_20,-0.04451051354408264,-0.0735187828540802,581.6496495408825,957.211164609508
car_20,-0.044741690158843994,-0.07358185946941376,574.4542678844882,956.5732902517678
car_20,-0.04499536007642746,-0.07378332316875458,566.61725636666,955.8785350702836
car_20,-0.045358479022979736,-0.07439540326595306,558.3743095126678,955.1477935083396
car_20,-0.04571275785565376,-0.07485087215900421,550.8150197721816,954.4776585080789
car_20,-0.046257585287094116,-0.07569054514169693,543.469454741442,953.8264703154334
car_20,-0.047133173793554306,-0.07715249061584473,535.5364341540705,953.1232038795785
car_20,-0.04821763187646866,-0.07899661362171173,528.2957792997191,952.4813160290942
car_20,-0.04964468255639076,-0.08139422535896301,520.7760082013937,951.814684377188
car_20,-0.051422715187072754,-0.08429331332445145,513.0901426742552,951.1333283670529
car_20,-0.053397729992866516,-0.08764404058456421,505.46584475188774,950.4574303573722
car_20,-0.05565297603607178,-0.09127134084701538,497.8501318481895,949.7822934140993
car_20,-0.058391306549310684,-0.09542497247457504,489.59875475553764,949.0508045070766
car_20,-0.06127829849720001,-0.09954793751239777,481.6602517163758,948.347126505308
car_20,-0.06413649767637253,-0.1034107655286789,474.2945458925877,947.6942797780305
car_20,-0.06745558977127075,-0.1076708734035492,466.1222698114648,946.969944076659
car_20,-0.07070417702198029,-0.11165152490139008,458.3399267898803,946.2801694245428
car_20,-0.07288411259651184,-0.11307921260595322,450.69609022259226,945.6026710549118
car_20,-0.07482489943504333,-0.11374464631080627,443.13297712619124,944.9323274719426
car_20,-0.07693126797676086,-0.11436410993337631,435.1695249618896,944.2265005209794
car_20,-0.0791233628988266,-0.11503554880619049,427.1048160853002,943.5116988546511
car_20,-0.0810481607913971,-0.11605121195316315,420.0702993132873,942.11762957347
car_20,-0.08308130502700806,-0.11714931577444077,412.0152778474684,939.9878076152888
car_20,-0.08456064015626907,-0.11800821125507355,405.2969244961913,937.5401063546789
car_20,-0.08513732254505157,-0.11835154891014099,402.5580149261223,936.5121367096704
car_20,-0.08522936701774597,-0.1184035912156105,402.15539458312065,936.3930738845025
car_20,-0.08528017997741699,-0.1184321939945221,401.9315519971125,936.3268791898075
car_20,-0.085616834461689,-0.11865130066871643,399.9132489615994,934.8017272413829
car_20,-0.08483792841434479,-0.11827494204044342,402.03057770543666,933.0202812972175
car_20,-0.08382437378168106,-0.11766974627971649,406.78609488815835,934.6958755671344
car_20,-0.08246950060129166,-0.11689992994070053,412.7411351120756,936.870842162471
car_20,-0.08043456822633743,-0.115805983543396,420.679711840108,938.973269381987
car_20,-0.07822847366333008,-0.11477082967758179,428.79525574879125,940.4515364057512
car_20,-0.07627937197685242,-0.1142500564455986,436.0977813548533,941.0994408110299
car_20,-0.07426396757364273,-0.11362810432910919,443.7789030912583,941.7809355265525
car_20,-0.07235100865364075,-0.11294078081846237,451.32572777241546,942.4505149598282
car_20,-0.06975811719894409,-0.1105441004037857,459.0421306239529,943.1351399334492
car_20,-0.0664890706539154,-0.10648127645254135,466.9255842828901,943.8345862113501
car_20,-0.06327712535858154,-0.10229149460792542,474.93031681715394,944.5447927551961
car_20,-0.06014072895050049,-0.09796600788831711,483.18641001095625,945.2773008543414
car_20,-0.05734950304031372,-0.09388164430856705,491.1216836962174,945.9806994952353
car_20,-0.05503084138035774,-0.09029172360897064,498.3641094562898,946.6223103679397
car_20,-0.052746906876564026,-0.08655470609664917,506.3890161423739,947.333241698519
car_20,-0.05074324458837509,-0.08320069313049316,514.4260471820772,948.0452471329088
car_20,-0.04904547706246376,-0.08039920032024384,522.3566345771424,948.7478226605253
car_20,-0.04771803319454193,-0.07815424352884293,530.122838836568,949.4358353868637
car_20,-0.046733103692531586,-0.07649025321006775,537.7054646122936,950.1075847844447
car_20,-0.04598595201969147,-0.07528523355722427,545.9808434180677,950.8407055913992
car_20,-0.045544013381004333,-0.07468455284833908,554.0017731409876,951.5512846004096
car_20,-0.04520091786980629,-0.07411843538284302,561.3285521298731,952.2003683766062
car_20,-0.04491330310702324,-0.0737680196762085,569.0876717905093,952.8877534740585
car_20,-0.04469802603125572,-0.07369999587535858,576.9703342948926,953.5860833066616
car_20,-0.04429510235786438,-0.07347384095191956,584.4536917637377,954.2490384649753
car_20,-0.043814606964588165,-0.07334525883197784,592.646898709032,954.9748796171759
car_20,-0.04331071674823761,-0.07331223785877228,600.7102529025505,955.6892170356622
car_20,-0.04284743219614029,-0.07304523885250092,608.1571590024739,956.3489429451856
car_20,-0.042414918541908264,-0.07298101484775543,615.8617536855855,956.7604008010225
car_20,-0.042244382202625275,-0.07301308214664459,619.0848114316889,956.7523808949601
car_20,-0.042207710444927216,-0.07302219420671463,619.8168244184554,956.8226245654074
car_20,-0.042199574410915375,-0.0730244517326355,619.9802008752597,956.8383021041916
car_20,-0.04219701886177063,-0.07302514463663101,620.0320826049006,956.8432806540056
car_20,-0.042196519672870636,-0.07302531599998474,620.0422444693852,956.8442557824158
car_20,-0.04219646751880646,-0.07302531599998474,620.0429465888253,956.8443231575136
car_20,-0.042196452617645264,-0.07302531599998474,620.0434973144856,956.8443760049254
car_20,-0.042196452617645264,-0.07302531599998474,620.0434973144856,956.8443760049254
car_20,-0.042196452617645264,-0.07302531599998474,620.0434973144856,956.8443760049254
car_20,-0.042101629078388214,-0.07305924594402313,621.9487754613876,956.94
car_20,-0.04183647036552429,-0.07299359142780304,626.174740474475,956.5654500770269
car_20,-0.04146056994795799,-0.07280315458774567,630.1577198079497,952.1799817169237
car_20,-0.04126404970884323,-0.0727672129869461,630.8105118409507,945.4278783165153
car_20,-0.04107504338026047,-0.07259856164455414,631.5858781078014,937.3662844734599
car_20,-0.04093512147665024,-0.07205675542354584,632.3364098320153,929.5628989179896
car_20,-0.04084521532058716,-0.0716458112001419,633.1172173807602,921.4447312897531
car_20,-0.040820278227329254,-0.07143576443195343,633.8528172212721,913.7965946622598
car_20,-0.04084330052137375,-0.07144379615783691,634.5711448218836,906.2759042339547
car_20,-0.040618062019348145,-0.07183869183063507,635.2454226041881,899.1155980230509
car_20,-0.04049220681190491,-0.07266723364591599,635.9598792230585,891.5148529603263
car_20,-0.04051412642002106,-0.0740286111831665,636.7042965012618,883.595371493619
car_20,-0.040734030306339264,-0.07596561312675476,637.4681171870106,875.4435829062871
car_20,-0.041160475462675095,-0.07826399803161621,638.1996065598028,867.6341194404858
car_20,-0.04182811081409454,-0.0809069275856018,638.9453749133604,859.6722119573625
car_20,-0.04272875934839249,-0.08365638554096222,639.6930629443644,851.703655150722
car_20,-0.04384128749370575,-0.08631069958209991,640.4310553545677,843.7169308372294
car_20,-0.04518965631723404,-0.08881942927837372,641.19551014348,835.381984716869
car_20,-0.04670240730047226,-0.0910181850194931,641.9662793928286,826.9781912450654
car_20,-0.04811521992087364,-0.092689149081707,642.6358820011736,819.6774303059531
car_20,-0.049793824553489685,-0.09440383315086365,643.4275516957493,811.5339274181216
car_20,-0.05058957263827324,-0.09516960382461548,643.8227946754704,807.8729893184552
car_20,-0.05061313509941101,-0.09519214928150177,643.8343399516564,807.7660511977826
car_20,-0.05061735585331917,-0.09519615769386292,643.8364107433152,807.7468704900426
car_20,-0.050617653876543045,-0.0951964259147644,643.836550197688,807.7455787939151
car_20,-0.05061781406402588,-0.09519660472869873,643.8366276730325,807.7448611785361
car_20,-0.05061786249279976,-0.0951966792345047,643.8366719807581,807.7444507782276
car_20,-0.05061786249279976,-0.0951966792345047,643.8366719807581,807.7444507782276
car_20,-0.05102294683456421,-0.09558393061161041,644.0817147670763,805.9741458925645
car_20,-0.052027441561222076,-0.09655385464429855,644.7975414049187,801.8301237487973
car_20,-0.053725890815258026,-0.09828630089759827,646.0733892809568,795.316847481572
car_20,-0.05606141686439514,-0.10100704431533813,647.8927493836042,787.2790024655833
car_20,-0.05878525227308273,-0.10481391847133636,649.9954777649971,778.8741542501523
car_20,-0.060157254338264465,-0.10700230300426483,651.010196713397,774.834334211452
car_20,-0.060175955295562744,-0.10703334212303162,651.0239100966994,774.7797382065673
car_20,-0.0601787306368351,-0.10703788697719574,651.0259419475742,774.7716489598924
car_20,-0.0608406700193882,-0.1081588938832283,651.6153045102127,772.9594102327145
car_20,-0.06227698177099228,-0.11073069274425507,653.6722342796959,769.8968096150986
car_20,-0.06412801146507263,-0.11429605633020401,658.8478680814343,768.667755221541
car_20,-0.06623804569244385,-0.11850561946630478,666.6233520330759,769.2267769435546
car_20,-0.06888116151094437,-0.12341064214706421,676.0650475896576,770.024138260461
car_20,-0.07297571748495102,-0.12928615510463715,687.9273961085911,771.0496366825585
car_20,-0.07950893044471741,-0.13575927913188934,701.164221316893,772.1939584282084
car_20,-0.0874377191066742,-0.14217016100883484,714.4466360943578,773.3397285975674
car_20,-0.09370988607406616,-0.14813083410263062,727.7288850373352,774.4857755518007
car_20,-0.09700699150562286,-0.15519088506698608,741.7468629683488,772.5026601060721
car_20,-0.09677766263484955,-0.1603255271911621,755.2350643915414,773.6777835506857
car_20,-0.09512518346309662,-0.16521023213863373,768.8233153558897,774.8559655245831
car_20,-0.09264509379863739,-0.16977353394031525,782.4607771407809,776.0345116047588
car_20,-0.08982639014720917,-0.17380353808403015,795.713955653498,777.1798480194382
car_20,-0.08682022988796234,-0.17742738127708435,809.2944712222819,778.3589334133316
car_20,-0.08395379781723022,-0.18045267462730408,822.8673873370061,779.540120733442
car_20,-0.08141064643859863,-0.18285149335861206,836.6548566710143,780.7330845891181
car_20,-0.07953698188066483,-0.18445062637329102,849.5410422656731,781.8500746361682
car_20,-0.07871964573860168,-0.1853523850440979,862.7087573152567,782.9761814012921
car_20,-0.07863441854715347,-0.18592211604118347,875.9127982386533,784.09937463697
car_20,-0.0791260227560997,-0.18627426028251648,889.3189639844786,785.192538149775
car_20,-0.08031810820102692,-0.18638592958450317,903.4116923096948,786.3386687521578
car_20,-0.08213702589273453,-0.1862013190984726,916.9321391760735,787.4382569620376
car_20,-0.08504357188940048,-0.18554289638996124,930.3853068139673,787.1837628891059
car_20,-0.08830994367599487,-0.18447881937026978,943.7644046385286,788.0222539262027
car_20,-0.09227366000413895,-0.18283256888389587,957.8195218353887,789.1670005955825
car_20,-0.09637835621833801,-0.18080197274684906,970.6827359338113,790.2146635214763
car_20,-0.09988956153392792,-0.178850919008255,980.9558419491613,791.0896219953784
car_20,-0.10307816416025162,-0.1769653558731079,988.2438322287187,790.571473289418
car_20,-0.10653256624937057,-0.17475560307502747,991.7052231525289,785.3765311768791
car_20,-0.10990069806575775,-0.17241981625556946,992.6749377197697,776.7433916485766
car_20,-0.11390722543001175,-0.16973619163036346,993.7025076015866,766.5350009012684
car_20,-0.11825092136859894,-0.1670842468738556,994.9198894463448,754.2266389303244
car_20,-0.12242355197668076,-0.16493549942970276,996.1507305255196,740.2392180121021
car_20,-0.12594479322433472,-0.16342505812644958,997.3348842563256,726.7823575409111
car_20,-0.1289616823196411,-0.16220812499523163,998.4630824753718,713.9613820015127
car_20,-0.13151776790618896,-0.16111360490322113,996.4910979355219,700.4469328885384
car_20,-0.1343977451324463,-0.16007587313652039,997.7659539159804,686.9744370093355
car_20,-0.136408269405365,-0.15928608179092407,998.6459347492421,677.6749252749736
car_20,-0.13764837384223938,-0.15869897603988647,999.1861763374587,672.0631965487177
car_20,-0.13793118298053741,-0.15855225920677185,999.3097480731335,670.7993947065897
car_20,-0.1380096971988678,-0.15851061046123505,999.3439743622357,670.4495337663279
car_20,-0.1380256861448288,-0.15850208699703217,999.3509489743826,670.3785195335587
car_20,-0.13802753388881683,-0.15850117802619934,999.3517620499665,670.3702409457956
car_20,-0.13802821934223175,-0.1585007905960083,999.352058430759,670.367223250454
car_20,-0.1380283087491989,-0.1585007607936859,999.3521139755278,670.3666577037177
car_20,-0.13802839815616608,-0.15850065648555756,999.3521454435345,670.3663373021948
car_20,-0.13802839815616608,-0.15850068628787994,999.3521577971626,670.3662115197991
car_20,-0.13802839815616608,-0.15850068628787994,999.3521577971626,670.3662115197991
car_20,-0.13802839815616608,-0.15850068628787994,999.3521577971626,670.3662115197991
car_20,-0.13802839815616608,-0.15850068628787994,999.3521577971626,670.3662115197991
car_20,-0.13802839815616608,-0.15850068628787994,999.3521577971626,670.3662115197991
car_20,-0.13802839815616608,-0.15850068628787994,999.3521577971626,670.3662115197991
car_20,-0.13802839815616608,-0.15850068628787994,999.3521577971626,670.3662115197991
car_20,-0.13802839815616608,-0.15850068628787994,999.3521577971626,670.3662115197991
car_20,-0.13802839815616608,-0.15850068628787994,999.3521577971626,670.3662115197991
car_20,-0.13802839815616608,-0.15850068628787994,999.3521577971626,670.3662115197991
car_20,-0.13802839815616608,-0.15850068628787994,999.3521577971626,670.3662115197991
car_20,-0.13802839815616608,-0.15850068628787994,999.3521577971626,670.3662115197991
car_20,-0.13802839815616608,-0.15850068628787994,999.3521577971626,670.3662115197991
car_20,-0.13802839815616608,-0.15850068628787994,999.3521577971626,670.3662115197991
car_20,-0.13802839815616608,-0.15850068628787994,999.3521577971626,670.3662115197991
car_20,-0.13802839815616608,-0.15850068628787994,999.3521577971626,670.3662115197991
car_20,-0.1384061574935913,-0.1582936942577362,999.5641175600508,668.7184570075735
car_20,-0.13938727974891663,-0.15770657360553741,1000.2869444780056,664.5915477666005
car_20,-0.141058549284935,-0.15651750564575195,1002.08352553734,658.0669810967555
car_20,-0.14328736066818237,-0.1544925421476364,1004.7721535463147,649.8844762507472
car_20,-0.14598850905895233,-0.15125775337219238,1005.8803091333158,639.2742710185793
car_20,-0.14918850362300873,-0.1460408866405487,1007.037357737874,627.1965330123164
car_20,-0.1514105498790741,-0.14119981229305267,1008.3395892191775,613.4039301317633
car_20,-0.1530790477991104,-0.13747623562812805,1009.27693739294,600.1573778150498
car_20,-0.15493720769882202,-0.13367582857608795,1010.260601775774,587.347715287802
car_20,-0.15647530555725098,-0.13081052899360657,1011.0330769054909,577.9087041137267
car_20,-0.15740376710891724,-0.1292067915201187,1011.440173423487,572.5989304608629
car_20,-0.15782414376735687,-0.1285112053155899,1011.6258627321822,570.2843967431796
car_20,-0.15794384479522705,-0.12831640243530273,1011.6787324347238,569.6346110442007
car_20,-0.1579853892326355,-0.12824928760528564,1011.6969715235397,569.4104467590772
car_20,-0.1579894721508026,-0.1282428801059723,1011.698735313859,569.3887692070876
car_20,-0.15842868387699127,-0.1275435984134674,1011.8859334330084,567.0409892911588
car_20,-0.15925881266593933,-0.12627704441547394,1012.22424724952,562.7327275038998
car_20,-0.1603858768939972,-0.12466827034950256,1012.6644747179452,557.1266449635115
car_21,-0.08007156103849411,-0.18377214670181274,864.3599820663012,803.898216997756
car_21,-0.0797424167394638,-0.18406081199645996,864.5313963946908,801.824103624241
car_21,-0.07925286889076233,-0.18448719382286072,864.8158572160047,798.3919834204272
car_21,-0.07862726598978043,-0.18504561483860016,865.2885602538955,792.6987688102242
car_21,-0.07857978343963623,-0.18522989749908447,865.611927328735,789.4713731668869
car_21,-0.07851549237966537,-0.18540018796920776,867.5997352216359,788.2812669534661
car_21,-0.0784640684723854,-0.18536333739757538,868.6706170968184,790.5252050756815
car_21,-0.07849697023630142,-0.1851520836353302,868.3400379573677,794.5066857002752
car_21,-0.07911742478609085,-0.18456929922103882,867.8087879875466,800.90763151519
car_21,-0.07997468113899231,-0.18382859230041504,867.3385808475022,806.6795945241405
car_21,-0.08137695491313934,-0.18259254097938538,865.2464684930936,812.6552728798423
car_21,-0.08314209431409836,-0.18097704648971558,858.3851591369033,814.0962390764581
car_21,-0.08460889756679535,-0.17955303192138672,851.5977390647088,813.5718149685322
car_21,-0.0865132063627243,-0.1775711476802826,843.0949430876499,812.8382642864233
car_21,-0.08885553479194641,-0.17489448189735413,832.8582446539037,811.9551268879867
car_21,-0.09165116399526596,-0.17123815417289734,820.32983089685,810.8742793077289
car_21,-0.09437083452939987,-0.1668601632118225,806.6971277587616,809.6981628028858
car_21,-0.09680227935314178,-0.16096165776252747,793.1051441082948,811.7353989128155
car_21,-0.09736057370901108,-0.15588587522506714,779.4214501255396,810.5680320340922
car_21,-0.09584955871105194,-0.15076233446598053,766.3323692241592,809.4513920729489
car_21,-0.09102752804756165,-0.144978865981102,752.5946573832625,808.2794168875407
car_21,-0.08373697102069855,-0.13908258080482483,739.7413325090831,807.18288946165
car_21,-0.0760408341884613,-0.13267187774181366,726.2971407327101,806.0359547077217
car_21,-0.07062697410583496,-0.12646162509918213,713.1850873795307,804.9173549483405
car_21,-0.06678043305873871,-0.11999310553073883,700.0228101596311,803.7924245053782
car_21,-0.06322816014289856,-0.11291105300188065,686.4871912785763,802.6354933101281
car_21,-0.05960309877991676,-0.10628284513950348,673.1492946828279,801.4911536631397
car_21,-0.05667155608534813,-0.10187020152807236,662.1067291871553,800.5430062354974
car_21,-0.055004268884658813,-0.09975434839725494,655.2723981807901,799.8654165805357
car_21,-0.05309239774942398,-0.09763872623443604,649.1894134365357,801.6406131664086
car_21,-0.05113370716571808,-0.09571246057748795,646.9699443833566,808.5971733960839
car_21,-0.04940427839756012,-0.09406162798404694,646.1320503994415,816.5490945535856
car_21,-0.0477205291390419,-0.09231629967689514,645.3685559021663,824.8687986535803
car_21,-0.04625147953629494,-0.09051509201526642,644.660512424274,832.5842599267394
car_21,-0.04484332352876663,-0.08837474882602692,643.928008219178,840.5662666866453
car_21,-0.043642234057188034,-0.08607029914855957,643.2342810699853,848.1257247155039
car_21,-0.04265037924051285,-0.08368423581123352,642.5645411403609,855.2884822665595
car_21,-0.04181257262825966,-0.08116193115711212,641.8792764083208,862.5995874949718
car_21,-0.041175030171871185,-0.07873251289129257,641.2021389761991,869.8287834808219
car_21,-0.040702152997255325,-0.07634210586547852,640.4654704496581,877.6935401791557
car_21,-0.04045125097036362,-0.07440817356109619,639.7469608992161,885.3671066149827
car_21,-0.04038543254137039,-0.07288463413715363,638.9917931536843,893.4388524233561
car_21,-0.04049482196569443,-0.07187042385339737,638.2118863788222,901.7750257810795
car_21,-0.040626682341098785,-0.0714225023984909,638.9560729903343,909.7278523201561
car_21,-0.040668003261089325,-0.07125486433506012,639.9645824626509,917.090654288217
car_21,-0.04065591096878052,-0.07133494317531586,639.2522895711442,924.4944301147927
car_21,-0.04070163518190384,-0.07159151136875153,638.5520765406039,931.7726444150942
car_21,-0.04080744832754135,-0.07203450053930283,637.7867750512091,939.7274067534313
car_21,-0.040961503982543945,-0.07261587679386139,636.9818811444828,948.0937039896323
car_21,-0.0411602184176445,-0.07262982428073883,636.1790301290546,955.3126483443089
car_21,-0.04149175062775612,-0.0727192610502243,634.4672290337202,964.582657532581
car_21,-0.04187699407339096,-0.0726534053683281,631.8711080084719,975.2205084514379
car_21,-0.04213074967265129,-0.07233502715826035,630.361350561062,985.9252181403716
car_21,-0.04244747757911682,-0.07215812057256699,629.231291070059,998.7126131660675
car_21,-0.0427846759557724,-0.07173889130353928,628.099893850128,1011.9861653502985
car_21,-0.043053045868873596,-0.07127544283866882,626.9387257189381,1025.4525268041057
car_21,-0.04313339293003082,-0.0707017257809639,625.6962890649061,1039.4279256540065
car_21,-0.04303709790110588,-0.07005326449871063,624.3624529717688,1053.2677674472463
car_21,-0.04301764816045761,-0.06986517459154129,622.916210438869,1066.4854687794004
car_21,-0.0430099219083786,-0.06957200169563293,621.5784998533097,1080.2961773765192
car_21,-0.04327026754617691,-0.06993964314460754,620.3268462557917,1093.2184217591707
car_21,-0.04386671259999275,-0.0710480734705925,619.0218160123604,1106.6917339965264
car_21,-0.044760119169950485,-0.07276585698127747,617.7773252037464,1119.5798945323827
car_21,-0.04598654806613922,-0.07506126910448074,616.6080571050173,1132.77422899854
car_21,-0.046976033598184586,-0.07683543860912323,615.836203299713,1141.4864179273775
car_21,-0.04754561185836792,-0.0779227688908577,615.4101112928273,1146.2958702349838
car_21,-0.04814845696091652,-0.07902790606021881,613.5077403958044,1147.7596552447737
car_21,-0.048249222338199615,-0.07920221984386444,612.2426687339571,1145.8741299224623
car_21,-0.04765588790178299,-0.07810544967651367,612.6552746563553,1141.2168998558516
car_21,-0.04683579504489899,-0.07657304406166077,613.2656994374981,1134.3268178434118
car_21,-0.045905809849500656,-0.07490405440330505,614.0089620660518,1125.9297340727499
car_21,-0.04492370784282684,-0.07306908071041107,614.9645140016648,1115.3383951601088
car_21,-0.0440623015165329,-0.07142174243927002,616.1228665521477,1103.3900185077089
car_21,-0.043419916182756424,-0.07022349536418915,617.4283080528209,1089.9244231315743
car_21,-0.043122705072164536,-0.06977271288633347,618.6571569703493,1077.2488782731436
car_21,-0.043091967701911926,-0.06996627151966095,619.9491073059561,1063.9224439163602
car_21,-0.04311363399028778,-0.07017417252063751,621.4895696178928,1050.0074984048292
car_21,-0.0431968979537487,-0.07074964791536331,622.7368394289304,1036.6653202743473
car_21,-0.04325760155916214,-0.0713377520442009,622.3790599716525,1023.8271637021636
car_21,-0.04308640956878662,-0.07173439860343933,621.8504450797997,1009.9496180711858
car_21,-0.042771629989147186,-0.07224785536527634,623.0404877764018,996.0389197770393
car_21,-0.042514897882938385,-0.07238946110010147,623.8720671855009,986.6159645151112
car_21,-0.042388200759887695,-0.07244421541690826,624.3449381106848,981.680838975297
car_21,-0.04235909879207611,-0.0724625214934349,624.461966449054,980.5054674029801
car_21,-0.042355019599199295,-0.07246516644954681,624.4783506838554,980.3409126969307
car_21,-0.042354486882686615,-0.07246562838554382,624.4807636031464,980.3166785944858
car_21,-0.04235447198152542,-0.07246561348438263,624.4807814613584,980.3164992359223
car_21,-0.04235447198152542,-0.07246561348438263,624.4807814613584,980.3164992359223
car_21,-0.04235447198152542,-0.07246561348438263,624.4807814613584,980.3164992359223
car_21,-0.04235447198152542,-0.07246561348438263,624.4807814613584,980.3164992359223
car_21,-0.04235447198152542,-0.07246561348438263,624.4807814613584,980.3164992359223
car_21,-0.04235447198152542,-0.07246561348438263,624.4807814613584,980.3164992359223
car_21,-0.04235447198152542,-0.07246561348438263,624.4807814613584,980.3164992359223
car_21,-0.04235447198152542,-0.07246561348438263,624.4807814613584,980.3164992359223
car_21,-0.04235447198152542,-0.07246561348438263,624.4807814613584,980.3164992359223
car_21,-0.04235447198152542,-0.07246561348438263,624.4807814613584,980.3164992359223
car_21,-0.04235447198152542,-0.07246561348438263,624.4807814613584,980.3164992359223
car_21,-0.04235447198152542,-0.07246561348438263,624.4807814613584,980.3164992359223
car_21,-0.04235447198152542,-0.07246561348438263,624.4807814613584,980.3164992359223
car_21,-0.04235447198152542,-0.07246561348438263,624.4807814613584,980.3164992359223
car_21,-0.04235447198152542,-0.07246561348438263,624.4807814613584,980.3164992359223
car_21,-0.04235447198152542,-0.07246561348438263,624.4807814613584,980.3164992359223
car_21,-0.04235447198152542,-0.07246561348438263,624.4807814613584,980.3164992359223
car_21,-0.04231204465031624,-0.07249502092599869,624.6855134489238,978.6543216555707
car_21,-0.04220781847834587,-0.0725812315940857,625.3102465020072,974.7129163775802
car_21,-0.042046841233968735,-0.07276356220245361,626.4932169479013,968.6221671240244
car_21,-0.041808195412158966,-0.07294296473264694,628.3198059361537,960.9427509373769
car_21,-0.041479259729385376,-0.07280859351158142,630.0737505294162,952.7295163393427
car_21,-0.041268572211265564,-0.07276774942874908,630.794795015778,945.591288393096
car_21,-0.04107525944709778,-0.07259928435087204,631.5849619257394,937.3758101492406
car_21,-0.040932174772024155,-0.07204465568065643,632.3556804559813,929.362539487668
car_21,-0.040844790637493134,-0.07164330780506134,633.1231511355699,921.383037193318
car_21,-0.0408208929002285,-0.0714292824268341,633.898323691891,913.3228202796674
car_21,-0.04082644730806351,-0.07145866751670837,634.6140406166413,905.826627225704
car_21,-0.04058005288243294,-0.07198059558868408,635.4003394308277,897.4675157264998
car_21,-0.04048182815313339,-0.07295624911785126,636.1444913915553,889.5508568391338
car_21,-0.04054564982652664,-0.07442613691091537,636.8797144180696,881.7254375690292
car_21,-0.040790438652038574,-0.07632510364055634,637.5912326163973,874.1291886257496
car_21,-0.04121456295251846,-0.07850860059261322,638.2715434085354,866.8661134886314
car_21,-0.04187159612774849,-0.08105704188346863,638.9863135095335,859.2351468638061
car_21,-0.04268397390842438,-0.08353470265865326,639.6597667536537,852.0582982982932
car_21,-0.04380844160914421,-0.08624116331338882,640.411101857228,843.9344863129106
car_21,-0.044955287128686905,-0.08842691779136658,641.0691519802941,836.7596835648554
car_21,-0.046305831521749496,-0.09049078822135925,641.7705931340337,829.1117829854885
car_21,-0.04765746742486954,-0.09217807650566101,642.4231581277197,821.9967852887062
car_21,-0.049146637320518494,-0.09376491606235504,643.1024640175638,814.5902282585002
car_21,-0.050209879875183105,-0.09480594098567963,643.6355724594766,809.6071350940978
car_21,-0.05050436034798622,-0.09508819878101349,643.7810316470194,808.2598193694828
car_21,-0.05057789385318756,-0.09515850245952606,643.8170980693806,807.925754132362
car_21,-0.050610389560461044,-0.09518954157829285,643.8329996420626,807.778465815394
car_21,-0.050615277141332626,-0.09519417583942413,643.8353963641699,807.7562661768759
car_21,-0.050617389380931854,-0.09519617259502411,643.8364252263291,807.7467363411267
car_21,-0.05061779543757439,-0.09519662708044052,643.8366181179296,807.7449496826765
car_21,-0.05061783269047737,-0.09519664198160172,643.8366469993135,807.7446821688583
car_21,-0.05061786249279976,-0.0951966792345047,643.8366714434087,807.7444557554264
car_21,-0.05061786249279976,-0.0951966792345047,643.8366714434087,807.7444557554264
car_21,-0.050984520465135574,-0.0955471396446228,644.0542178275094,806.1361141667253
car_21,-0.05189874768257141,-0.09642809629440308,644.6999962413038,802.3445461379664
car_21,-0.05340350791811943,-0.09794449806213379,645.8251574691957,796.5054959648128
car_21,-0.05570235103368759,-0.10055790841579437,647.6048525264508,788.44674420463
car_21,-0.05839060619473457,-0.10421787202358246,649.6992772128438,780.0533940070818
car_21,-0.05974985286593437,-0.10633386671543121,650.7107706362261,776.0264154952121
car_21,-0.06011437624692917,-0.10693132877349854,650.9787834066357,774.9593975172436
car_21,-0.06016375869512558,-0.10701308399438858,651.0149903501297,774.8152496858685
car_21,-0.06111973151564598,-0.10864362120628357,651.9081372836648,772.2465546933007
car_21,-0.06270726025104523,-0.11153759807348251,654.6578809252325,769.3812168324253
car_21,-0.06466194987297058,-0.11536058038473129,660.8108323602412,768.8088833723049
car_21,-0.06684078276157379,-0.11968342959880829,668.8383094647144,769.3993877287925
car_21,-0.06969386339187622,-0.1247483417391777,678.7230805251941,770.253924847571
car_21,-0.07422060519456863,-0.13071440160274506,690.8525270286887,771.3025138542416
car_21,-0.08090667426586151,-0.13693012297153473,703.5559263647604,772.4007210055172
car_21,-0.08886321634054184,-0.14335687458515167,716.995820565694,773.55944514607
car_21,-0.09447541832923889,-0.1491279900074005,730.0758485098236,774.6902484621348
car_21,-0.09710200130939484,-0.1560584306716919,743.9742200495422,772.6967126297196
car_21,-0.09662667661905289,-0.16098067164421082,757.0113441215623,773.8325371675282
car_21,-0.09492741525173187,-0.1656387597322464,770.0588969553487,774.9627441813265
car_21,-0.0925661101937294,-0.1698986291885376,782.8519105628626,776.068313258519
car_21,-0.08970923721790314,-0.17395558953285217,796.2451827794116,777.2257565364923
car_21,-0.08689375221729279,-0.17734473943710327,808.9592753388338,778.3297628854998
car_21,-0.08411607146263123,-0.18029089272022247,822.0607074038157,779.4699191569777
car_21,-0.08157657086849213,-0.18270274996757507,835.6649928179392,780.6480413410018
car_21,-0.07954685389995575,-0.18444257974624634,849.460585608749,781.8431470992427
car_21,-0.07870453596115112,-0.18538308143615723,863.307295793071,783.0267803073211
car_21,-0.07864775508642197,-0.18595083057880402,876.748485304254,784.1640817362406
car_21,-0.07915028929710388,-0.186281219124794,889.7199811330628,785.2251519925644
car_21,-0.08030159026384354,-0.18638628721237183,903.2611269041838,786.3264235988465
car_21,-0.08210926502943039,-0.18620578944683075,916.7575833791966,787.4240607229555
car_21,-0.08492925763130188,-0.18557453155517578,930.0320656986665,787.2742270771707
car_21,-0.08806803822517395,-0.18456760048866272,942.8291408490419,787.9460751820591
car_21,-0.0915941596031189,-0.18313869833946228,955.5502194212104,788.9821740049042
car_21,-0.09585609287023544,-0.181076318025589,969.1118959837393,790.0867242082059
car_21,-0.1002504900097847,-0.17864054441452026,981.9938605478716,791.1839873225339
car_21,-0.10461750626564026,-0.1759493350982666,995.8258243891961,793.4511493818477
car_21,-0.10781455785036087,-0.17354406416416168,1009.6574798581908,795.2025700788527
car_21,-0.11101711541414261,-0.17104893922805786,1023.566661357314,796.358166729082
car_21,-0.11428803950548172,-0.1687348186969757,1036.9147278573312,797.4671450636755
car_21,-0.11701829731464386,-0.1668815165758133,1050.2000223041127,798.5717122926316
car_21,-0.11948321014642715,-0.1653653383255005,1063.968008752638,799.7167266538389
car_21,-0.12157952040433884,-0.16423651576042175,1077.1693254650984,800.8146139359864
car_21,-0.12353256344795227,-0.16331663727760315,1091.094758847276,801.9727223687802
car_21,-0.12516605854034424,-0.16262094676494598,1104.2577777757654,803.0668362500026
car_21,-0.12666700780391693,-0.16199612617492676,1117.8274756838564,804.1935022545815
car_21,-0.12823252379894257,-0.16130396723747253,1131.1387782569038,803.8509382104377
car_21,-0.12945884466171265,-0.16064180433750153,1144.5617684449642,804.8122207443707
car_21,-0.13051314651966095,-0.1600932776927948,1157.2717874887917,805.8691591701206
car_21,-0.13159184157848358,-0.1596599668264389,1170.9157284940113,807.0037605800283
car_21,-0.13229955732822418,-0.15933310985565186,1180.075894246281,807.7655006794275
car_21,-0.1327187716960907,-0.15912172198295593,1185.5550056466298,808.222853963688
car_21,-0.13281577825546265,-0.1590709239244461,1186.8186412962207,808.3254913036976
car_21,-0.13282379508018494,-0.15906661748886108,1186.9243854061394,808.3339508324912
car_21,-0.1328296810388565,-0.15906348824501038,1187.0011893775659,808.3400951502052
car_21,-0.13282981514930725,-0.15906347334384918,1187.0017974475434,808.3401437958034
car_21,-0.13282975554466248,-0.159063458442688,1187.0020909879916,808.3401672790393
car_21,-0.13282975554466248,-0.159063458442688,1187.002302990986,808.3401842392789
car_21,-0.13282975554466248,-0.159063458442688,1187.002302990986,808.3401842392789
car_21,-0.13282975554466248,-0.159063458442688,1187.002302990986,808.3401842392789
car_21,-0.13282975554466248,-0.159063458442688,1187.002302990986,808.3401842392789
car_21,-0.13282975554466248,-0.159063458442688,1187.002302990986,808.3401842392789
car_21,-0.13282975554466248,-0.159063458442688,1187.002302990986,808.3401842392789
car_21,-0.13282975554466248,-0.159063458442688,1187.002302990986,808.3401842392789
car_21,-0.13282975554466248,-0.159063458442688,1187.002302990986,808.3401842392789
car_21,-0.13282975554466248,-0.159063458442688,1187.002302990986,808.3401842392789
car_21,-0.13282975554466248,-0.159063458442688,1187.002302990986,808.3401842392789
car_21,-0.13282975554466248,-0.159063458442688,1187.002302990986,808.3401842392789
car_21,-0.13282975554466248,-0.159063458442688,1187.002302990986,808.3401842392789
car_21,-0.13282975554466248,-0.159063458442688,1187.002302990986,808.3401842392789
car_21,-0.13282975554466248,-0.159063458442688,1187.002302990986,808.3401842392789
car_21,-0.13302892446517944,-0.1589604914188385,1189.145930504738,808.286000061946
car_21,-0.13370376825332642,-0.1586253046989441,1192.7693264348472,806.0186904374652
car_21,-0.13477003574371338,-0.1580808460712433,1194.298957758373,800.1885655919064
car_21,-0.13621293008327484,-0.15725010633468628,1194.9469842292137,791.8914668483129
car_21,-0.1381862312555313,-0.15587645769119263,1195.6863695152645,781.2159578825067
car_21,-0.1406041383743286,-0.15370790660381317,1196.5207487625748,769.1665399287001
car_21,-0.14362883567810059,-0.14998272061347961,1197.4752271708944,755.3827487967897
car_21,-0.1466524451971054,-0.14482831954956055,1198.3588728002828,742.6218663253295
car_21,-0.14805921912193298,-0.1414935290813446,1199.2730782567562,729.4453880387583
car_21,-0.14941880106925964,-0.13812848925590515,1203.3131223419498,717.3550163806375
car_21,-0.15092632174491882,-0.1347207874059677,1204.2077346645387,704.428459472743
car_21,-0.1524667739868164,-0.1314939558506012,1205.0127305733824,692.7968005255755
car_21,-0.1535085290670395,-0.1294824481010437,1205.5205456072192,685.6555099689283
car_21,-0.15405309200286865,-0.12846630811691284,1206.4636985271954,682.4317794146036
car_21,-0.15406513214111328,-0.12844327092170715,1206.509530519486,682.3730732671754
car_21,-0.1540684551000595,-0.12843693792819977,1206.5222728729,682.3567516010044
car_21,-0.1540696769952774,-0.12843455374240875,1206.52722383576,682.35040991824
car_21,-0.15406984090805054,-0.12843427062034607,1206.527499315535,682.3500570565058
car_21,-0.15417951345443726,-0.12818948924541473,1208.1444698663083,682.3687742058464
car_21,-0.1537078320980072,-0.12901221215724945,1208.7303688759487,685.7652046126658
car_21,-0.15293890237808228,-0.1304594725370407,1208.3585139298389,690.9053194037631
car_21,-0.15190178155899048,-0.13253465294837952,1207.8440897673418,698.3035511091499
car_21,-0.15063981711864471,-0.13523826003074646,1207.160179076607,708.1392667009012
car_21,-0.14929991960525513,-0.13828973472118378,1206.3485431142246,719.8118733704265
car_21,-0.1480550616979599,-0.14126354455947876,1205.4999827124925,732.1432376786545
car_21,-0.14690980315208435,-0.1441204994916916,1204.617086134859,744.9662585547901
car_21,-0.14382191002368927,-0.1495470255613327,1203.718101594374,757.9510566502418
car_21,-0.14094500243663788,-0.1532311737537384,1202.8166533626813,770.9714399326073
car_21,-0.1387103796005249,-0.15535868704319,1202.0562746732014,781.9542358699621
car_21,-0.13723726570606232,-0.15648891031742096,1201.5194786531977,789.7076372070208
car_21,-0.13664129376411438,-0.15689562261104584,1201.2917275881582,792.973400145192
car_21,-0.13661839067935944,-0.15691065788269043,1201.2826793192964,793.0996234958127
car_21,-0.1366146355867386,-0.156913161277771,1201.2811384554855,793.1211185459763
car_21,-0.13661295175552368,-0.15691421926021576,1201.2805052644412,793.1299515610441
car_21,-0.13661152124404907,-0.15691517293453217,1201.2799478857085,793.1377269943652
car_21,-0.13661134243011475,-0.15691524744033813,1201.2798943438331,793.138473903527
car_21,-0.13661134243011475,-0.15691524744033813,1201.2798943438331,793.138473903527
car_21,-0.13661134243011475,-0.15691524744033813,1201.2798943438331,793.138473903527
car_21,-0.13661134243011475,-0.15691524744033813,1201.2798943438331,793.138473903527
car_21,-0.13661134243011475,-0.15691524744033813,1201.2798943438331,793.138473903527
car_21,-0.13661134243011475,-0.15691524744033813,1201.2798943438331,793.138473903527
car_21,-0.13661134243011475,-0.15691524744033813,1201.2798943438331,793.138473903527
car_21,-0.13661134243011475,-0.15691524744033813,1201.2798943438331,793.138473903527
car_21,-0.13626274466514587,-0.15714028477668762,1201.1403217128538,795.0855121056902
car_21,-0.13549888134002686,-0.15760481357574463,1200.7761912844244,799.4159185089179
car_21,-0.13484840095043182,-0.1579798310995102,1199.66792310687,802.7570311234098
car_21,-0.1348406970500946,-0.15800757706165314,1197.5498854903053,801.6017938825495
car_21,-0.13527511060237885,-0.1577693223953247,1197.6104551748035,798.9783330736964
car_21,-0.13578365743160248,-0.15751099586486816,1194.7704438566338,794.3188969712857
car_21,-0.13683709502220154,-0.15684813261032104,1195.187076131983,788.4263417410695
car_21,-0.1383192241191864,-0.15577232837677002,1195.734203096829,780.5251846899106
car_21,-0.14036698639392853,-0.15394866466522217,1196.4420363627214,770.303239585407
car_21,-0.14307084679603577,-0.15076926350593567,1197.30533850285,757.8361410323724
car_21,-0.14604753255844116,-0.1459856629371643,1198.1862262100528,745.1150862018847
car_21,-0.14784041047096252,-0.14203280210494995,1199.1083389672897,731.8171492797541
car_21,-0.1491791307926178,-0.13868901133537292,1203.1590972189165,719.580577629752
car_21,-0.15076693892478943,-0.1350705474615097,1204.1186102021406,705.7162490615794
car_21,-0.15259051322937012,-0.13124766945838928,1205.0733716144712,691.9205775530164
car_21,-0.15453200042247772,-0.12763965129852295,1206.2116963871695,679.2035546995926
car_21,-0.15676575899124146,-0.12409152090549469,1207.672191772546,666.3923156136992
car_21,-0.15898127853870392,-0.12121722102165222,1206.4194284410614,653.6922597582341
car_21,-0.16150295734405518,-0.11849901080131531,1206.2785614608879,640.8273353000073
car_21,-0.16493315994739532,-0.116147480905056,1207.2383268854308,627.5686009714886
car_21,-0.1691848486661911,-0.11396971344947815,1209.6518616409198,614.3330503884298
car_21,-0.17224587500095367,-0.11248636245727539,1211.488721198123,604.9248687838403
car_21,-0.1747945100069046,-0.1113094687461853,1211.9991092576913,596.6062062545135
car_21,-0.17733100056648254,-0.11017505824565887,1212.6556462053336,588.380256234849
car_21,-0.1803130954504013,-0.10888064652681351,1213.5727959856838,578.7505463236109
car_21,-0.1842554360628128,-0.10701395571231842,1214.651648318837,567.4926188646334
car_21,-0.18866802752017975,-0.10490071028470993,1215.6918613172325,554.8940970077825
car_21,-0.19271831214427948,-0.1029808297753334,1216.529601730061,542.1378326421342
car_21,-0.19601915776729584,-0.10136938840150833,1214.5964489242833,529.4329905787142
car_21,-0.19938087463378906,-0.09963881224393845,1215.7023395120723,516.4643126233975
car_21,-0.20241640508174896,-0.0979558452963829,1216.8341145675113,503.13058775150716
car_21,-0.204933300614357,-0.09646722674369812,1218.0557895088307,490.5243210299695
car_21,-0.20691505074501038,-0.09529223293066025,1220.3163547974002,478.00076076818874
car_21,-0.2084769755601883,-0.09426765888929367,1220.6862772495924,465.40544425597784
car_21,-0.21000830829143524,-0.09263700246810913,1221.6126125423048,452.83777545467143
car_21,-0.21148821711540222,-0.09022147208452225,1222.5548364130361,440.05454497948733
car_21,-0.21290183067321777,-0.0869705006480217,1223.4911220313268,427.3518792744524
car_21,-0.2142898291349411,-0.08288119733333588,1224.4402985857416,414.47432115516347
car_21,-0.2156025767326355,-0.07835659384727478,1225.3752445072753,401.7898312286658
car_21,-0.21669314801692963,-0.07435199618339539,1226.1808878181475,390.85210992255014
car_21,-0.21791063249111176,-0.07005573064088821,1227.1606390137244,378.525871087384
car_21,-0.21915791928768158,-0.06629768013954163,1228.1080303108552,366.278508051367
car_21,-0.22033557295799255,-0.062466513365507126,1229.081179739085,352.95384664945095
car_21,-0.2216363549232483,-0.060433387756347656,1229.935839037066,341.251588569404
car_21,-0.2234044075012207,-0.05947060137987137,1230.8539002839668,328.68121149645356
car_21,-0.22548024356365204,-0.05947589874267578,1231.7378365125746,316.57808467397814
car_21,-0.22787947952747345,-0.06015332415699959,1232.624183472387,304.4419493780864
car_21,-0.2306046038866043,-0.061379216611385345,1233.4275015218623,291.8328889469652
car_21,-0.23336106538772583,-0.0631282702088356,1234.5217836188547,279.74422284930046
car_21,-0.23625324666500092,-0.0656464621424675,1235.6631012961197,267.1550234046973
car_22,-0.1594572812318802,-0.11458932608366013,1638.823602378101,855.478332215439
car_22,-0.1584680676460266,-0.11498396098613739,1640.2884298900922,860.1085284043364
car_22,-0.1588440239429474,-0.11480299383401871,1643.9714835859547,860.411669728647
car_22,-0.15944629907608032,-0.11451837420463562,1649.860062682406,860.8963413661012
car_22,-0.16027814149856567,-0.11413594335317612,1657.9845730139943,861.5650459315706
car_22,-0.16137143969535828,-0.11365154385566711,1668.6525403892856,862.4430949704646
car_22,-0.16272814571857452,-0.11307819187641144,1681.9034035091868,863.5337345663349
car_22,-0.1638779640197754,-0.11261513829231262,1693.1524501394229,864.4578546275394
car_22,-0.16431072354316711,-0.11243308335542679,1700.3245448051175,866.218814730186
car_22,-0.1638750284910202,-0.1125713512301445,1702.9403832963694,869.1932788822824
car_22,-0.16282066702842712,-0.11293049156665802,1704.7741377858224,874.23690472826
car_22,-0.1611528843641281,-0.11352790147066116,1705.1590498154783,881.0340701117892
car_22,-0.1592043787240982,-0.11426113545894623,1704.6582658583995,888.5785155049603
car_22,-0.15726177394390106,-0.11502920091152191,1703.913972836194,896.0734730956303
car_22,-0.1560186743736267,-0.11585062742233276,1703.2206368375719,903.0440364768991
car_22,-0.15480399131774902,-0.11679565161466599,1702.5354411607657,909.9327598422516
car_22,-0.15352904796600342,-0.11795435845851898,1701.805927406196,917.27514943955
car_22,-0.15222041308879852,-0.11934637278318405,1701.0378988722307,925.017123818075
car_22,-0.15095996856689453,-0.12091106921434402,1700.2679052883536,932.7789065310537
car_22,-0.14978007972240448,-0.12260596454143524,1699.5077923020558,940.4410896459448
car_22,-0.14863964915275574,-0.1244882121682167,1698.7225284079827,948.3568019918221
car_22,-0.14768430590629578,-0.12627297639846802,1698.0137481510312,955.5015347024571
car_22,-0.14671707153320312,-0.12829045951366425,1697.2347807246135,963.3537766314057
car_22,-0.14592474699020386,-0.1301281899213791,1695.6821241402968,969.9654065362752
car_22,-0.1451258659362793,-0.13209150731563568,1694.9204155976167,977.644165360772
car_22,-0.1443614959716797,-0.1340653896331787,1694.116156929057,985.6339348459152
car_22,-0.14371544122695923,-0.1357671320438385,1693.3867925230588,992.9151942709498
car_22,-0.1431274712085724,-0.13730518519878387,1692.6762767943767,999.9729838425246
car_22,-0.1426773965358734,-0.13845279812812805,1692.104176860573,1005.6558431849751
car_22,-0.14243021607398987,-0.1391073763370514,1690.23837006389,1008.2189705666674
car_22,-0.1425805240869522,-0.13877873122692108,1688.8990831570654,1005.5851073064817
car_22,-0.14297035336494446,-0.13779640197753906,1689.4015857363127,1000.5935816859602
car_22,-0.14352746307849884,-0.1363517940044403,1690.0874894087065,993.7802718735145
car_22,-0.14422361552715302,-0.13451915979385376,1690.8893200742418,985.7843850320602
car_22,-0.1449081301689148,-0.13273799419403076,1691.6241811804423,978.4765465824729
car_22,-0.14567269384860992,-0.13082380592823029,1692.3688988009253,970.920735684391
car_22,-0.14643195271492004,-0.1290610432624817,1692.1802542400324,963.6050275402358
car_22,-0.14730599522590637,-0.12716221809387207,1692.9087557294088,956.2614984706191
car_22,-0.14832745492458344,-0.12516529858112335,1693.6904445700648,948.3818238117971
car_22,-0.14943145215511322,-0.12325853854417801,1694.4693942166623,940.5297611091476
car_22,-0.15055225789546967,-0.12156324088573456,1695.207049753992,933.0939562951019
car_22,-0.15170860290527344,-0.12003643810749054,1695.9272036612972,925.8345735347156
car_22,-0.1529736965894699,-0.11859079450368881,1696.6810287892213,918.2357740524299
car_22,-0.15418195724487305,-0.11740123480558395,1697.3792695136785,911.2039294258974
car_22,-0.15543316304683685,-0.11634199321269989,1698.0891349176316,904.067185047617
car_22,-0.15665975213050842,-0.11545394361019135,1698.7771145871159,897.1504723705082
car_22,-0.1584075391292572,-0.11460256576538086,1699.5574668868953,889.2959181268744
car_22,-0.15959686040878296,-0.114139124751091,1700.0166312434321,884.7403188091124
car_22,-0.1609482765197754,-0.1136375144124031,1698.9140517738424,878.8121831909357
car_22,-0.1607448160648346,-0.1137460395693779,1693.0882834032827,876.7883807553186
car_22,-0.15987972915172577,-0.11412465572357178,1684.5771637751347,876.0863895022916
car_22,-0.15876756608486176,-0.11463043093681335,1673.6195739669108,875.1802631498639
car_22,-0.15755146741867065,-0.1152290478348732,1661.2546237262136,874.1577566082206
car_22,-0.15672773122787476,-0.11591367423534393,1649.0090240122697,873.1451196327282
car_22,-0.1558949053287506,-0.11670123785734177,1636.6164225177406,872.120326499762
car_22,-0.1550513356924057,-0.11760509759187698,1623.9810149286898,871.0720900657077
car_22,-0.15423494577407837,-0.11859183758497238,1611.5870409414647,870.0437140731211
car_22,-0.15339194238185883,-0.11973640322685242,1598.607594454539,869.0022118216854
car_22,-0.15260224044322968,-0.12093856185674667,1586.0951434202461,867.9981824174791
car_22,-0.15185682475566864,-0.12220239639282227,1573.841230103717,867.0148987065044
car_22,-0.15110990405082703,-0.12360799312591553,1561.0101492822162,865.9863444645101
car_22,-0.15041959285736084,-0.12504516541957855,1548.5147476372545,864.9850504341075
car_22,-0.14975854754447937,-0.12655875086784363,1535.8324796664506,863.9687822442609
car_22,-0.14912578463554382,-0.12814250588417053,1522.8894154701584,862.9316156702604
car_22,-0.14851520955562592,-0.12979914247989655,1509.6030163250894,861.9028626318996
car_22,-0.1476631611585617,-0.13209909200668335,1496.439105553526,863.5241626595855
car_22,-0.14657530188560486,-0.1350833773612976,1483.666924608649,868.509262248976
car_22,-0.145979642868042,-0.13696348667144775,1470.3708220338954,869.0637765655127
car_22,-0.14557208120822906,-0.138374924659729,1457.3643670194435,868.0448235809483
car_22,-0.14518582820892334,-0.13972970843315125,1444.2244091847833,867.0116553923656
car_22,-0.1448250561952591,-0.14101600646972656,1431.0586819082712,865.9737428052782
car_22,-0.14449864625930786,-0.14221325516700745,1418.14189774181,864.9531507755349
car_22,-0.14420770108699799,-0.14333297312259674,1405.4853230945373,863.9531186435128
car_22,-0.1436074674129486,-0.14499174058437347,1392.3768352741645,862.9216445318596
car_22,-0.14193201065063477,-0.14810575544834137,1379.9923700558302,863.9025564694896
car_22,-0.14073479175567627,-0.15007612109184265,1367.643306275493,862.9306648335981
car_22,-0.1395750492811203,-0.1517503261566162,1355.1349326927282,861.9462352541632
car_22,-0.13871942460536957,-0.15285472571849823,1345.512001094521,861.1888947059717
car_22,-0.13812994956970215,-0.1535584032535553,1338.6534358337688,860.6430897066398
car_22,-0.13793359696865082,-0.1537839025259018,1336.2855097797137,860.434665897481
car_22,-0.1379273384809494,-0.153791144490242,1336.2087075002673,860.4279057946446
car_22,-0.13792720437049866,-0.15379121899604797,1336.2080095871547,860.4278443646396
car_22,-0.13792726397514343,-0.15379124879837036,1336.2078814784884,860.4278330885711
car_22,-0.13792726397514343,-0.15379124879837036,1336.2078814784884,860.4278330885711
car_22,-0.13792726397514343,-0.15379124879837036,1336.2078814784884,860.4278330885711
car_22,-0.13792726397514343,-0.15379124879837036,1336.2078814784884,860.4278330885711
car_22,-0.13792726397514343,-0.15379124879837036,1336.2078814784884,860.4278330885711
car_22,-0.13779541850090027,-0.1539413183927536,1334.5286799059074,860.2452389305752
car_22,-0.13752128183841705,-0.15425117313861847,1330.7476923681504,859.7193621427533
car_22,-0.13713902235031128,-0.1546688973903656,1325.3935665855008,858.9746861976313
car_22,-0.13663983345031738,-0.15519072115421295,1318.2532930650784,857.9815847748964
car_22,-0.1359480619430542,-0.15586403012275696,1308.5975621400544,856.8492226689124
car_22,-0.1350274384021759,-0.15667724609375,1296.2784616237004,855.8410795246378
car_22,-0.13544204831123352,-0.15653549134731293,1286.512539367708,847.7727762379989
car_22,-0.1345401257276535,-0.15727221965789795,1274.2993900579593,846.772307228725
car_22,-0.13369837403297424,-0.15789702534675598,1262.5286783972176,845.7884865526033
car_22,-0.13292182981967926,-0.1584191620349884,1251.4639072520017,844.8636698598688
car_22,-0.1315666139125824,-0.15914392471313477,1239.268577273443,847.4847653304644
car_22,-0.13071951270103455,-0.15956202149391174,1227.0550007605898,846.4587139789143
car_22,-0.1297629326581955,-0.15996292233467102,1213.5971938896475,845.3281359771063
car_22,-0.12890124320983887,-0.16043886542320251,1201.4043893505566,843.9838454115244
car_22,-0.1280325949192047,-0.1609586477279663,1188.6142545813732,841.8984271730355
car_22,-0.12697601318359375,-0.16147001087665558,1175.9522196138091,840.616511578974
car_22,-0.1257721483707428,-0.16196554899215698,1163.2678966922786,839.5639389151453
car_22,-0.12437407672405243,-0.16250215470790863,1150.0592774354398,838.4678590027464
car_22,-0.12281477451324463,-0.16312409937381744,1136.9695985407484,837.3799172449511
car_22,-0.12114608287811279,-0.16386863589286804,1124.551629688294,836.3574620930984
car_22,-0.11920082569122314,-0.16486820578575134,1111.6950222812147,835.2883542630532
car_22,-0.11690739542245865,-0.16622816026210785,1098.2756763166672,834.1695531165461
car_22,-0.11446558684110641,-0.1678479015827179,1085.6574116785182,833.1175399274243
car_22,-0.11192256212234497,-0.16960737109184265,1072.6889522971792,830.5832187906036
car_22,-0.10907212644815445,-0.17176203429698944,1060.268631411635,829.3978919567618
car_22,-0.10598783195018768,-0.17413994669914246,1047.2913498697271,828.3200041890857
car_22,-0.10210811346769333,-0.17685142159461975,1033.9496701019393,827.2118496518269
car_22,-0.09769392013549805,-0.17954984307289124,1021.4284479326394,826.1718419915894
car_22,-0.09353558719158173,-0.18184825778007507,1008.9321024923228,825.1339005824219
car_22,-0.09079639613628387,-0.18320408463478088,1000.0673817314274,824.4046446093008
car_22,-0.08964131772518158,-0.18373456597328186,995.7173218285292,823.7809558238897
car_22,-0.08878861367702484,-0.18411794304847717,990.0165144778257,821.5126970515373
car_22,-0.09001940488815308,-0.18362826108932495,985.2269262178453,814.9677869906793
car_22,-0.09352010488510132,-0.18204665184020996,986.032747299549,807.778381405896
car_22,-0.09824718534946442,-0.17965048551559448,987.3823209892571,799.1625053998931
car_22,-0.10478968918323517,-0.17593012750148773,990.8601010049089,789.3578902871272
car_22,-0.10981729626655579,-0.17247828841209412,992.6526161207518,776.9651455252827
car_22,-0.11477415263652802,-0.16919080913066864,993.9235268670793,764.3392854908058
car_22,-0.11912215501070023,-0.16659875214099884,995.1633010276013,751.4604814620612
car_22,-0.12281952053308487,-0.16475403308868408,996.2767541099333,738.807071368118
car_22,-0.12615777552127838,-0.16333913803100586,997.4111628733127,725.9155184819043
car_22,-0.12923017144203186,-0.1620965152978897,998.5477579071029,712.7540425752707
car_22,-0.13154537975788116,-0.1611006110906601,996.5030653950722,700.3204624856475
car_22,-0.13429062068462372,-0.16011328995227814,997.7185800286883,687.4750774825411
car_22,-0.13634371757507324,-0.15931430459022522,998.6180084503294,677.970046412412
car_22,-0.13753294944763184,-0.15875735878944397,999.1356215279959,672.5802343727696
car_22,-0.13801823556423187,-0.1585061103105545,999.3477331340446,670.4112626351823
car_22,-0.1380242258310318,-0.15850287675857544,999.3503259472742,670.3848630822996
car_22,-0.1380266398191452,-0.15850168466567993,999.3513337625153,670.3746016907539
car_22,-0.13802766799926758,-0.15850110352039337,999.3518205043233,670.369645774163
car_22,-0.13802817463874817,-0.1585008203983307,999.3520448419583,670.3673616091513
car_22,-0.13802839815616608,-0.15850065648555756,999.3521444886576,670.3663470245772
car_22,-0.13802839815616608,-0.15850068628787994,999.3521556159031,670.3662337289862
car_22,-0.13802839815616608,-0.15850068628787994,999.3521556159031,670.3662337289862
car_22,-0.13802839815616608,-0.15850068628787994,999.3521556159031,670.3662337289862
car_22,-0.13802839815616608,-0.15850068628787994,999.3521556159031,670.3662337289862
car_22,-0.13802839815616608,-0.15850068628787994,999.3521556159031,670.3662337289862
car_22,-0.13802839815616608,-0.15850068628787994,999.3521556159031,670.3662337289862
car_22,-0.13802839815616608,-0.15850068628787994,999.3521556159031,670.3662337289862
car_22,-0.13802839815616608,-0.15850068628787994,999.3521556159031,670.3662337289862
car_22,-0.13802839815616608,-0.15850068628787994,999.3521556159031,670.3662337289862
car_22,-0.13802839815616608,-0.15850068628787994,999.3521556159031,670.3662337289862
car_22,-0.1383734941482544,-0.15831200778484344,999.5398831145706,668.8568211920248
car_22,-0.13911527395248413,-0.15787652134895325,1000.0877732821172,665.7286961328695
car_22,-0.14045560359954834,-0.15697628259658813,1001.3602659448547,660.3516305153707
car_22,-0.14253893494606018,-0.15523186326026917,1004.0349404758839,652.681549370911
car_22,-0.14510777592658997,-0.1524205356836319,1005.5609369645184,642.6992622080955
car_22,-0.1483919620513916,-0.14749068021774292,1006.7506076936603,630.1586464132038
car_22,-0.15095828473567963,-0.1422654539346695,1007.9931279486145,617.3234752516213
car_22,-0.15254521369934082,-0.1386348009109497,1008.9914401457393,604.1920090515331
car_22,-0.15437111258506775,-0.13479498028755188,1009.956517944307,591.063369776413
car_22,-0.15610088407993317,-0.13148385286331177,1010.8517525873534,580.1243382476812
car_22,-0.1574093997478485,-0.12919747829437256,1011.4425106135611,572.5676705436205
car_22,-0.15796904265880585,-0.12827572226524353,1011.6898179866315,569.4983660352713
car_22,-0.15798726677894592,-0.12824629247188568,1011.6978207247669,569.400009802059
car_22,-0.1579887866973877,-0.1282438486814499,1011.6984842265884,569.391855150639
car_22,-0.15835179388523102,-0.12766435742378235,1011.8539536450538,567.4482363253767
car_22,-0.15909960865974426,-0.12651444971561432,1012.1603698801085,563.5461747126
car_22,-0.1602201759815216,-0.12489689886569977,1012.6010220355228,557.9346839901123
car_22,-0.16179336607456207,-0.12282835692167282,1013.1797203919406,550.4551034202101
car_22,-0.16383033990859985,-0.12047071009874344,1013.883139557536,541.3176015159441
car_22,-0.16665440797805786,-0.11802482604980469,1014.6984726484205,530.3343314133402
car_22,-0.17084121704101562,-0.11559371650218964,1015.6641744183557,517.3269376474649
car_22,-0.17500075697898865,-0.1132693737745285,1016.6206919887959,504.4478214653056
car_22,-0.17901840806007385,-0.11107543110847473,1017.5571333145205,491.8390236716268
car_22,-0.18348179757595062,-0.10854323208332062,1018.5477324917425,478.5010126536761
car_22,-0.18815924227237701,-0.10572076588869095,1019.5057191906985,465.94789611959135
car_22,-0.19253219664096832,-0.10312575846910477,1020.4912718374345,453.15676786034686
car_22,-0.19638122618198395,-0.1008281484246254,1021.4413596671443,440.6478095736201
car_22,-0.19987107813358307,-0.0987219586968422,1022.408190427293,427.8514194419516
car_22,-0.202924445271492,-0.09690748900175095,1023.3783346340779,415.01117452454014
car_22,-0.20534224808216095,-0.0955679714679718,1024.3707809080386,401.87575286670415
car_22,-0.20724953711032867,-0.09451598674058914,1025.3535078359102,388.8689706248903
car_22,-0.20857666432857513,-0.093170166015625,1026.0773142127127,379.2891049864313
car_22,-0.20942525565624237,-0.09204835444688797,1026.5628455905892,372.8787164737133
car_22,-0.2100370228290558,-0.09106962382793427,1025.5688123642685,367.5777205151052
car_22,-0.2099999040365219,-0.09108975529670715,1020.2983684375071,365.55985807584426
car_22,-0.20976059138774872,-0.0914280042052269,1012.8888348387745,364.1946843815897
car_22,-0.2094225436449051,-0.09190129488706589,1005.3086589238903,363.4980998875464
car_22,-0.209092915058136,-0.09233272820711136,998.0417362254292,362.83030197256403
car_22,-0.20876668393611908,-0.0927322655916214,990.9691531064694,362.18036300164573
car_22,-0.20841915905475616,-0.09312984347343445,983.5739843979437,361.5013862332915
car_22,-0.20806647837162018,-0.0935060903429985,976.2145335908921,360.82595939710836
car_22,-0.20770476758480072,-0.0938660055398941,968.8169365705191,360.144632925461
car_22,-0.20754192769527435,-0.09401992708444595,965.4876807748136,359.8196768442281
car_22,-0.2076783925294876,-0.09387730807065964,964.7663277477096,358.50465022682323
car_22,-0.20779718458652496,-0.09375755488872528,966.2328045666264,358.3021763821494
car_22,-0.20795951783657074,-0.09359495341777802,969.5342204566697,358.6032711789881
car_22,-0.2082144170999527,-0.09332940727472305,974.7799244041536,359.081688384499
car_22,-0.20858518779277802,-0.09291794896125793,982.5618611819689,359.79564805267705
car_22,-0.20891760289669037,-0.09252246469259262,989.674178226785,360.448758128029
car_22,-0.20925407111644745,-0.09209396690130234,997.0097031394157,361.1251183911597
car_22,-0.20961837470531464,-0.0915965586900711,1005.0922772335523,361.8703591211953
car_22,-0.20992116630077362,-0.09115485101938248,1011.9211880441347,362.5000078467812
car_22,-0.21020902693271637,-0.09071014076471329,1018.4484486804746,363.0829423801937
car_22,-0.2105301022529602,-0.09017614275217056,1024.8796789420317,363.32597659153384
car_22,-0.21021686494350433,-0.09078902751207352,1029.349584166682,367.7943344347629
car_22,-0.2092830389738083,-0.09227477759122849,1029.593798758412,375.3418563889613
car_22,-0.20795239508152008,-0.09386935085058212,1028.8440099673903,385.26405922806043
car_22,-0.20624123513698578,-0.09509102255105972,1027.9272464081791,397.3977900170539
car_22,-0.20422568917274475,-0.09617789834737778,1026.9719534884696,410.04147223579366
car_22,-0.2013074904680252,-0.09786751866340637,1025.959699386329,423.43905838766676
car_22,-0.19811396300792694,-0.09978950768709183,1025.0174469903507,435.91014408169457
car_22,-0.19438119232654572,-0.10202561318874359,1024.0476992157048,448.74514206187325
car_22,-0.19032885134220123,-0.1044236570596695,1023.0854460366314,461.18712238616706
car_22,-0.18573029339313507,-0.10715736448764801,1022.0980775712574,474.0237600674613
car_22,-0.1810767501592636,-0.10993051528930664,1021.1535621726911,486.741271935409
car_22,-0.17713890969753265,-0.11206135898828506,1020.2271020268505,499.2156772418683
car_22,-0.1728580743074417,-0.11441458761692047,1019.2362543525409,512.5570341710293
car_22,-0.16849537193775177,-0.1168915256857872,1018.2338733920557,526.056181713366
car_22,-0.16461306810379028,-0.11957839131355286,1017.2461171819281,539.3621463217523
car_22,-0.162605881690979,-0.12176275998353958,1016.5809596359916,548.1793645761064
car_22,-0.1616252362728119,-0.12295050173997879,1016.2252439239645,552.6650165484488
car_22,-0.16152453422546387,-0.12307734042406082,1016.1881410011633,553.134560433554
car_22,-0.16150344908237457,-0.1231040433049202,1016.1803558646419,553.2330826784978
car_22,-0.16150066256523132,-0.12310740351676941,1016.1793971448054,553.245215443325
car_22,-0.16149941086769104,-0.12310916185379028,1016.1788874697291,553.2516654692897
car_22,-0.1614992618560791,-0.12310928106307983,1016.1788691656789,553.2518971102021
car_22,-0.1614992618560791,-0.12310928106307983,1016.1788691656789,553.2518971102021
car_22,-0.1614992320537567,-0.12310931086540222,1016.1788591978063,553.2520232553478
car_22,-0.1614992320537567,-0.12310931086540222,1016.1788591978063,553.2520232553478
car_22,-0.1610512137413025,-0.12368961423635483,1015.8667746220642,555.2926546307718
car_22,-0.16006943583488464,-0.1250554770231247,1014.2417587785326,559.4574326649856
car_22,-0.159097358584404,-0.12661562860012054,1009.1174970853771,562.1581878255057
car_22,-0.15855617821216583,-0.1276637464761734,1002.2826045563663,561.9292458391739
car_22,-0.15803368389606476,-0.12875284254550934,994.579819059951,561.279010699866
car_22,-0.15752708911895752,-0.129855677485466,986.8951203799136,560.6303023697329
car_22,-0.15708094835281372,-0.13086557388305664,979.93602993363,560.0430205493395
car_22,-0.15659071505069733,-0.13201752305030823,972.070161471594,559.3805150084526
car_22,-0.15616846084594727,-0.13304579257965088,965.0929350458374,558.7928556559733
car_22,-0.15572497248649597,-0.13416260480880737,957.5462205128327,558.1572309671371
car_22,-0.15528905391693115,-0.1352969855070114,949.897225607716,557.5129916779457
car_22,-0.15489152073860168,-0.1363639384508133,942.7054990653106,556.9070235299587
car_22,-0.15446573495864868,-0.13754193484783173,934.7549436240248,556.2344503812773
car_22,-0.15410302579402924,-0.13857291638851166,927.8101010878736,555.660444322431
car_22,-0.15383659303188324,-0.13942323625087738,920.7339267577123,554.3879582724362
car_22,-0.15372246503829956,-0.1399424970149994,914.0071186637122,552.168818159722
car_22,-0.15362343192100525,-0.14043578505516052,907.2142340752986,549.8123258783344
car_22,-0.15337654948234558,-0.1412992775440216,899.3366464002439,548.0913839346774
car_22,-0.15310364961624146,-0.1422191709280014,891.7301590606348,546.7307829604227
car_22,-0.15283499658107758,-0.14313939213752747,884.1158080442956,545.368775380761
car_22,-0.15228158235549927,-0.14455899596214294,876.6962235366124,544.0416064184003
car_22,-0.15155887603759766,-0.14616844058036804,869.7288494550744,542.7958852056042
car_22,-0.15073950588703156,-0.1478622704744339,861.8984439703995,541.3959036189502
car_22,-0.14995087683200836,-0.14937642216682434,853.9893404499336,539.8168781792671
car_22,-0.14935901761054993,-0.15045443177223206,847.2208369328837,538.1511094009277
car_22,-0.14872664213180542,-0.15152862668037415,840.0507094566959,536.386498589031
car_22,-0.148199662566185,-0.15239454805850983,832.8734145023633,534.2251777602969
car_22,-0.14774185419082642,-0.15312492847442627,825.6983193755973,531.8013345629117
car_22,-0.14727815985679626,-0.15382221341133118,818.5165484109934,529.3752361781256
car_22,-0.14677974581718445,-0.15452700853347778,810.8957968478854,526.8008442698853
car_22,-0.14633804559707642,-0.15511539578437805,804.2314437552897,524.5495365696985
car_22,-0.14587624371051788,-0.15569689869880676,797.3415974181086,522.2195812117948
car_22,-0.14539340138435364,-0.15627385675907135,790.0569227195529,519.7127953711948
car_22,-0.14494477212429047,-0.1567860245704651,783.0754188256343,517.2371220153364
car_22,-0.14446289837360382,-0.15730728209018707,775.6703994186327,514.6046917310933
car_22,-0.14402608573436737,-0.1577557772397995,769.0696778542729,512.2581834522026
car_22,-0.14350692927837372,-0.1582511067390442,762.0403927339726,509.91488628586455
car_22,-0.14294511079788208,-0.1587538719177246,754.8815318302376,507.6069299569934
car_22,-0.14236994087696075,-0.15923625230789185,748.0370638311965,505.4940365940276
car_22,-0.14207053184509277,-0.1594703495502472,745.0051094890952,504.6950890155
car_22,-0.142024427652359,-0.15950575470924377,744.54998143669,504.5785318313475
car_22,-0.14198537170886993,-0.1595355123281479,744.1661204406223,504.4802259665009
car_22,-0.14198115468025208,-0.15953879058361053,744.1242201367187,504.469495400867
car_22,-0.14198081195354462,-0.15953901410102844,744.1210120508381,504.4686738178976
car_22,-0.14198070764541626,-0.15953916311264038,744.1200234490065,504.4684206393797
car_22,-0.14198052883148193,-0.1595391482114792,744.1197386962446,504.46834771489193
car_22,-0.14198052883148193,-0.1595391482114792,744.1197386962446,504.46834771489193
car_22,-0.14198052883148193,-0.1595391482114792,744.1197386962446,504.46834771489193
car_22,-0.14198052883148193,-0.1595391482114792,744.1197386962446,504.46834771489193
car_22,-0.14198052883148193,-0.1595391482114792,744.1197386962446,504.46834771489193
car_22,-0.14198052883148193,-0.1595391482114792,744.1197386962446,504.46834771489193
car_22,-0.14198052883148193,-0.1595391482114792,744.1197386962446,504.46834771489193
car_22,-0.14198052883148193,-0.1595391482114792,744.1197386962446,504.46834771489193
car_22,-0.14198052883148193,-0.1595391482114792,744.1197386962446,504.46834771489193
car_22,-0.14198052883148193,-0.1595391482114792,744.1197386962446,504.46834771489193
car_22,-0.14176183938980103,-0.1597045511007309,741.9745182498639,503.91949656927335
car_22,-0.14133447408676147,-0.16001945734024048,737.8250513164904,502.85871527767006
car_22,-0.1406940221786499,-0.16047339141368866,731.6966195089317,501.2920258901636
car_22,-0.13990527391433716,-0.16100703179836273,724.299792583235,499.40108043958065
car_22,-0.1391783207654953,-0.16147953271865845,717.5786976255995,497.6644792070517
car_22,-0.1383858323097229,-0.16198626160621643,709.8974976916192,495.496889371592
car_22,-0.1375737190246582,-0.16256192326545715,702.2838433275641,493.3012879267221
car_22,-0.13683262467384338,-0.16312891244888306,695.6479023813622,491.387636369549
car_22,-0.1359507292509079,-0.16380517184734344,687.9752604843435,489.17502428741994
car_22,-0.13505211472511292,-0.16449886560440063,680.3901883453118,486.9847990539689
car_22,-0.13410179316997528,-0.1652403324842453,672.6100468263081,484.73495726405787
car_22,-0.13325366377830505,-0.16591064631938934,665.8712561715305,482.78625070241657
car_22,-0.13226473331451416,-0.16670657694339752,658.1546538714581,480.52383785662903
car_22,-0.1312854290008545,-0.16751357913017273,650.5801329364327,478.2471346487556
car_22,-0.13030874729156494,-0.16833147406578064,643.2994934077626,476.0816637430937
car_22,-0.129349946975708,-0.1691475212574005,636.3903675517882,474.04853986136095
car_22,-0.12836068868637085,-0.17000538110733032,629.4157342944458,471.9938763720967
car_23,-0.14290665090084076,-0.13795876502990723,1689.3208076839364,1001.3959770062306
car_23,-0.1430208683013916,-0.1376669704914093,1689.4655190811025,999.9585104610474
car_23,-0.14329266548156738,-0.1369650512933731,1689.8030081515285,996.6061190281489
car_23,-0.14369626343250275,-0.1359081119298935,1690.2880684321012,991.7878535744605
car_23,-0.14429642260074615,-0.13432812690734863,1690.9691850514043,984.9821857058928
car_23,-0.14486946165561676,-0.13283708691596985,1691.5840110952095,978.874804284637
car_23,-0.1455395519733429,-0.1311500519514084,1692.2439705894267,972.1946949769563
car_23,-0.14617455005645752,-0.12965238094329834,1691.975931468785,965.8991390256418
car_23,-0.1469927877187729,-0.1278223991394043,1692.6546847027307,958.82261604878
car_23,-0.1478205919265747,-0.12612707912921906,1693.3109290923328,952.2074617600185
car_23,-0.14865541458129883,-0.12457261234521866,1693.9281098617791,945.9860813129906
car_23,-0.14959962666034698,-0.12298945337533951,1694.5831315279427,939.3832524693329
car_23,-0.15060022473335266,-0.12149550020694733,1695.2378147415677,932.783835336006
car_23,-0.15169622004032135,-0.12005157768726349,1695.9195975224582,925.9112458579518
car_23,-0.15290559828281403,-0.11866302788257599,1696.6411609157487,918.6376550259868
car_23,-0.15414994955062866,-0.1174306869506836,1697.3609827858133,911.3877779436042
car_23,-0.15526872873306274,-0.11647181957960129,1697.996518418522,904.9983197045186
car_23,-0.15642058849334717,-0.11561623960733414,1698.6433328522073,898.495468251711
car_23,-0.1576327681541443,-0.11491196602582932,1699.2608569842635,892.2851296131367
car_23,-0.15928858518600464,-0.11425792425870895,1699.8929882089662,885.9145603875609
car_23,-0.16062499582767487,-0.113752581179142,1699.8242195836563,880.5406854874575
car_23,-0.16095899045467377,-0.11365135759115219,1695.7147507206132,877.2156171848201
car_23,-0.16161015629768372,-0.1134403645992279,1690.4046535786597,872.0567209202708
car_23,-0.1608770787715912,-0.11375340074300766,1683.205052232878,871.4603332853551
car_23,-0.15991364419460297,-0.11417865008115768,1673.74523132085,870.6767176447814
car_23,-0.15881004929542542,-0.11468560993671417,1662.8983591921256,869.7782039487596
car_23,-0.15765298902988434,-0.11525911837816238,1651.1729470206024,868.8069153318582
car_23,-0.15686839818954468,-0.1159147098660469,1639.533914348803,867.8427820646868
car_23,-0.1563880741596222,-0.11637502908706665,1630.9204493119548,866.5471254173152
car_23,-0.15668319165706635,-0.11618801951408386,1627.4436381802086,863.1903697243603
car_23,-0.15765133500099182,-0.11551107466220856,1625.7685648876306,856.8219043187678
car_23,-0.1595386564731598,-0.11464716494083405,1625.7700539159046,848.8030183571279
car_23,-0.1613820195198059,-0.1139056608080864,1626.2730305100054,841.8477607556465
car_23,-0.16301816701889038,-0.1132727563381195,1626.7531329806432,835.7462860272663
car_23,-0.16489805281162262,-0.1125730648636818,1627.3034038321848,828.7829840511165
car_23,-0.16689926385879517,-0.11185819655656815,1627.8889058088253,821.4108904345851
car_23,-0.16877925395965576,-0.11121173948049545,1628.4367977463373,814.512347276358
car_23,-0.17066949605941772,-0.11058387160301208,1628.9856280516015,807.6019890684948
car_23,-0.1724192202091217,-0.11002001166343689,1629.4918613608052,801.2279724192788
car_23,-0.17440560460090637,-0.10939767211675644,1630.0635183112456,794.0217140991633
car_23,-0.1764393299818039,-0.10877706110477448,1630.6453085872874,786.6789363686637
car_23,-0.1784844845533371,-0.10816655308008194,1631.2275168288509,779.3308834934074
car_23,-0.18036597967147827,-0.10761447250843048,1631.7606931147266,772.6016631547764
car_23,-0.18256016075611115,-0.10690273344516754,1632.2856545881987,765.9761220010002
car_23,-0.18455521762371063,-0.1062694862484932,1632.7751724825803,759.7979144207683
car_23,-0.18667399883270264,-0.10560955107212067,1633.3174280757128,752.9541041037916
car_23,-0.18882404267787933,-0.10494574904441833,1633.8961350159848,745.6502411681207
car_23,-0.19050230085849762,-0.10442608594894409,1634.380416635864,739.6555518429367
car_23,-0.19217805564403534,-0.10389997065067291,1634.7649935663756,733.3117557671836
car_23,-0.19382549822330475,-0.10336771607398987,1634.4094545911084,726.3976040009718
car_23,-0.19526968896389008,-0.1028861403465271,1634.5591253652728,720.2245635775806
car_23,-0.19672782719135284,-0.10237966477870941,1635.1290518956437,713.8354906457338
car_23,-0.19815127551555634,-0.10185818374156952,1635.7170449059981,707.2438862434495
car_23,-0.19951391220092773,-0.10132643580436707,1636.3121412132825,700.5726514331673
car_23,-0.20074531435966492,-0.10081201046705246,1636.87953470801,694.2119747043417
car_23,-0.2019653469324112,-0.1002635806798935,1637.4730083440782,687.5734390157388
car_23,-0.20324555039405823,-0.09963887929916382,1638.1345413454753,680.2186384084904
car_23,-0.20427627861499786,-0.0990927591919899,1638.5989471563848,673.943696363437
car_23,-0.20540033280849457,-0.09844766557216644,1639.1310935834292,666.7534590521365
car_23,-0.20640070736408234,-0.09782528132200241,1639.6293935706317,660.0205468721123
car_23,-0.20735521614551544,-0.09722473472356796,1640.164007056116,652.7987393856135
car_23,-0.20815296471118927,-0.09670096635818481,1640.6573474738468,646.1170900386751
car_23,-0.20890115201473236,-0.09616220742464066,1641.1673793707828,639.5067763523349
car_23,-0.20966152846813202,-0.09555789083242416,1641.791054756486,632.4100477398633
car_23,-0.21025215089321136,-0.09503887593746185,1642.3039452324745,626.5739275410368
car_23,-0.21079541742801666,-0.09450459480285645,1642.5585029947256,620.9932202389792
car_23,-0.21122296154499054,-0.09399682283401489,1639.9661190962574,616.0387024164959
car_23,-0.21108928322792053,-0.09411562234163284,1633.574793770811,614.6750933477357
car_23,-0.2107822746038437,-0.09441272169351578,1624.9434455116195,613.961521363447
car_23,-0.21044115722179413,-0.0947023332118988,1614.3757367533483,613.0563114535953
car_23,-0.21007828414440155,-0.09497630596160889,1602.6941058301811,612.0529549963788
car_23,-0.20970211923122406,-0.09524233639240265,1590.9997678428406,611.0486387182913
car_23,-0.20931150019168854,-0.09550227969884872,1579.324981912512,610.0618362570773
car_23,-0.20888598263263702,-0.09576917439699173,1567.111254306584,609.0386038716896
car_23,-0.20846427977085114,-0.096018947660923,1555.4669210570617,608.0630737737878
car_23,-0.20804522931575775,-0.09625470638275146,1544.326266295345,607.1297404692953
car_23,-0.2075897604227066,-0.09649860858917236,1532.6728976468967,606.1534534106116
car_23,-0.207091823220253,-0.09675238281488419,1520.4418302363188,605.1287683442533
car_23,-0.20658588409423828,-0.09699833393096924,1508.5246652414412,604.1303811558205
car_23,-0.20598624646663666,-0.09732002764940262,1496.6784652057265,603.2448330635121
car_23,-0.20546238124370575,-0.09759663045406342,1487.0778611598548,602.6034186542754
car_23,-0.20544682443141937,-0.09757479280233383,1481.384859974647,600.2988224408033
car_23,-0.20554403960704803,-0.0975072830915451,1480.0993579037008,599.1344183910334
car_23,-0.20557698607444763,-0.09748425334692001,1479.662222919065,598.738462789008
car_23,-0.20558415353298187,-0.09747928380966187,1479.5675815740428,598.6527369330097
car_23,-0.20558778941631317,-0.09747671335935593,1479.519045003983,598.6087726485351
car_23,-0.2056974172592163,-0.09740092605352402,1478.2554978505457,597.3696212384552
car_23,-0.20601439476013184,-0.09719081968069077,1476.7021928413665,594.6513374723916
car_23,-0.20665250718593597,-0.09677840024232864,1475.2982067826708,589.5964549947532
car_23,-0.20751367509365082,-0.09623581171035767,1475.6999054572507,582.86968692612
car_23,-0.20829056203365326,-0.09570566564798355,1476.2045888791904,576.4528156395869
car_23,-0.20907296240329742,-0.09512192010879517,1476.748018876395,569.5432953468462
car_23,-0.209758460521698,-0.09455496072769165,1477.2575918139396,563.0642555980174
car_23,-0.2104758769273758,-0.09383058547973633,1477.779674325241,556.4261610414413
car_23,-0.21119411289691925,-0.09292253851890564,1478.281593744829,550.0444330676432
car_23,-0.2119198441505432,-0.09182164818048477,1478.810396487709,543.3208931423862
car_23,-0.21261875331401825,-0.09054704010486603,1479.3380170250791,536.6123845422388
car_23,-0.21332885324954987,-0.08900179713964462,1479.8788291757573,529.5838245359737
car_23,-0.2140178084373474,-0.08723925054073334,1480.4158322660357,522.5777427674699
car_23,-0.21460431814193726,-0.08552292734384537,1480.8847353944655,516.4601361488915
car_23,-0.21519361436367035,-0.08359205722808838,1481.3679244816026,510.1510069119653
car_23,-0.2158142477273941,-0.08132882416248322,1481.890835293249,503.293679070212
car_23,-0.21638894081115723,-0.07902078330516815,1482.3932724228289,496.7074460687465
car_23,-0.21697646379470825,-0.07645490765571594,1482.928553853185,489.6906712045389
car_23,-0.21752004325389862,-0.0739084929227829,1483.4482491826595,482.8965234222314
car_23,-0.21803085505962372,-0.07139576971530914,1483.9599571881197,476.2182117999497
car_23,-0.2185337096452713,-0.06886397302150726,1484.4843502919562,469.3743466998777
car_23,-0.21900911629199982,-0.06649704277515411,1484.994204804111,462.7202250565512
car_23,-0.21948789060115814,-0.0642366036772728,1485.5121395617034,455.9606479651157
car_23,-0.21993674337863922,-0.0623173825442791,1485.9897489166578,449.72735852647634
car_23,-0.22042982280254364,-0.0602719783782959,1486.5260355677726,442.7282704981519
car_23,-0.22079981863498688,-0.058419473469257355,1487.0073359879063,436.44680889252845
car_23,-0.22122566401958466,-0.05688289925456047,1487.5027665260843,429.9610349880359
car_23,-0.22171925008296967,-0.05571020767092705,1488.0009497007427,423.4373402316144
car_23,-0.2223232239484787,-0.05485020950436592,1488.5224787999791,416.60793124496587
car_23,-0.22300498187541962,-0.05433233082294464,1489.0250326872062,409.9963056696562
car_23,-0.2237381786108017,-0.054086387157440186,1489.4995576319232,403.7867266206788
car_23,-0.22457768023014069,-0.054036252200603485,1489.9830516428865,397.4686359639004
car_23,-0.22564348578453064,-0.05417976900935173,1490.5322310332554,390.2921971735419
car_23,-0.2267267256975174,-0.05446527898311615,1491.0469652596976,383.671933701204
car_23,-0.22782383859157562,-0.05484223738312721,1491.5245066525035,377.4463565118532
car_23,-0.2289748638868332,-0.055300865322351456,1491.997118311281,371.2850469235493
car_23,-0.23027098178863525,-0.055873844772577286,1492.5050072101444,364.6638375558968
car_23,-0.23155832290649414,-0.056491367518901825,1492.9924445105912,358.3092501115085
car_23,-0.2329438179731369,-0.05720625817775726,1493.5059888432559,351.6143123923444
car_23,-0.23434914648532867,-0.057986825704574585,1494.0220389098056,344.8867081023841
car_23,-0.23562771081924438,-0.058972254395484924,1494.4930135150605,338.74674033537843
car_23,-0.2368897795677185,-0.06002451479434967,1494.96328093055,332.61599200890663
car_23,-0.2381393313407898,-0.061144232749938965,1495.4380645445203,326.4263672317855
car_23,-0.23903600871562958,-0.062530517578125,1495.9441797657912,319.8282808162546
car_23,-0.23875753581523895,-0.06395979225635529,1496.3416782546724,314.64620118407686
car_23,-0.23844276368618011,-0.06589840352535248,1496.8922786008334,307.51854532574805
car_23,-0.2381414920091629,-0.0673319473862648,1497.3772148142323,301.2700766841811
car_23,-0.23785744607448578,-0.06885673105716705,1497.8984076458512,294.55443661730897
car_23,-0.23759715259075165,-0.07047318667173386,1498.471460038553,287.3785037153682
car_23,-0.23737391829490662,-0.07210741937160492,1499.0598016298022,280.09475051193607
car_23,-0.2372037172317505,-0.07357587665319443,1499.5883617422098,273.55685413920406
car_23,-0.23704199492931366,-0.07522541284561157,1500.1783764478057,266.2588100510813
car_23,-0.23691478371620178,-0.0767434760928154,1500.7154253556737,259.6159135776121
car_23,-0.2368011623620987,-0.0782991275191307,1501.2575830740427,252.90982490923523
car_23,-0.2368890792131424,-0.07996183633804321,1501.845295720599,245.64025558319128
car_23,-0.23746830224990845,-0.0813235342502594,1502.3578950317215,239.29978247865503
car_23,-0.23802830278873444,-0.08274941891431808,1502.869104223353,232.97650412068234
car_23,-0.23862197995185852,-0.08439356833696365,1503.4301715398415,226.03651775542426
car_23,-0.23913787305355072,-0.08594611287117004,1503.9356786336766,219.78377011595472
car_23,-0.2395300567150116,-0.08721300214529037,1504.32,214.8716842346171
car_23,-0.2400825470685959,-0.08914615213871002,1504.652387511846,207.64152135875426
car_23,-0.24048851430416107,-0.0909053310751915,1505.2247845126055,200.4613060404042
car_24,-0.2395809143781662,-0.09063617885112762,1404.1945342814772,191.15253220794062
car_24,-0.23960469663143158,-0.09065323323011398,1406.1478036865012,191.30716856257618
car_24,-0.2396584153175354,-0.09069197624921799,1410.5778224786175,191.65788411426496
car_24,-0.23972611129283905,-0.09074132144451141,1416.2205950501277,192.10461090896698
car_24,-0.2398049235343933,-0.09079960733652115,1422.8626153507578,192.6304461081786
car_24,-0.23987165093421936,-0.09084996581077576,1428.5645553301486,193.08185706587642
car_24,-0.23991958796977997,-0.09083402901887894,1434.2032407536178,193.75971949624412
car_24,-0.23995418846607208,-0.09074794501066208,1440.4710816224194,194.7559556028793
car_24,-0.23998543620109558,-0.09066981077194214,1446.2274162674746,195.66842686196054
car_24,-0.24001900851726532,-0.09058531373739243,1452.4709089301675,196.65812047122384
car_24,-0.24005034565925598,-0.09050452709197998,1458.41817001356,197.60303609619035
car_24,-0.2401677519083023,-0.09074687957763672,1464.542001250979,197.4196176288481
car_24,-0.24022544920444489,-0.09078391641378403,1470.556208033508,197.895414295195
car_24,-0.2402750700712204,-0.09080065041780472,1476.9533883851398,198.40150881362234
car_24,-0.24032142758369446,-0.0908166691660881,1483.0321404144584,198.88241179146826
car_24,-0.24037225544452667,-0.0908343568444252,1489.7827427265222,199.41646627147787
car_24,-0.2404112070798874,-0.09084826707839966,1495.040821034689,199.832444009005
car_24,-0.24043385684490204,-0.09084735810756683,1498.2492843693365,200.14095272324712
car_24,-0.24041584134101868,-0.09055066853761673,1500.169304872978,202.0625464229849
car_24,-0.24022293090820312,-0.08985412120819092,1498.7230501130994,204.4023715146593
car_24,-0.24015460908412933,-0.08967307955026627,1496.289210123757,204.78824343786368
car_24,-0.24010571837425232,-0.08963300287723541,1491.7366740961386,204.4284921542713
car_24,-0.24003754556179047,-0.08957789838314056,1485.4659453634954,203.93296555174865
car_24,-0.23997025191783905,-0.08952413499355316,1479.3431672379834,203.4491303275041
car_24,-0.23989784717559814,-0.08946715295314789,1472.829323725309,202.93439226709376
car_24,-0.2398216277360916,-0.0894080102443695,1466.0507721022539,202.3987363969376
car_24,-0.23982511460781097,-0.08959745615720749,1460.6123860613902,201.10682903275816
car_24,-0.23980188369750977,-0.08971209079027176,1454.5349954714313,200.0183326113876
car_24,-0.2397690862417221,-0.08979099243879318,1448.5553170513135,199.07139775882675
car_24,-0.23973587155342102,-0.08987043797969818,1442.5521820408296,198.12087329338235
car_24,-0.2397032082080841,-0.08994723856449127,1436.7716374818076,197.2055933575911
car_24,-0.23966145515441895,-0.09001945704221725,1430.192122210493,196.21920169621734
car_24,-0.23958200216293335,-0.08996149152517319,1423.5257021141056,195.6913741698824
car_24,-0.23951275646686554,-0.08991189301013947,1417.7870910423871,195.23700783190972
car_24,-0.23943684995174408,-0.0898582935333252,1411.5740515060763,194.74507764418433
car_24,-0.23936523497104645,-0.08980824798345566,1405.7661349104885,194.2852238987731
car_24,-0.23928241431713104,-0.08975141495466232,1399.1398473418951,193.7605739478932
car_24,-0.23919086158275604,-0.089645154774189,1393.1470895898683,193.48473523803398
car_24,-0.23909109830856323,-0.08951619267463684,1387.1245608191412,193.28961993173823
car_24,-0.23893027007579803,-0.08920635282993317,1380.523043957483,193.69135995236945
car_24,-0.23877905309200287,-0.088921457529068,1374.4081827899506,194.06338916874276
car_24,-0.23863191902637482,-0.08864959329366684,1368.5356610957624,194.42067440943214
car_24,-0.2384101301431656,-0.08817189186811447,1362.0237293624548,195.4826281382163
car_24,-0.23831996321678162,-0.08811364322900772,1355.7194086409968,195.00866694111969
car_24,-0.23823729157447815,-0.08806115388870239,1350.0023457902046,194.57885601106733
car_24,-0.23813816905021667,-0.08799894899129868,1343.223510866703,194.06922065823267
car_24,-0.23805122077465057,-0.08794549852609634,1337.350133791398,193.62765796613542
car_24,-0.23795805871486664,-0.08788902312517166,1331.1269798604753,193.15979891880343
car_24,-0.23786398768424988,-0.0878327339887619,1324.9086080570369,192.69229939360986
car_24,-0.2377682775259018,-0.08777663856744766,1318.6691725303315,192.2232162897984
car_24,-0.23766684532165527,-0.08771812915802002,1312.1353292871372,191.73199950340526
car_24,-0.2375720590353012,-0.08766428381204605,1306.0936796797866,191.27778601921628
car_24,-0.2374776154756546,-0.08761147409677505,1300.1423566280364,190.83036331936609
car_24,-0.23738236725330353,-0.08755923807621002,1294.2253119879297,190.38544505794707
car_24,-0.23727227747440338,-0.08749999105930328,1287.4517191441055,189.87552498347358
car_24,-0.23716405034065247,-0.08744266629219055,1280.868205122338,189.37991415511715
car_24,-0.23705287277698517,-0.08738499879837036,1274.1988978388429,188.87784475928873
car_24,-0.23694771528244019,-0.08733151108026505,1267.9670696609367,188.4087090492082
car_24,-0.2368362843990326,-0.08727585524320602,1261.450325578042,187.91812470133084
car_24,-0.2367517203092575,-0.08722482621669769,1256.7903075458687,187.61094775409066
car_24,-0.23660393059253693,-0.08700430393218994,1252.0576121489098,187.94824467320447
car_24,-0.23616985976696014,-0.08597654104232788,1248.621084358082,191.59279579949663
car_24,-0.23560607433319092,-0.08458233624696732,1247.8405440739698,197.14137020583027
car_24,-0.23486001789569855,-0.08286087960004807,1247.2837708189018,204.3736228003069
car_24,-0.23487398028373718,-0.08056096732616425,1246.6097711651487,213.12759343817183
car_24,-0.23510919511318207,-0.077767513692379,1245.7985926774734,223.68425893162242
car_24,-0.23539774119853973,-0.07499201595783234,1244.9860016636321,234.25930702084443
car_24,-0.23577110469341278,-0.07209658622741699,1244.1369428583564,245.30894643775395
car_24,-0.2362273782491684,-0.06915220618247986,1243.276821541503,256.5025532256156
car_24,-0.23662640154361725,-0.06579723209142685,1242.6411070201186,267.3634658839386
car_24,-0.23404861986637115,-0.06348565220832825,1241.6473431859529,278.6557375792637
car_24,-0.2315043956041336,-0.061677221208810806,1240.641792382897,289.764178387891
car_24,-0.22903798520565033,-0.06046091020107269,1239.4976999174003,300.8340678374799
car_24,-0.22669456899166107,-0.05959648638963699,1238.5788483809818,312.1164806525506
car_24,-0.2247302234172821,-0.059228505939245224,1237.811351259956,322.62680118762427
car_24,-0.22300191223621368,-0.05942673981189728,1237.0338604512397,333.27397808095066
car_24,-0.22158773243427277,-0.06034407392144203,1236.2726811990428,343.69777995077936
car_24,-0.220343217253685,-0.0623515322804451,1235.4430994043496,355.0583053956634
car_24,-0.21939335763454437,-0.06530538201332092,1234.6642534103198,365.7240405762305
car_24,-0.21828915178775787,-0.06881111115217209,1233.7952485373467,377.0942164205965
car_24,-0.21724964678287506,-0.07235315442085266,1232.9558618765843,387.6356047447159
car_24,-0.21614976227283478,-0.07641338557004929,1232.1076833572429,398.8531749291293
car_24,-0.21507102251052856,-0.08032704144716263,1231.3183326062526,409.55953878245583
car_24,-0.21388329565525055,-0.08424670249223709,1230.4817883437977,420.90601212401634
car_24,-0.21273095905780792,-0.08749093115329742,1229.6967254302358,431.55421786753556
car_24,-0.21146641671657562,-0.09032666683197021,1228.858214286016,442.9273690222319
car_24,-0.21029411256313324,-0.09228929132223129,1228.1063435664626,453.12537223449004
car_24,-0.20894797146320343,-0.09391346573829651,1227.2909242851586,464.18531676194584
car_24,-0.20758557319641113,-0.09489438682794571,1225.9505377427051,475.2104109265311
car_24,-0.20619629323482513,-0.0957520380616188,1225.6808436229426,485.6475469906074
car_24,-0.20453980565071106,-0.09674394875764847,1225.7869376972108,496.06726441796917
car_24,-0.20229150354862213,-0.09806632995605469,1224.9435119147047,507.3044220657009
car_24,-0.19990067183971405,-0.09939289838075638,1224.1427767342789,517.9728029038992
car_24,-0.19712133705615997,-0.10083875060081482,1223.3049717043298,529.1085573788963
car_24,-0.1941550076007843,-0.10229509323835373,1220.4798738800152,538.9223852392266
car_24,-0.19065289199352264,-0.10396084189414978,1219.2510845955958,550.245799560071
car_24,-0.187142476439476,-0.10561756789684296,1218.4639874566924,560.8174528752514
car_24,-0.18499115109443665,-0.10664594918489456,1217.9181489117323,566.8946135770683
car_24,-0.18441127240657806,-0.10692641884088516,1217.7643674152673,568.4904179502286
car_24,-0.18415696918964386,-0.10704994946718216,1217.6973676876905,569.1853008390942
car_24,-0.1840086132287979,-0.10712215304374695,1217.6584052513595,569.5893969644709
car_24,-0.18318574130535126,-0.1075248047709465,1217.4455594155866,571.8153851336381
car_24,-0.1817755252122879,-0.10822448879480362,1217.0889247321513,575.5717635876312
car_24,-0.17981979250907898,-0.10907391458749771,1216.4997451881848,581.7775014120392
car_24,-0.17718227207660675,-0.11021848767995834,1215.6788453297272,590.2915204048722
car_24,-0.17383737862110138,-0.11171920597553253,1214.9237354954344,601.1933259515474
car_24,-0.17073413729667664,-0.11316771805286407,1214.794655474063,611.5576711815521
car_24,-0.16768793761730194,-0.11463932693004608,1215.836758419435,622.3045342537833
car_24,-0.16452175378799438,-0.11626332998275757,1215.0915375901432,632.7230136907444
car_24,-0.16175781190395355,-0.11809847503900528,1214.3424128860502,643.2950981906221
car_24,-0.1596544235944748,-0.1202721893787384,1213.5338098957698,653.4784514549455
car_24,-0.15747766196727753,-0.12298860400915146,1211.9313396288935,664.3529816601924
car_24,-0.15556763112545013,-0.12581579387187958,1210.3093879041714,674.6441151728384
car_24,-0.15377841889858246,-0.12888334691524506,1208.7656528875925,685.3065124612967
car_24,-0.15224742889404297,-0.13182732462882996,1208.0199384547113,695.774569328954
car_24,-0.15083160996437073,-0.13481569290161133,1207.2687194329012,706.5782849978792
car_24,-0.14961853623390198,-0.1375494748353958,1206.5507513038067,716.9038003281471
car_24,-0.1486121267080307,-0.139806866645813,1208.8025280600862,727.6727117261055
car_24,-0.1475938856601715,-0.1422806680202484,1208.2695463642287,738.5065522471563
car_24,-0.14618375897407532,-0.14545240998268127,1207.498113783714,749.6490089314906
car_24,-0.1436222791671753,-0.14976757764816284,1206.7452651185345,760.5230423253387
car_24,-0.14121589064598083,-0.15287242829799652,1205.9919896924644,771.4032397895913
car_24,-0.1389860063791275,-0.155074805021286,1205.239880517682,782.2665920948713
car_24,-0.13696333765983582,-0.15663690865039825,1204.5011301507861,792.927064873914
car_24,-0.13585761189460754,-0.1573535054922104,1204.0130646079908,799.0923456305127
car_24,-0.13556477427482605,-0.15752923488616943,1203.878450692698,800.7703458552442
car_24,-0.13554564118385315,-0.15754055976867676,1203.8696491450328,800.8807652714065
car_24,-0.13554538786411285,-0.15754061937332153,1203.8695745673242,800.881700882662
car_24,-0.13554537296295166,-0.1575406789779663,1203.869563736973,800.8818367543378
car_24,-0.13554537296295166,-0.1575406789779663,1203.869563736973,800.8818367543378
car_24,-0.13515879213809967,-0.15776410698890686,1203.671227959823,803.1186227047027
car_24,-0.13436245918273926,-0.15819621086120605,1203.220973436606,807.8141341611076
car_24,-0.13335198163986206,-0.15869295597076416,1202.630322480764,813.9737798434604
car_24,-0.13197359442710876,-0.15928468108177185,1201.7926240601075,822.7097776588791
car_24,-0.13032588362693787,-0.15986976027488708,1200.877765045289,833.6094231212503
car_24,-0.12899348139762878,-0.1604052633047104,1199.5825052417113,842.2060537930139
car_24,-0.12761160731315613,-0.16107292473316193,1198.1266038571405,850.8032748503769
car_24,-0.1266784518957138,-0.16143843531608582,1197.476787592951,856.5807509524285
car_24,-0.12572288513183594,-0.16176116466522217,1197.0016747092948,862.3773455725343
car_24,-0.12471061199903488,-0.1620686650276184,1196.4978921942056,868.2218241017828
car_24,-0.12358275800943375,-0.16239720582962036,1195.8677411247781,874.3192858783374
car_24,-0.12241074442863464,-0.16274933516979218,1195.2523387344224,880.2740366269219
car_24,-0.12120119482278824,-0.16314704716205597,1194.6572595824168,886.0321358501373
car_24,-0.11972934752702713,-0.16369830071926117,1194.0869356445967,892.6243975758365
car_24,-0.1182127296924591,-0.1643567979335785,1193.5617249790077,898.9242321748768
car_24,-0.11650468409061432,-0.16521087288856506,1193.015030796149,905.4817588092698
car_24,-0.114577516913414,-0.1663072407245636,1192.446210172554,912.3046892635701
car_24,-0.11244763433933258,-0.16755139827728271,1191.9067529064828,918.7754100089069
car_24,-0.11000240594148636,-0.16906532645225525,1191.3709783918434,925.2019566229649
car_24,-0.10777084529399872,-0.1706937849521637,1190.8357596463734,931.621836857091
car_24,-0.10572341084480286,-0.1721835881471634,1190.6377735890003,937.3665834938096
car_24,-0.10509695112705231,-0.17260245978832245,1193.2145907038196,941.0849253425291
car_24,-0.10589331388473511,-0.17196780443191528,1197.6690676594872,942.2399867473333
car_24,-0.10737292468547821,-0.17080728709697723,1203.9611417423625,942.7669262422129
car_24,-0.10871322453022003,-0.16974936425685883,1209.9034165152216,943.2681793523044
car_24,-0.11002054810523987,-0.16873234510421753,1215.8713962292818,943.7716007703611
car_24,-0.1114356517791748,-0.1677805483341217,1221.6830596348661,944.2618363229411
car_24,-0.11274608969688416,-0.166926771402359,1227.5280001330857,944.7548789227909
car_24,-0.11403775215148926,-0.16612447798252106,1233.8825662296488,945.2909103486235
car_24,-0.11504515260457993,-0.16546526551246643,1239.5739543800398,945.7710002334182
car_24,-0.11614479124546051,-0.16478820145130157,1246.1691406084824,946.3273288676543
car_24,-0.11715712398290634,-0.16421101987361908,1252.644793926392,946.8735744536548
car_24,-0.11800764501094818,-0.1637638807296753,1258.4318939917703,947.3612748458225
car_24,-0.11887305974960327,-0.16334721446037292,1264.6924109667027,947.8885082978352
car_24,-0.11962923407554626,-0.1630161851644516,1270.5270852952412,948.3889303728231
car_24,-0.12042662501335144,-0.16270112991333008,1277.066393362885,948.938057307411
car_24,-0.12116092443466187,-0.16244111955165863,1283.5008797315772,949.4783820235334
car_24,-0.12179603427648544,-0.16223742067813873,1289.4255955259473,949.9758996490701
car_24,-0.12245460599660873,-0.16204363107681274,1295.9670894822316,950.5252101398257
car_24,-0.12308454513549805,-0.16186976432800293,1302.6445036609894,951.0859342930581
car_24,-0.12362197786569595,-0.16172462701797485,1308.7075424892819,951.5950608197107
car_24,-0.12404324114322662,-0.16160954535007477,1313.5796493711214,951.9225186387582
car_24,-0.12459049373865128,-0.16146153211593628,1317.6809194661566,950.6467477060573
car_24,-0.1251521110534668,-0.16130347549915314,1318.8524618974905,947.1163540676321
car_24,-0.1259051263332367,-0.16105204820632935,1319.2803236498119,941.3884067856895
car_24,-0.12673808634281158,-0.16069498658180237,1319.7754830476977,934.7810072263057
car_24,-0.12742340564727783,-0.16032621264457703,1320.1960909325946,929.1684219351704
car_24,-0.1281234174966812,-0.15987364947795868,1320.6342934051604,923.321054730764
car_24,-0.12880435585975647,-0.15963003039360046,1321.062758486108,917.6036231336853
car_24,-0.1294846534729004,-0.15936514735221863,1321.4867779783676,911.9455134052042
car_24,-0.13030171394348145,-0.15900909900665283,1321.985837513613,905.286070471545
car_24,-0.1311628222465515,-0.1585930585861206,1322.4951772982934,898.4894480440141
car_24,-0.13200750946998596,-0.15814875066280365,1322.975201496322,892.0840123639302
car_24,-0.1328336000442505,-0.15768200159072876,1323.4241146105767,886.0937225178869
car_24,-0.13381671905517578,-0.15708571672439575,1323.9316994108665,879.3205185756748
car_24,-0.13485920429229736,-0.15640094876289368,1324.4370535227765,872.5409431180196
car_24,-0.13543790578842163,-0.1559945046901703,1324.7030927807698,868.944486482187
car_24,-0.13559377193450928,-0.15588165819644928,1324.76788981889,867.9932243187278
car_24,-0.13562798500061035,-0.15585696697235107,1324.7578874169626,867.7715044093371
car_24,-0.13563638925552368,-0.15585088729858398,1324.7554352704037,867.7171484939496
car_24,-0.13563722372055054,-0.1558503359556198,1324.7552177585233,867.7123269806
car_24,-0.13563743233680725,-0.15585017204284668,1324.7551160264552,867.7100719197581
car_24,-0.13592253625392914,-0.1556444764137268,1324.486219397829,865.7804498063663
car_24,-0.13642895221710205,-0.1552836298942566,1322.8681957427737,861.7911281300567
car_24,-0.13655832409858704,-0.15526273846626282,1317.7479300826046,858.1893491930437
car_24,-0.13740386068820953,-0.15467363595962524,1311.57619223395,849.8266254116478
car_24,-0.13667044043540955,-0.15541398525238037,1302.4539967374203,849.077357764522
car_24,-0.13581858575344086,-0.15620648860931396,1291.4900759094971,848.1801168009985
car_24,-0.1350560486316681,-0.15685929358005524,1281.3388947091412,847.34938701518
car_24,-0.13427312672138214,-0.157477006316185,1270.5969350150287,846.4628482997637
car_24,-0.1334698498249054,-0.15805616974830627,1259.2882978658863,845.5176487768503
car_24,-0.13269749283790588,-0.15855708718299866,1248.5581452189986,844.7742515421423
car_24,-0.13196420669555664,-0.15898244082927704,1238.557891992547,844.2123788602237
car_24,-0.13119158148765564,-0.15938527882099152,1227.4647910634587,843.2804576339396
car_24,-0.13046976923942566,-0.15971575677394867,1217.2455580234102,842.4219492468579
car_24,-0.13002169132232666,-0.15990005433559418,1211.0181368869216,841.8993815546002
car_24,-0.12977395951747894,-0.15999573469161987,1207.621024376409,841.615281398027
car_24,-0.12941387295722961,-0.16014766693115234,1202.3110037259862,840.9362250163828
car_24,-0.12923377752304077,-0.16030219197273254,1196.4642141100178,838.5962851902162
car_24,-0.12957753241062164,-0.16015145182609558,1191.8695649725398,833.3730464436844
car_24,-0.13057199120521545,-0.15984733402729034,1192.4127459034721,826.785573748149
car_24,-0.1309758722782135,-0.15971426665782928,1192.6307310520863,824.1282309840902
car_24,-0.13098786771297455,-0.1597101092338562,1192.6372223568123,824.0490988883823
car_24,-0.13098950684070587,-0.1597096025943756,1192.6380810619685,824.0386308636212
car_24,-0.13098958134651184,-0.1597096025943756,1192.6380935998354,824.0384780210533
car_24,-0.1313154697418213,-0.15959665179252625,1192.7981688288778,821.8961294707541
car_24,-0.13203297555446625,-0.15933102369308472,1193.1182961953027,817.2115990087382
car_24,-0.13314451277256012,-0.15887027978897095,1193.6031214871784,810.1169889042884
car_24,-0.13468343019485474,-0.15812677145004272,1194.2542994016492,800.698415164504
car_24,-0.13661541044712067,-0.15699410438537598,1195.1025088206454,789.6475932077402
car_24,-0.13864003121852875,-0.15551450848579407,1195.8486256581152,778.8727882901604
car_24,-0.1408422291278839,-0.15345945954322815,1196.5991251809824,768.0346922393423
car_24,-0.14333023130893707,-0.15040969848632812,1197.384626341035,756.6911313691724
car_24,-0.14589837193489075,-0.14626099169254303,1198.1433850173712,745.7337634256114
car_24,-0.1475098729133606,-0.14285841584205627,1198.8500952035208,735.5350999375462
car_24,-0.1485307812690735,-0.14031128585338593,1200.5807835945457,724.9654181421183
car_24,-0.14973880350589752,-0.13738733530044556,1203.5134386256025,714.4605784494426
car_24,-0.15090061724185944,-0.13477692008018494,1204.193461002232,704.6347044611424
car_24,-0.15188480913639069,-0.1326790153980255,1204.7198917982998,697.0281273197219
car_24,-0.15287944674491882,-0.1306801438331604,1205.2129803344283,689.9033238020936
car_24,-0.1540839672088623,-0.12843048572540283,1205.8763102004377,681.960626440519
car_24,-0.15560176968574524,-0.1258590966463089,1207.0098106033254,672.9200735061289
car_24,-0.15765124559402466,-0.12286032736301422,1207.9362831531573,661.5478641774871
car_24,-0.1595267653465271,-0.12059813737869263,1205.5790115287748,650.459332832767
car_24,-0.16164277493953705,-0.11836349964141846,1206.3270845768438,640.1632346149603
car_24,-0.16449733078479767,-0.11637768149375916,1207.1345136499933,629.011907312715
car_24,-0.16786496341228485,-0.11463434994220734,1208.5324758837025,618.242546913636
car_24,-0.17142076790332794,-0.11287660896778107,1211.296280010849,607.6034799023598
car_24,-0.17407561838626862,-0.11163730919361115,1211.8550581436714,598.954052333667
car_24,-0.17551343142986298,-0.11098461598157883,1212.143272216388,594.2565372523787
car_24,-0.17573989927768707,-0.11088278889656067,1212.1886831342372,593.5163982666556
car_24,-0.17581963539123535,-0.11084701865911484,1212.2047180323577,593.2550502518333
car_24,-0.17583487927913666,-0.11084024608135223,1212.2077686551977,593.2053290613866
car_24,-0.1758352369070053,-0.11084014922380447,1212.207799819484,593.2048211239947
car_24,-0.1758352369070053,-0.11084014922380447,1212.207799819484,593.2048211239947
car_24,-0.1758352369070053,-0.11084014922380447,1212.207799819484,593.2048211239947
car_24,-0.17605257034301758,-0.11074283719062805,1212.2574823401637,592.497018172954
car_24,-0.17696483433246613,-0.1103367954492569,1212.540889384761,589.5594814945268
car_24,-0.17730887234210968,-0.11018487811088562,1212.6487049205687,588.4515839196755
car_24,-0.177363783121109,-0.11016065627336502,1212.6659249084473,588.2746336994031
car_24,-0.17737111449241638,-0.11015738546848297,1212.668234251257,588.2509032112224
car_24,-0.17776963114738464,-0.10998228937387466,1212.7899087846931,586.9656538121584
car_24,-0.1787300556898117,-0.10956326127052307,1213.083600702405,583.8658274378969
car_24,-0.18019618093967438,-0.10893074423074722,1213.5366245687103,579.1287735315303
car_24,-0.1825411468744278,-0.107857845723629,1214.2076491261332,572.1121906593477
car_24,-0.18600668013095856,-0.10616739839315414,1215.118606390448,562.6436543513507
car_24,-0.18970583379268646,-0.10441000759601593,1215.9241188430274,551.75431934426
car_24,-0.19310913980007172,-0.10279377549886703,1216.5267341786355,540.7953454010644
car_24,-0.1957981139421463,-0.10147939622402191,1214.5351204716055,530.2357353572901
car_24,-0.1986718624830246,-0.10001406073570251,1215.4584485039993,519.3376535622588
car_24,-0.20137448608875275,-0.09854798763990402,1216.4280584220478,507.9144367152486
car_24,-0.20373447239398956,-0.09718544036149979,1217.3788565369796,496.71284642370915
car_24,-0.20579251646995544,-0.09596063941717148,1219.1708342269528,485.6367064344787
car_24,-0.20737813413143158,-0.09500376135110855,1220.5455751184966,474.5090764862168
car_24,-0.2086043506860733,-0.094175785779953,1220.7665843973607,464.3159104300827
car_24,-0.2098989337682724,-0.09278083592653275,1221.545188009932,453.7525297543391
car_24,-0.21114949882030487,-0.09085875749588013,1222.3349510344328,443.0377483986793
car_24,-0.21235303580760956,-0.08834661543369293,1223.1243179921735,432.3283405140538
car_24,-0.21358643472194672,-0.0850575640797615,1223.9549497144699,421.05909009921476
car_24,-0.21478186547756195,-0.0812469944357872,1224.7858704907428,409.78591806477084
car_24,-0.21582700312137604,-0.07754019647836685,1225.539196926703,399.56547496938504
car_24,-0.2165823131799698,-0.07475998997688293,1226.0985274207774,391.97699112849
car_24,-0.21698497235774994,-0.0732927992939949,1227.8844985152277,388.46123814009684
car_24,-0.21710465848445892,-0.07287187874317169,1231.1198938495927,388.45647517956485
car_24,-0.2169148176908493,-0.07357385009527206,1232.6521588804167,391.04980755906104
car_24,-0.21650530397891998,-0.07509098947048187,1232.3735860958786,395.2466014687781
car_24,-0.21591751277446747,-0.07727277278900146,1231.9353991743324,401.18995252273976
car_24,-0.2150898426771164,-0.08026092499494553,1231.3318860318911,409.37570680894476
car_24,-0.21409739553928375,-0.08357943594455719,1230.6303143948421,418.8914781007261
car_24,-0.21294517815113068,-0.08693399280309677,1229.841070921795,429.5963868889973
car_24,-0.21171283721923828,-0.0898347720503807,1229.0197566422162,440.7362882624637
car_24,-0.21055364608764648,-0.09190525859594345,1228.270062475702,450.90476978395014
car_24,-0.20933300256729126,-0.09350313991308212,1227.517837735818,461.10757475318076
car_24,-0.20815341174602509,-0.09451828896999359,1226.3247082404182,470.6629261859125
car_24,-0.20746144652366638,-0.09497152268886566,1225.2995871976332,475.92343123318517
car_24,-0.20670835673809052,-0.09541989862918854,1220.5098241019516,479.64282236197477
car_24,-0.20624516904354095,-0.09567232429981232,1214.6061844215849,480.4457513098377
car_24,-0.20583324134349823,-0.09588494896888733,1207.7759725677308,480.35267957689365
car_24,-0.20550543069839478,-0.09604784846305847,1201.4806864675736,479.82752876750226
car_24,-0.20517779886722565,-0.0962112694978714,1195.463441224414,479.3255720399641
car_24,-0.2048085778951645,-0.0964076966047287,1189.6365181678757,478.8446997831492
car_24,-0.20443378388881683,-0.09660669416189194,1183.8987359140676,478.37789715911055
car_24,-0.20403055846691132,-0.09681984037160873,1177.7414957735193,477.82198014273666
car_24,-0.20359595119953156,-0.0970492959022522,1171.274693561065,477.23200771867016
car_24,-0.20318804681301117,-0.09726458787918091,1165.3753425361415,476.69380439804127
car_24,-0.20274768769741058,-0.09749704599380493,1159.1792964681918,476.12853331068743
car_24,-0.20226429402828217,-0.09775242954492569,1152.5728495482886,475.5258209691385
car_24,-0.2018231749534607,-0.09798558056354523,1146.7108462906465,474.9910249203068
car_24,-0.2013789266347885,-0.09822135418653488,1141.0519887056616,474.50846882578657
car_24,-0.20088373124599457,-0.09848430752754211,1134.9161391901239,473.9860350182181
car_25,-0.08794819563627243,-0.18350179493427277,711.2179110094675,629.0779717208933
car_25,-0.08806904405355453,-0.18356187641620636,712.7830098393192,629.2809761716272
car_25,-0.08841075003147125,-0.18369239568710327,716.7026541261058,629.7893819159384
car_25,-0.08904048800468445,-0.18382781744003296,722.2424764626815,630.291685025322
car_25,-0.09000535309314728,-0.18390102684497833,729.1280944895344,630.8912490439867
car_25,-0.09116071462631226,-0.18386122584342957,735.9763128847827,631.48755649609
car_25,-0.09249597787857056,-0.18370193243026733,742.7585874720249,632.0756052816748
car_25,-0.09391413629055023,-0.18343661725521088,749.1070873952971,632.6238848205029
car_25,-0.09562872350215912,-0.1830136775970459,756.0013055791449,633.2233016027235
car_25,-0.09757667779922485,-0.18242335319519043,763.1097749255342,633.8421417532691
car_25,-0.09953707456588745,-0.18173064291477203,769.7151482204972,634.4171840028837
car_25,-0.10177482664585114,-0.18083696067333221,776.777225273,635.0319853916743
car_25,-0.10382439196109772,-0.17993450164794922,782.9238784840829,635.56709296732
car_25,-0.10621240735054016,-0.17879465222358704,789.8163487329817,636.167128941116
car_25,-0.10862727463245392,-0.17755770683288574,796.5922551331275,636.7570172465187
car_25,-0.11053819209337234,-0.17638187110424042,802.9702193376968,637.3122620026257
car_25,-0.111966572701931,-0.17527447640895844,809.2466911922044,637.856067684575
car_25,-0.11333776265382767,-0.17418967187404633,815.3427805372396,638.3810821095301
car_25,-0.1146739199757576,-0.1731136590242386,821.4322033988599,638.9085262823338
car_25,-0.11621752381324768,-0.17192578315734863,827.48150217083,639.4347150936397
car_25,-0.11773748695850372,-0.17075985670089722,833.5866143013576,639.9657587428204
car_25,-0.11921120434999466,-0.16965548694133759,840.1964460685755,640.5407046417798
car_25,-0.12053979188203812,-0.16870063543319702,846.4539911732421,641.0850074352827
car_25,-0.12196186929941177,-0.167720764875412,853.4295912759989,641.6917691219797
car_25,-0.12325422465801239,-0.16686926782131195,860.0622731301431,642.2687026000837
car_25,-0.12441696226596832,-0.16613516211509705,866.3047882376135,642.8116980327409
car_25,-0.1256561577320099,-0.16538506746292114,873.282532851082,643.4186462563547
car_25,-0.1268497109413147,-0.16469135880470276,880.3560115163588,644.0339217570335
car_25,-0.12792211771011353,-0.16408881545066833,886.9961396632916,644.5874671803148
car_25,-0.12888965010643005,-0.16355714201927185,893.271069839537,645.1117860784037
car_25,-0.12988902628421783,-0.1630145162343979,900.0492797686552,645.677422511988
car_25,-0.13082173466682434,-0.16250786185264587,906.6594498046021,646.2290361450293
car_25,-0.13177350163459778,-0.16198351979255676,913.7109599604651,646.8276382461418
car_25,-0.13269397616386414,-0.1614624559879303,920.8198411245993,647.4376958631135
car_25,-0.13349707424640656,-0.1610136330127716,927.2598925660509,647.9903570125739
car_25,-0.13423201441764832,-0.16071833670139313,933.4241959576478,648.5193544948137
car_25,-0.1349308043718338,-0.160424143075943,939.3929092961616,649.0315671695806
car_25,-0.13566401600837708,-0.1600969433784485,945.761462916761,649.5780926432292
car_25,-0.13642919063568115,-0.15973033010959625,952.5052964710671,650.1568232384388
car_25,-0.13709762692451477,-0.1593845784664154,958.4692186038023,650.6686247498297
car_25,-0.13776323199272156,-0.15901291370391846,964.4599289946309,651.1827251294275
car_25,-0.13842988014221191,-0.15860891342163086,970.5031948836418,651.7013356254894
car_25,-0.13922011852264404,-0.15808337926864624,977.7157036211064,652.3258206428231
car_25,-0.13994348049163818,-0.157552108168602,984.349549669143,652.9052667874272
car_25,-0.1406920999288559,-0.1569475382566452,991.0918270004288,653.4316210967381
car_25,-0.14096125960350037,-0.15671470761299133,993.5305577189482,653.6299354628595
car_25,-0.14101634919643402,-0.156666100025177,994.0282774042653,653.6704093713358
car_25,-0.14102473855018616,-0.15665872395038605,994.1045739872136,653.6766137088504
car_25,-0.14102664589881897,-0.15665684640407562,994.1236001364163,653.678160890214
car_25,-0.14102764427661896,-0.15665599703788757,994.1320300132068,653.6788463966783
car_25,-0.14102774858474731,-0.156655952334404,994.1322579208583,653.678864929828
car_25,-0.14102774858474731,-0.156655952334404,994.1322579208583,653.678864929828
car_25,-0.14102774858474731,-0.156655952334404,994.1322579208583,653.678864929828
car_25,-0.14102774858474731,-0.156655952334404,994.1322579208583,653.678864929828
car_25,-0.14102774858474731,-0.156655952334404,994.1322579208583,653.678864929828
car_25,-0.14102774858474731,-0.156655952334404,994.1322579208583,653.678864929828
car_25,-0.14102774858474731,-0.156655952334404,994.1322579208583,653.678864929828
car_25,-0.14102774858474731,-0.156655952334404,994.1322579208583,653.678864929828
car_25,-0.14102774858474731,-0.156655952334404,994.1322579208583,653.678864929828
car_25,-0.14102774858474731,-0.156655952334404,994.1322579208583,653.678864929828
car_25,-0.14102774858474731,-0.156655952334404,994.1322579208583,653.678864929828
car_25,-0.14102774858474731,-0.156655952334404,994.1322579208583,653.678864929828
car_25,-0.14102774858474731,-0.156655952334404,994.1322579208583,653.678864929828
car_25,-0.14102774858474731,-0.156655952334404,994.1322579208583,653.678864929828
car_25,-0.1412760615348816,-0.15643450617790222,996.1876542172996,653.7521461320498
car_25,-0.14191967248916626,-0.15584123134613037,1000.4990011639504,653.3744144042942
car_25,-0.14347267150878906,-0.1542995572090149,1004.9352635612446,649.1883147407641
car_25,-0.1450285017490387,-0.15251992642879486,1005.5319391856535,643.0102383883365
car_25,-0.14726883172988892,-0.1493626832962036,1006.342044272542,634.3790858140961
car_25,-0.15009091794490814,-0.14427463710308075,1007.3599151451389,623.8645313687431
car_25,-0.15151315927505493,-0.14096206426620483,1008.4013051859573,612.5317635178953
car_25,-0.1530144065618515,-0.1376146823167801,1009.2430650928192,600.6360592785633
car_25,-0.1546298712491989,-0.13427908718585968,1010.0969452161013,589.3474639347628
car_25,-0.15639489889144897,-0.13095378875732422,1010.9944844070036,578.3802727253802
car_25,-0.157530277967453,-0.12899556756019592,1011.4947160832942,571.8962313633855
car_25,-0.15789493918418884,-0.1283959001302719,1011.6571393872324,569.899996563369
car_25,-0.1579698920249939,-0.1282743364572525,1011.6902182173221,569.4934470709763
car_25,-0.15798021852970123,-0.12825746834278107,1011.6947553643832,569.4376840699988
car_25,-0.1579887717962265,-0.12824387848377228,1011.6984739228127,569.3919817873663
car_25,-0.15798944234848022,-0.1282428354024887,1011.6987691324616,569.3883535655528
car_25,-0.1582842767238617,-0.12776853144168854,1011.9024547329392,567.8425553115657
car_25,-0.15899944305419922,-0.1266435980796814,1012.7882251799863,564.3687479126746
car_25,-0.16008691489696503,-0.12494330108165741,1017.1140265826424,560.6911396710582
car_25,-0.16073638200759888,-0.12386423349380493,1023.9403060856556,560.5670668440183
car_25,-0.16128495335578918,-0.12295529991388321,1031.109813339548,561.1706538128349
car_25,-0.16182063519954681,-0.12211185693740845,1037.9248425668682,561.72152011633
car_25,-0.16231349110603333,-0.12137141078710556,1044.1003782081723,562.2206954503389
car_25,-0.16280877590179443,-0.12066080421209335,1050.2228212964842,562.7155792549303
car_25,-0.16331468522548676,-0.11996801197528839,1056.4030722368202,563.215135731743
car_25,-0.16385695338249207,-0.11926121264696121,1062.955097497359,563.7447431355104
car_25,-0.16442924737930298,-0.11855417490005493,1069.8004674078927,564.2980619097801
car_25,-0.16509579122066498,-0.11791928112506866,1076.598759659996,564.8475753451713
car_25,-0.16586650907993317,-0.11737646907567978,1083.094209827628,565.3726097219919
car_25,-0.1667073518037796,-0.1167965903878212,1090.1504230125106,565.9429711898853
car_25,-0.1674974113702774,-0.11626289039850235,1096.7609624032768,566.4773083551174
car_25,-0.1682550460100174,-0.11576103419065475,1103.091300949278,566.989011446367
car_25,-0.16911442577838898,-0.11520275473594666,1110.2762136958418,567.5707356480699
car_25,-0.16987977921962738,-0.11471494287252426,1116.6827951622172,568.0898318100725
car_25,-0.1706831306219101,-0.11421273648738861,1123.4248255190032,568.6369523499749
car_25,-0.17145663499832153,-0.1137380376458168,1129.9350173602913,569.1652590300966
car_25,-0.172256201505661,-0.1132565513253212,1136.6897309202232,569.7134088209198
car_25,-0.17298276722431183,-0.11282732337713242,1142.8504702423445,570.2133571815385
car_25,-0.17374780774116516,-0.1123833954334259,1149.362816840387,570.7418387216974
car_25,-0.17444606125354767,-0.11198607832193375,1155.329406990531,571.2260317394635
car_25,-0.17525698244571686,-0.1115335151553154,1162.2860001067975,571.7901066752896
car_25,-0.17607100307941437,-0.11108887195587158,1169.2904815514728,572.3556536956374
car_25,-0.1768672913312912,-0.11066341400146484,1176.1689145548457,572.9107656276416
car_25,-0.1775716096162796,-0.11029458045959473,1182.2725175145104,573.4025251078042
car_25,-0.17838476598262787,-0.1098775789141655,1189.3448756159462,573.9730333235698
car_25,-0.1790779083967209,-0.10952913016080856,1195.3934929450852,574.4610392222435
car_25,-0.17985008656978607,-0.10914832353591919,1202.1586273305397,575.0081364648455
car_25,-0.18027351796627045,-0.10894269496202469,1205.88830290936,575.3137785525372
car_25,-0.1809110790491104,-0.10864228010177612,1210.6110884550135,575.3547346926993
car_25,-0.18236254155635834,-0.10794825851917267,1213.8630084780198,572.448066633274
car_25,-0.18407797813415527,-0.10710066556930542,1214.6050271008783,567.9761474966054
car_25,-0.18658049404621124,-0.10589271783828735,1215.239711491701,561.0064927973756
car_25,-0.18941792845726013,-0.10454607754945755,1215.8591448289446,552.6326717568602
car_25,-0.19247496128082275,-0.10309715569019318,1216.488435367361,542.9474377752313
car_25,-0.1955849975347519,-0.10158558189868927,1214.7089007957225,531.1091507525277
car_25,-0.198650524020195,-0.10002531856298447,1215.4512032343118,519.4230118957636
car_25,-0.20145687460899353,-0.09850175678730011,1216.4594767965636,507.54428899048503
car_25,-0.20391573011875153,-0.09707789123058319,1217.4567789647283,495.7948228217947
car_25,-0.20599769055843353,-0.09584128111600876,1219.4561881002278,484.33008606737735
car_25,-0.20761124789714813,-0.09485475718975067,1220.657598940861,472.69123536875725
car_25,-0.2089787721633911,-0.09384451806545258,1220.9938442942982,461.23265630061076
car_25,-0.2103811353445053,-0.0921139195561409,1221.8450458855905,449.6843327436183
car_25,-0.21172672510147095,-0.08974021673202515,1222.7108073843383,437.9384736979938
car_25,-0.21305866539478302,-0.08655090630054474,1223.596764488514,425.91861917551086
car_25,-0.2142454832792282,-0.08302468061447144,1224.40932658492,414.89452089439396
car_25,-0.21541422605514526,-0.07903487980365753,1225.2384914011861,403.64517211700405
car_25,-0.2165824919939041,-0.07475951313972473,1226.0986245375245,391.97567353741533
car_25,-0.21767911314964294,-0.07083407044410706,1226.9751823828667,380.8549173476341
car_25,-0.21884559094905853,-0.06720469892024994,1227.8831832971698,369.3571825464426
car_25,-0.21986395120620728,-0.06371437758207321,1228.7157090519463,357.9579837502741
car_25,-0.22099147737026215,-0.06123241037130356,1229.537171526251,346.710266794409
car_25,-0.22244839370250702,-0.059822022914886475,1230.3837015890942,335.11931670317136
car_25,-0.2241106629371643,-0.05938124656677246,1231.1719548990147,324.32630984425975
car_25,-0.22627899050712585,-0.05964481830596924,1232.0447407636336,312.3758572363993
car_25,-0.22851786017417908,-0.060404933989048004,1232.8453626847768,301.41349554690237
car_25,-0.2303423285484314,-0.061246439814567566,1233.321346752917,293.0043483069049
car_25,-0.23154351115226746,-0.061833061277866364,1235.548687039171,288.16036626429303
car_25,-0.23282475769519806,-0.06250645220279694,1241.5651888743412,284.08324741426844
car_25,-0.23378850519657135,-0.06302502751350403,1250.26129824061,282.18676912615194
car_25,-0.23444338142871857,-0.06332053244113922,1259.1560069869015,281.6968404846125
car_25,-0.23493985831737518,-0.06350405514240265,1267.860126068669,281.84037806841474
car_25,-0.23523233830928802,-0.06358534097671509,1274.1808623148954,282.23664084203926
car_25,-0.23549972474575043,-0.06365367770195007,1280.3361594867924,282.69105875405853
car_25,-0.23578695952892303,-0.06373004615306854,1287.0063471639453,283.1834887168013
car_25,-0.23605576157569885,-0.06380417943000793,1293.3177495485247,283.6516217127867
car_25,-0.23633696138858795,-0.06388447433710098,1299.9902062060335,284.1473981894687
car_25,-0.2366194874048233,-0.06396821141242981,1306.763901470672,284.65069689110055
car_25,-0.23688818514347076,-0.06405061483383179,1313.2615107449244,285.1317720106955
car_25,-0.23714318871498108,-0.06413167715072632,1319.4870256743468,285.59121960696285
car_25,-0.2374308854341507,-0.06422591209411621,1326.5874898539612,286.1151734136814
car_25,-0.23770305514335632,-0.06432649493217468,1333.709950055138,286.64066944851254
car_25,-0.23771949112415314,-0.06450362503528595,1340.6661031961044,287.15389532693183
car_25,-0.23773638904094696,-0.06467953324317932,1347.6199632966798,287.66695202453457
car_25,-0.23775391280651093,-0.06485515087842941,1354.6158372779378,288.1831085116879
car_25,-0.23776857554912567,-0.06495144218206406,1359.149643449713,288.57605726351494
car_25,-0.23779867589473724,-0.0650416761636734,1365.7541148191174,289.32155854452253
car_25,-0.23782268166542053,-0.06515912711620331,1372.2009325845297,289.9434528025344
car_25,-0.23781223595142365,-0.06550665199756622,1378.3923362908797,289.77389294813867
car_25,-0.23778320848941803,-0.06598812341690063,1384.3973328244376,289.1060129348651
car_25,-0.23780545592308044,-0.06612340360879898,1390.4775844917635,289.6230835172299
car_25,-0.23782791197299957,-0.06625719368457794,1396.580124007168,290.1451534863287
car_25,-0.2378511279821396,-0.06639374047517776,1402.8718593569718,290.68444508774047
car_25,-0.23787741363048553,-0.06654742360115051,1409.9908085334648,291.2925762708575
car_25,-0.23789972066879272,-0.06668215245008469,1416.612840472891,291.85598270695
car_25,-0.23794671893119812,-0.06663103401660919,1423.594192765546,293.1297744854001
car_25,-0.23798690736293793,-0.06660617142915726,1430.489577356843,294.28176777282994
car_25,-0.23799608647823334,-0.06672728806734085,1437.4815717700203,294.83007593856695
car_25,-0.23800499737262726,-0.06684882938861847,1444.5431985708658,295.38327558412635
car_25,-0.23801331222057343,-0.06696571409702301,1451.390450951228,295.9196813864577
car_25,-0.23802100121974945,-0.0670766681432724,1457.9411418289058,296.43285490495435
car_25,-0.23802891373634338,-0.0671965554356575,1465.0236079251945,296.983959773759
car_25,-0.23803675174713135,-0.06731642037630081,1472.1617817485646,297.53927961739237
car_25,-0.2380441129207611,-0.06743122637271881,1479.0895921096353,298.07961028457106
car_25,-0.23805098235607147,-0.06753379851579666,1485.3641278623882,298.57131155310026
car_25,-0.23805969953536987,-0.06762132048606873,1491.4738224362582,299.10114214172364
car_25,-0.23794546723365784,-0.06833997368812561,1496.74136166504,296.69280043137377
car_25,-0.23773539066314697,-0.06958301365375519,1498.1523915279142,291.335982500548
car_25,-0.2374960333108902,-0.07117921113967896,1498.7252276170389,284.2331827793496
car_25,-0.23731574416160583,-0.07258376479148865,1499.2314395671892,277.9717165902968
car_25,-0.23716415464878082,-0.07395419478416443,1499.7241492922237,271.8772629066111
car_25,-0.23702900111675262,-0.07536974549293518,1500.2297265243747,265.6236477082225
car_25,-0.23690983653068542,-0.07680843770503998,1500.7382069268253,259.33412244751963
car_25,-0.23680417239665985,-0.07825601100921631,1501.2426992456574,253.0939268218234
car_25,-0.23685908317565918,-0.07989421486854553,1501.8191359454906,245.96383258943592
car_25,-0.2374611794948578,-0.0813060998916626,1502.351526845889,239.37855221189037
car_25,-0.23798924684524536,-0.08264638483524323,1502.832981969285,233.42330959900409
car_25,-0.23854850232601166,-0.08418209850788116,1503.3595671230973,226.90984199857866
car_25,-0.23905454576015472,-0.08568678051233292,1503.852750615303,220.80952816654306
car_25,-0.2395026832818985,-0.08712136745452881,1504.3044151545455,215.2227729735463
car_25,-0.24005486071109772,-0.08904540538787842,1504.6231107719566,208.00877222825085
car_25,-0.24047070741653442,-0.09073543548583984,1505.1459749651128,201.44990227586476
car_25,-0.24057556688785553,-0.09186277538537979,1505.4924757030294,194.92177872922207
car_25,-0.24063481390476227,-0.09298783540725708,1503.1898433330412,188.2664818370291
car_25,-0.24068661034107208,-0.09415781497955322,1503.7076527980873,181.72839598857783
car_25,-0.2407102733850479,-0.09542833268642426,1504.2608064566298,174.74841630467512
car_25,-0.2407035380601883,-0.09657417237758636,1504.751865335814,168.55198074400562
car_25,-0.24066700041294098,-0.09782224893569946,1505.2791507200034,161.89842035906935
car_25,-0.24059917032718658,-0.09909612685441971,1505.81051783231,155.19335461229286
car_25,-0.24049560725688934,-0.10043127089738846,1506.4321111417285,148.24108362471378
car_25,-0.24037523567676544,-0.10162321478128433,1507.0116354415736,142.0723694108044
car_25,-0.24025903642177582,-0.10257397592067719,1507.2548547935328,137.13768067232888
car_25,-0.2401304394006729,-0.10340309143066406,1504.618152185614,132.56271930768852
car_25,-0.24008910357952118,-0.10350655764341354,1499.058976548248,131.50944286476738
car_25,-0.24005566537380219,-0.10351882874965668,1492.3878694701239,130.83182640126935
car_25,-0.24002660810947418,-0.10350582748651505,1485.9795728029972,130.30966889505902
car_25,-0.2399941384792328,-0.10349177569150925,1478.9498693374526,129.73687824231095
car_25,-0.2399638146162033,-0.10347893834114075,1472.5008068473849,129.21139907645357
car_25,-0.23993514478206635,-0.10346715152263641,1466.5226154724262,128.72428718664213
car_25,-0.2399016171693802,-0.10345277935266495,1459.6461289731103,128.16803010594958
car_25,-0.23987428843975067,-0.10341006517410278,1453.308152778454,127.81045789571367
car_25,-0.23983733355998993,-0.10340496152639389,1446.2918321209613,127.19324675239278
car_25,-0.23979368805885315,-0.10345228761434555,1439.548814152624,126.32637041306383
car_25,-0.23975235223770142,-0.10343419760465622,1431.660660152337,125.6979752592461
car_25,-0.23965512216091156,-0.10382066667079926,1424.3572464894473,122.99736030482873
car_25,-0.2395525723695755,-0.10426830500364304,1418.3650791596651,120.08701950246513
car_25,-0.23943312466144562,-0.10477938503026962,1411.9980445616095,116.79155312795062
car_25,-0.23931138217449188,-0.10526440292596817,1405.4147554761364,113.59629214325344
car_25,-0.23923005163669586,-0.10551684349775314,1399.26764234721,111.67560379848206
car_25,-0.23921047151088715,-0.10552225261926651,1396.1238114368596,111.3575835519397
car_25,-0.23920838534832,-0.10552266240119934,1395.7866289194646,111.32447519105853
car_25,-0.23920784890651703,-0.10552279651165009,1395.6855521808302,111.31455034333734
car_25,-0.2392076551914215,-0.10552293062210083,1395.6491229356259,111.31097331150848
car_25,-0.23920759558677673,-0.10552289336919785,1395.648693089778,111.31093110442264
car_25,-0.23920759558677673,-0.10552289336919785,1395.648693089778,111.31093110442264
car_25,-0.23920759558677673,-0.10552289336919785,1395.648693089778,111.31093110442264
car_25,-0.23920759558677673,-0.10552289336919785,1395.648693089778,111.31093110442264
car_25,-0.23920759558677673,-0.10552289336919785,1395.648693089778,111.31093110442264
car_25,-0.23920759558677673,-0.10552289336919785,1395.648693089778,111.31093110442264
car_25,-0.23920759558677673,-0.10552289336919785,1395.648693089778,111.31093110442264
car_25,-0.23920759558677673,-0.10552289336919785,1395.648693089778,111.31093110442264
car_25,-0.23920759558677673,-0.10552289336919785,1395.648693089778,111.31093110442264
car_25,-0.23920759558677673,-0.10552289336919785,1395.648693089778,111.31093110442264
car_25,-0.23918651044368744,-0.1055651530623436,1393.3978436632433,110.87612364389157
car_25,-0.23913146555423737,-0.10571947693824768,1388.9701204008293,109.63609155822316
car_25,-0.23900529742240906,-0.10622058808803558,1383.955641286743,106.45175191915432
car_25,-0.23886804282665253,-0.10674365609884262,1378.8709997702024,103.10904959260856
car_25,-0.2387954741716385,-0.10690773278474808,1372.649542813843,101.62661367447194
car_25,-0.23875728249549866,-0.10689253360033035,1365.9467054006022,101.09442824376191
car_25,-0.23871858417987823,-0.10687913000583649,1359.3350161477326,100.56100402700692
car_25,-0.2386811524629593,-0.10686666518449783,1353.0531629930654,100.05419064382443
car_25,-0.2386387139558792,-0.10685274004936218,1346.0687913417933,99.49069879853111
car_25,-0.23860178887844086,-0.10684104263782501,1340.104568425315,99.00951149282193
car_25,-0.23855754733085632,-0.1068272739648819,1333.0912757316019,98.4436863278849
car_25,-0.23851551115512848,-0.10681475698947906,1326.5549122886932,97.91633931918417
car_25,-0.23849128186702728,-0.10672435164451599,1320.4162429908756,97.8580008971679
car_25,-0.23855240643024445,-0.1061982661485672,1314.5806377534195,100.23023836756231
car_25,-0.23850874602794647,-0.1061745136976242,1307.9510239584877,99.75805020079002
car_25,-0.23846296966075897,-0.10616288334131241,1301.451535773926,99.23147569739032
car_25,-0.2384144365787506,-0.10615113377571106,1294.6846199485476,98.68323478378115
car_25,-0.23836494982242584,-0.10613942891359329,1287.9153173059165,98.13480049539014
car_25,-0.23831221461296082,-0.10612746328115463,1280.8541687241336,97.56272147896608
car_25,-0.23826242983341217,-0.10611559450626373,1274.2915790709321,97.0355994670089
car_25,-0.2382211983203888,-0.10610872507095337,1268.994463944301,96.59597329571264
car_25,-0.23820215463638306,-0.10610626637935638,1266.5950977581533,96.39375814651278
car_25,-0.23819826543331146,-0.10610570758581161,1266.0977939225731,96.35231616021443
car_25,-0.23819689452648163,-0.10610547661781311,1265.9289037203532,96.33824197669611
car_25,-0.2381964772939682,-0.10610533505678177,1265.8761125649653,96.3338427137471
car_25,-0.23819641768932343,-0.10610545426607132,1265.868688879023,96.33322407325193
car_25,-0.23817692697048187,-0.10611960291862488,1263.7997585550272,96.06817060398376
car_25,-0.2381274551153183,-0.1061864048242569,1259.2226267006702,95.29053568386942
car_25,-0.2380247861146927,-0.10645756870508194,1252.7827961999667,93.21465316362426
car_25,-0.23793257772922516,-0.10667629539966583,1246.6567276630954,91.44935300157746
car_25,-0.23786340653896332,-0.10673075169324875,1239.7404599334216,90.52593104873499
car_25,-0.2378130704164505,-0.10671917349100113,1233.673473699068,90.04735655796428
car_25,-0.23775337636470795,-0.10670606791973114,1226.6162110404323,89.4903169589618
car_25,-0.23769937455654144,-0.10669345408678055,1220.331426589165,89.00102286125873
car_25,-0.2376420944929123,-0.10668021440505981,1213.7768757671179,88.49163796770718
car_25,-0.23758231103420258,-0.10666705667972565,1207.0741618397662,87.9707386241692
car_25,-0.23751868307590485,-0.1066533699631691,1200.0770837111497,87.42696285760887
car_25,-0.2374608963727951,-0.10664152354001999,1193.8424228983974,86.94251907230657
car_25,-0.2373991459608078,-0.10662917047739029,1187.299948234468,86.43489921815237
car_25,-0.2373414784669876,-0.10661806911230087,1181.2988739344735,85.96971996428474
car_25,-0.2372734397649765,-0.1066054180264473,1174.351461881968,85.4308149779985
car_25,-0.23721225559711456,-0.10659447312355042,1168.224788412442,84.9555740023485
car_25,-0.23715005815029144,-0.10658413916826248,1162.111244215192,84.47930979087533
car_25,-0.2370818704366684,-0.10657386481761932,1155.5391510249572,83.9647577220665
car_25,-0.23701050877571106,-0.10656360536813736,1148.7878407562675,83.43617412390842
car_25,-0.23693859577178955,-0.10655371099710464,1142.115968417605,82.91380999800283
car_25,-0.23686441779136658,-0.10654405504465103,1135.3728201672443,82.38586543269095
car_25,-0.23678769171237946,-0.10653457045555115,1128.532923468,81.8503460943066
car_25,-0.236708864569664,-0.10652533918619156,1121.6442116975943,81.31163251505505
car_25,-0.23662906885147095,-0.10651528835296631,1114.7860366449072,80.78156080017085
car_25,-0.23654787242412567,-0.10650569945573807,1107.9570655648936,80.25374627466394
car_25,-0.23647336661815643,-0.10649730265140533,1101.8054634349637,79.7782859276698
car_25,-0.23640237748622894,-0.10649056732654572,1096.05395915228,79.32941251759506
car_25,-0.23638533055782318,-0.1064891666173935,1094.6950268688036,79.22250212122135
car_25,-0.23637422919273376,-0.10648844391107559,1093.8053533212671,79.15226473588952
car_25,-0.23637063801288605,-0.10648803412914276,1093.5189467390635,79.12965368992606
car_25,-0.23637054860591888,-0.10648801922798157,1093.5116771458465,79.12907977467209
car_25,-0.23637045919895172,-0.10648807138204575,1093.5087030224654,79.1288449754578
car_25,-0.23634351789951324,-0.10648567229509354,1091.3665547783123,78.96149972880573
car_25,-0.23628787696361542,-0.1064804270863533,1086.9819482088901,78.62214034095398
car_25,-0.2362048476934433,-0.10647294670343399,1080.5435303221193,78.12382024810324
car_25,-0.2361244112253189,-0.10646616667509079,1074.4227570785,77.65008518698741
car_25,-0.23603256046772003,-0.10645834356546402,1067.5540055167191,77.12257385736619
car_25,-0.23594070971012115,-0.10645262897014618,1060.8331398899827,76.59781846626966
car_26,-0.09886454045772552,-0.1551206111907959,400.9982160497597,416.2289996888576
car_26,-0.09825971722602844,-0.15421797335147858,401.12071280825137,417.98792750309644
car_26,-0.09670939296483994,-0.1520904302597046,401.5630481802503,422.2031950902786
car_26,-0.09418146312236786,-0.14899954199790955,402.41262413874455,428.34013201398994
car_26,-0.09010012447834015,-0.14448750019073486,403.59573521393446,436.88636966300913
car_26,-0.08501876890659332,-0.13900285959243774,404.9735073119481,446.838746935719
car_26,-0.07966160029172897,-0.13262300193309784,406.54524651967307,458.19225133034456
car_26,-0.07517288625240326,-0.12620767951011658,408.1409852993386,469.7191173387516
car_26,-0.07118014246225357,-0.11953796446323395,409.8695410222685,482.20539044321015
car_26,-0.06766277551651001,-0.11337104439735413,411.61577599710114,494.8193701437658
car_26,-0.06457802653312683,-0.10815179347991943,413.30645623139577,507.0320485420824
car_26,-0.06191430240869522,-0.10385098308324814,414.9155991497633,518.6557397406433
car_26,-0.05951240286231041,-0.10001108795404434,416.5277700855287,530.3013039119367
car_26,-0.05736234039068222,-0.09641075134277344,418.1520408185715,542.0342713247398
car_26,-0.05550374835729599,-0.09298448264598846,419.7677636652393,553.7054928289049
car_26,-0.05449119582772255,-0.09090712666511536,420.6631335539586,560.9326560099782
car_26,-0.05400986969470978,-0.08982804417610168,420.92657750597385,564.5769922891647
car_26,-0.05399180203676224,-0.08978646993637085,420.9368280254888,564.7198965906383
car_26,-0.0539901927113533,-0.08978268504142761,420.93773342748824,564.7325189596892
car_26,-0.05398952588438988,-0.08978129178285599,420.9380901241225,564.7374917304136
car_26,-0.05398910492658615,-0.08978021144866943,420.9383507405656,564.7411250302381
car_26,-0.053989045321941376,-0.08978014439344406,420.9383855708879,564.7416106059072
car_26,-0.053989045321941376,-0.08978014439344406,420.9383855708879,564.7416106059072
car_26,-0.053989045321941376,-0.08978014439344406,420.9383855708879,564.7416106059072
car_26,-0.05375251919031143,-0.08924910426139832,421.2385707208558,566.7750372265169
car_26,-0.05350694805383682,-0.08885315805673599,422.846794394905,569.8853960230256
car_26,-0.0538843534886837,-0.09038034081459045,428.0440199084942,571.0266824878821
car_26,-0.054796814918518066,-0.09300777316093445,434.87730605812607,571.0783632778385
car_26,-0.056088995188474655,-0.09603660553693771,443.13843354978474,571.7621601580446
car_26,-0.05806601420044899,-0.0998142883181572,453.55470178504373,572.6695528552846
car_26,-0.06064514070749283,-0.10418811440467834,465.06803575086565,573.6725142734736
car_26,-0.06375974416732788,-0.1095716804265976,477.18562130268305,574.7281138787795
car_26,-0.06699560582637787,-0.11566264182329178,488.6497616064237,575.7267898879606
car_26,-0.0708237811923027,-0.12296020984649658,501.07859537261754,576.809503268601
car_26,-0.07544909417629242,-0.1302262544631958,513.3009965204259,577.8742336781653
car_26,-0.08141705393791199,-0.13711632788181305,525.5133734135967,579.3046019349089
car_26,-0.08760674297809601,-0.14314362406730652,537.2443464120437,581.2302864329231
car_26,-0.09221501648426056,-0.1479727178812027,548.6186377534559,584.2448907884465
car_26,-0.0952288955450058,-0.15229302644729614,559.7229529456598,587.259603818884
car_26,-0.09677596390247345,-0.15642111003398895,571.3858653825985,590.6286003166264
car_26,-0.09709806740283966,-0.16018609702587128,582.5968476296632,593.7787853563501
car_26,-0.09658448398113251,-0.16387714445590973,594.4255155164451,597.2122128226645
car_26,-0.0954999029636383,-0.16738073527812958,606.4728194535412,600.7199797104504
car_26,-0.0941866785287857,-0.17041081190109253,617.7682760603286,604.0159332783373
car_26,-0.0927424356341362,-0.1731661856174469,629.036988444203,607.2981479499563
car_26,-0.09184293448925018,-0.17471002042293549,635.959133598344,609.3282830043934
car_26,-0.09092879295349121,-0.17618992924690247,643.137773882378,611.4293484533789
car_26,-0.09014315903186798,-0.17740918695926666,649.5861307011471,613.3166724003357
car_26,-0.0894317775964737,-0.17848457396030426,655.8088048796383,615.1379428916015
car_26,-0.08873510360717773,-0.17952397465705872,662.4718314049909,617.0880969965827
car_26,-0.08815889805555344,-0.18038642406463623,668.67365824948,618.9032658291161
car_26,-0.08765170723199844,-0.18116441369056702,675.0230968722984,620.7616381089654
car_26,-0.0873488038778305,-0.18178127706050873,681.6475826353893,622.6504172408017
car_26,-0.08727036416530609,-0.18226653337478638,688.466908802699,624.4245348973802
car_26,-0.08754124492406845,-0.18276000022888184,693.9181658790005,623.4695969718072
car_26,-0.08844007551670074,-0.18317192792892456,696.4525058016504,618.4039089563247
car_26,-0.09036301076412201,-0.18347062170505524,698.8619311136855,610.4300436279382
car_26,-0.09372970461845398,-0.1833592653274536,701.8283239975872,600.7218487351694
car_26,-0.09931937605142593,-0.1823282092809677,705.4016018912771,588.911812111852
car_26,-0.10650070756673813,-0.18007886409759521,708.9861250228745,576.8037642235973
car_26,-0.11412022262811661,-0.17672690749168396,712.5941628430132,564.6176690143761
car_26,-0.11892745643854141,-0.17339950799942017,715.7654394922027,553.8948366056409
car_26,-0.12438838183879852,-0.1696794331073761,719.2112705365813,542.2546922160045
car_26,-0.12952090799808502,-0.16657128930091858,722.7537757354065,530.2884759026823
car_26,-0.13403922319412231,-0.1640184372663498,726.0964664190589,518.9972123634288
car_26,-0.13671259582042694,-0.1625145971775055,728.1546770490881,512.0181120535265
car_26,-0.13811270892620087,-0.16178587079048157,729.2639692705096,508.2398618697858
car_26,-0.1382264494895935,-0.16173279285430908,729.3563510012615,507.92632387450664
car_26,-0.13827235996723175,-0.161711186170578,729.3936536196836,507.79972104834656
car_26,-0.13829469680786133,-0.16170069575309753,729.4118777380147,507.737869495223
car_26,-0.13829843699932098,-0.16169893741607666,729.4148984768829,507.7276172905796
car_26,-0.13830094039440155,-0.16169779002666473,729.4168538832482,507.7209807598851
car_26,-0.13916200399398804,-0.1612689346075058,730.9085589805622,505.82208018535226
car_26,-0.13907861709594727,-0.16128188371658325,732.6041983651826,507.1252231998855
car_26,-0.1382434070110321,-0.1616789996623993,732.1918863662758,509.60668067297627
car_26,-0.13681426644325256,-0.16240078210830688,731.0449374807098,513.4982874634753
car_26,-0.13465799391269684,-0.16361352801322937,729.3718040699122,519.1744253086199
car_26,-0.1315717250108719,-0.16533562541007996,727.0390194578722,527.0634408877844
car_26,-0.12731094658374786,-0.16779857873916626,723.9795769688694,537.4098695013522
car_26,-0.12233314663171768,-0.17092929780483246,720.6361138709086,548.7167995676947
car_26,-0.1169164851307869,-0.17472705245018005,717.2708646623697,560.0913075064426
car_26,-0.11144661158323288,-0.17805153131484985,713.9366788450559,571.318508338889
car_26,-0.10426196455955505,-0.18083229660987854,710.6847039280103,582.332835172118
car_26,-0.09830969572067261,-0.18254850804805756,710.3609292898901,594.6998849615608
car_26,-0.0929647758603096,-0.18347227573394775,706.8009771854773,606.3531462987037
car_26,-0.09014717489480972,-0.18355731666088104,704.2682715233976,614.629865241254
car_26,-0.08904264867305756,-0.1834542602300644,703.0105329004354,618.7883520073929
car_26,-0.08863717317581177,-0.18338537216186523,702.4921518930354,620.5483391373556
car_26,-0.08859319239854813,-0.18337653577327728,702.4330282865952,620.7490733172856
car_26,-0.088593028485775,-0.1833765208721161,702.4328476039675,620.7496867639492
car_26,-0.08859305083751678,-0.18337653577327728,702.43279929775,620.7498507713487
car_26,-0.08859305083751678,-0.18337653577327728,702.43279929775,620.7498507713487
car_26,-0.08813723921775818,-0.18327286839485168,701.9552641237397,623.0569231441337
car_26,-0.08763437718153,-0.18317383527755737,703.0276292332768,626.7755294843007
car_26,-0.08769377321004868,-0.18333874642848969,707.4385816981746,628.576435577265
car_26,-0.08822916448116302,-0.18362921476364136,714.6983681408631,629.5294117672249
car_26,-0.08892691135406494,-0.18380998075008392,721.3267399784914,630.2119474266985
car_26,-0.08980213105678558,-0.18389542400836945,727.7878127312772,630.7745442378255
car_26,-0.09103269875049591,-0.18387073278427124,735.2706585228173,631.426111762531
car_26,-0.09225410223007202,-0.18373800814151764,741.5983696690039,631.9754046532321
car_26,-0.09383582323789597,-0.18345344066619873,748.7740746783844,632.595124631315
car_26,-0.09567509591579437,-0.18300087749958038,756.1782754740364,633.2387080244241
car_26,-0.09754617512226105,-0.1824333518743515,763.0030295494984,633.8328488490787
car_26,-0.09981179982423782,-0.1816265732049942,770.6061540692185,634.4947520652458
car_26,-0.10194225609302521,-0.18076610565185547,777.2897445906825,635.0766036514229
car_26,-0.10428169369697571,-0.17972314357757568,784.2632777895558,635.683696701183
car_26,-0.10686535388231277,-0.17846812307834625,791.6640164552078,636.3279808651608
car_26,-0.10948146879673004,-0.17710211873054504,798.9595086351534,636.9631026134504
car_26,-0.11129334568977356,-0.17579936981201172,806.2860393380428,637.600926474287
car_26,-0.11277720332145691,-0.17463555932044983,812.8365534094772,638.1650312360615
car_26,-0.11437556147575378,-0.17335546016693115,820.0551286143017,638.7887435816805
car_26,-0.1162412017583847,-0.1719077080488205,827.573818523915,639.4427450875158
car_26,-0.11782030016183853,-0.17069615423679352,833.9319205784973,639.9957946703475
car_26,-0.11927011609077454,-0.16961237788200378,840.4688731968592,640.564401290301
car_26,-0.1207524985074997,-0.16855131089687347,847.4778962740451,641.1740702222586
car_26,-0.12210679054260254,-0.16762341558933258,854.158455823352,641.7551682669438
car_26,-0.12340054661035538,-0.16677525639533997,860.8328373251389,642.3357289238087
car_26,-0.12472827732563019,-0.16594365239143372,868.0242038032721,642.9612587118772
car_26,-0.125865176320076,-0.1652616560459137,874.4949836452321,643.5241093961647
car_26,-0.12699300050735474,-0.16460970044136047,881.2310556040253,644.1100361011395
car_26,-0.12813620269298553,-0.16397041082382202,888.3577646561955,644.6993551994395
car_26,-0.12927596271038055,-0.16334697604179382,895.8548034221902,645.3273966694456
car_26,-0.13025549054145813,-0.16281583905220032,902.6131367845212,645.8913744187361
car_26,-0.1312815248966217,-0.16225597262382507,910.0234669591057,646.5111913762237
car_26,-0.13225004076957703,-0.16171592473983765,917.3577447397121,647.1405916885569
car_26,-0.1331194043159485,-0.16121503710746765,924.1958339690991,647.7274109535866
car_26,-0.13400837779045105,-0.16080954670906067,931.5356565379187,648.3572870989244
car_26,-0.13475480675697327,-0.1604997217655182,937.8804272538545,648.901771612567
car_26,-0.13554182648658752,-0.16015291213989258,944.6937154157392,649.4864625426604
car_26,-0.13626524806022644,-0.15981125831604004,951.053410198336,650.0322277839355
car_26,-0.13702146708965302,-0.15942543745040894,957.785264116275,650.6099303315177
car_26,-0.13780951499938965,-0.1589859127998352,964.8784031380038,651.2186370166536
car_26,-0.13852915167808533,-0.1585458517074585,971.4055112706801,651.7787690460407
car_26,-0.13932348787784576,-0.15801048278808594,978.6633512643773,652.4085947635007
car_26,-0.140035480260849,-0.15748082101345062,985.1937021511724,652.9790009225923
car_26,-0.14085999131202698,-0.15680333971977234,992.6123236655039,653.5552658804916
car_26,-0.14157326519489288,-0.15616241097450256,998.4597769355715,653.7352739336468
car_26,-0.14282479882240295,-0.1549626737833023,1004.0080033127366,651.4344509273214
car_26,-0.14432308077812195,-0.15336531400680542,1005.2951800093392,645.8073433021078
car_26,-0.146195650100708,-0.15096789598464966,1005.9548001551342,638.4754190259754
car_26,-0.14860494434833527,-0.14711299538612366,1006.8275042637597,629.3643087474563
car_26,-0.1509159803390503,-0.14236655831336975,1007.9568805446085,617.6979090950341
car_26,-0.15234972536563873,-0.13906660676002502,1008.8837032168933,605.7145413445988
car_26,-0.1540687382221222,-0.13540713489055634,1009.7891142728002,593.108905050168
car_26,-0.15594080090522766,-0.1317768692970276,1010.7728821796578,581.0880698047289
car_26,-0.1572338491678238,-0.12949328124523163,1011.3689802227411,573.551139520838
car_26,-0.1579751819372177,-0.12826579809188843,1011.6924861505471,569.4655734400503
car_26,-0.1588880717754364,-0.12681782245635986,1012.5688466343776,564.8633915169003
car_26,-0.15893971920013428,-0.1267385482788086,1012.6248947423176,564.6128235049331
car_26,-0.15895119309425354,-0.12672053277492523,1012.649317879787,564.5629549682982
car_26,-0.15941573679447174,-0.1259920597076416,1013.9746820894056,562.7130707565922
car_26,-0.1601354330778122,-0.1248684898018837,1017.3729720606683,560.5634651645315
car_26,-0.1607062816619873,-0.12391543388366699,1023.5406410754347,560.5330817241016
car_26,-0.16121721267700195,-0.12306489050388336,1030.2397009729782,561.1003216738212
car_26,-0.1617933064699173,-0.12215381115674973,1037.580569241655,561.6936921250292
car_26,-0.1623813658952713,-0.12127222120761871,1044.9429846476182,562.2888042550287
car_26,-0.16289681196212769,-0.12053796648979187,1051.3021763361423,562.8028247092083
car_26,-0.16344720125198364,-0.11979182064533234,1058.011187297395,563.3451214397224
car_26,-0.16398757696151733,-0.11909642815589905,1064.5235781947572,563.8715251543483
car_26,-0.16453225910663605,-0.11843114346265793,1071.0253165042213,564.3970678085852
car_26,-0.16518601775169373,-0.1178552508354187,1077.3596721116476,564.90908073503
car_26,-0.1660279929637909,-0.11726409941911697,1084.45130807313,565.4823054648924
car_26,-0.16678443551063538,-0.11674400418996811,1090.795298210484,565.9950971609815
car_26,-0.1676655262708664,-0.1161506325006485,1098.1670497940465,566.5909639444786
car_26,-0.16847212612628937,-0.1156187579035759,1104.9068884858393,567.1360099204728
car_26,-0.16932989656925201,-0.11506450176239014,1112.0781075901552,567.716625420736
car_26,-0.17015323042869568,-0.11454292386770248,1118.9762636869868,568.2759484056851
car_26,-0.17097225785255432,-0.11403422802686691,1125.8563469416113,568.8342720360517
car_26,-0.17185963690280914,-0.1134941577911377,1133.3360142907095,569.4412523404654
car_26,-0.17261166870594025,-0.1130455806851387,1139.701259874704,569.9577965291194
car_26,-0.17340971529483795,-0.11257854849100113,1146.4816978068898,570.5080338709756
car_26,-0.17415505647659302,-0.1121508777141571,1152.839868768303,571.024003948995
car_26,-0.17491871118545532,-0.11172123998403549,1159.3805460913286,571.5547845475573
car_26,-0.17576120793819427,-0.11125706881284714,1166.6204020483162,572.1400694987159
car_26,-0.17654630541801453,-0.11083381623029709,1173.3939442968597,572.686970317302
car_26,-0.17729492485523224,-0.11043873429298401,1179.8726291346507,573.2091691719861
car_26,-0.17802390456199646,-0.11006157100200653,1186.2024013367743,573.7194967049977
car_26,-0.17883169651031494,-0.1096520721912384,1193.243802383486,574.2876009606874
car_26,-0.17957483232021332,-0.10928317159414291,1199.7423154060928,574.8119047007111
car_26,-0.18023832142353058,-0.10895974189043045,1205.577615047638,575.2886419941455
car_26,-0.18040411174297333,-0.10887978225946426,1207.036734595738,575.4066937375193
car_26,-0.18041688203811646,-0.10887362062931061,1207.1485926117628,575.4157437388158
car_26,-0.18042077124118805,-0.10887175798416138,1207.1835752182994,575.418574046788
car_26,-0.1804216355085373,-0.10887128114700317,1207.1908991056082,575.4191665943049
car_26,-0.18070177733898163,-0.10873711109161377,1209.6550219982093,575.6176073022784
car_26,-0.18126077950000763,-0.10847201198339462,1214.575866933789,576.0126370687332
car_26,-0.1820622980594635,-0.10806271433830261,1220.8150251972481,576.5134968324434
car_26,-0.18304435908794403,-0.10754749923944473,1227.9646147020205,577.0976128089841
car_26,-0.18400101363658905,-0.10705846548080444,1235.06927847308,577.6841444039399
car_26,-0.18490375578403473,-0.1066080778837204,1241.8918334771583,578.2450473230963
car_26,-0.18588443100452423,-0.1061304435133934,1249.4516209464236,578.8665603570224
car_26,-0.18673394620418549,-0.10572578012943268,1256.1379444290474,579.4159088621037
car_26,-0.1878611296415329,-0.10520446300506592,1262.9096671494335,579.0969551371575
car_26,-0.18889327347278595,-0.10473581403493881,1269.4017037165058,578.8548238949851
car_26,-0.1896510273218155,-0.10439588129520416,1275.8362028310128,579.3837297074131
car_26,-0.19046704471111298,-0.10403532534837723,1282.9284700030194,579.9667030304039
car_26,-0.1912561058998108,-0.10369167476892471,1289.9547937900702,580.5422675713522
car_26,-0.1920032948255539,-0.10337034612894058,1296.7904990710622,581.1071950871722
car_26,-0.19276529550552368,-0.10304608196020126,1303.9590854080523,581.7039816865127
car_26,-0.19344721734523773,-0.10275860130786896,1310.5433142343825,582.2521203774386
car_26,-0.19413359463214874,-0.10247134417295456,1317.3310083205326,582.8125713000335
car_26,-0.19478602707386017,-0.10219982266426086,1323.950212747171,583.3570376755304
car_26,-0.1954384297132492,-0.10192941129207611,1330.7484018411417,583.9162265353034
car_26,-0.19605708122253418,-0.10167338699102402,1337.2866296958885,584.422400170881
car_26,-0.19666628539562225,-0.10142132639884949,1343.8785738235802,584.9241750223919
car_26,-0.19732801616191864,-0.10114730149507523,1351.2489221275007,585.4852015350784
car_26,-0.19789288938045502,-0.1009126827120781,1357.7365321592129,585.9825125253468
car_26,-0.19846324622631073,-0.10067491233348846,1364.4540518335236,586.4912364889445
car_26,-0.1990744024515152,-0.10041870921850204,1371.9160673975846,587.0727623271218
car_26,-0.19961895048618317,-0.10018869489431381,1378.772948913525,587.6085937292821
car_26,-0.20015452802181244,-0.09996049106121063,1385.7146323676272,588.1510519837988
car_26,-0.20068742334842682,-0.09973101317882538,1392.8314561194497,588.7071965869981
car_26,-0.2012302726507187,-0.09949439018964767,1400.3052253026924,589.291234711555
car_26,-0.20173980295658112,-0.09926919639110565,1407.5406549533106,589.8566477795671
car_26,-0.20217309892177582,-0.09907510131597519,1413.8697991712145,590.3512391200868
car_26,-0.20266707241535187,-0.0988505631685257,1421.2930062384914,590.9313260651709
car_26,-0.20314769446849823,-0.09862814098596573,1428.7408018054489,591.5133344799829
car_26,-0.20356369018554688,-0.09843233972787857,1435.3748723244496,592.0316938979707
car_26,-0.20397506654262543,-0.09823539853096008,1442.1163629805314,592.5584420188334
car_26,-0.20438478887081146,-0.0980357676744461,1449.0144517630345,593.0974259749186
car_26,-0.20479588210582733,-0.09783154726028442,1456.1332056029432,593.6536516524952
car_26,-0.20518021285533905,-0.09763689339160919,1462.9623713955748,594.1839103904042
car_26,-0.2055913507938385,-0.09742426127195358,1470.4875661760632,594.7709050958139
car_26,-0.20611025393009186,-0.09714939445257187,1480.3414847104825,595.5524054981369
car_26,-0.20658673346042633,-0.09689739346504211,1489.928082794189,596.2848563768893
car_26,-0.2070896029472351,-0.09664864093065262,1501.116754616092,597.0288416562023
car_26,-0.20760388672351837,-0.09638461470603943,1513.5550482856158,598.0309815404846
car_26,-0.20808568596839905,-0.09612496942281723,1525.8410033280002,599.0595178203455
car_26,-0.20853732526302338,-0.09586834907531738,1537.850396807707,600.064901353851
car_26,-0.208982914686203,-0.09560084342956543,1550.1934041526822,601.0982138487365
car_26,-0.20941247045993805,-0.09532693773508072,1562.5892914083724,602.1359532608993
car_26,-0.20982828736305237,-0.09504427760839462,1575.0746406686967,603.1811821125984
car_26,-0.2102290838956833,-0.09475201368331909,1587.6000030578957,604.2318578990224
car_26,-0.21060027182102203,-0.09445828944444656,1599.5135012577289,605.251667688438
car_26,-0.21102136373519897,-0.09405520558357239,1611.3797175415723,606.2708785169114
car_26,-0.21144630014896393,-0.09361162781715393,1623.6634407160218,607.3259191055583
car_26,-0.21185527741909027,-0.09314423054456711,1635.628327751425,608.3054515854511
car_26,-0.2122521847486496,-0.09264916181564331,1647.404842091942,609.2365489457809
car_26,-0.21264493465423584,-0.09211613237857819,1659.4336736482685,610.2274419364772
car_26,-0.21303784847259521,-0.09153597801923752,1671.7218214309505,611.2391899642301
car_26,-0.21339984238147736,-0.09095689654350281,1683.249091901448,612.1832653341849
car_26,-0.21377386152744293,-0.0903114527463913,1695.3848638949016,613.1771765522593
car_26,-0.2141488939523697,-0.08961432427167892,1707.7850114856512,614.1927399464029
car_26,-0.21451063454151154,-0.08889293670654297,1719.970636608355,615.1907341008117
car_26,-0.21485213935375214,-0.08816524595022202,1731.6268545995936,616.1253725637458
car_26,-0.21518945693969727,-0.08740858733654022,1743.901156729761,617.2882438292537
car_26,-0.21541614830493927,-0.08692026138305664,1755.614552721338,619.4398650016133
car_26,-0.21556855738162994,-0.08663741499185562,1767.6435420653152,622.5531473896315
car_26,-0.21566540002822876,-0.08645617961883545,1775.3809200126134,624.5624650955244
car_26,-0.21554626524448395,-0.08685120940208435,1778.7147362881817,627.3095541920093
car_26,-0.21518827974796295,-0.08782526850700378,1776.7323255467131,630.6373528791174
car_26,-0.21504804491996765,-0.08814764767885208,1772.6697471337475,630.5844608182297
car_26,-0.21496447920799255,-0.08828763663768768,1766.200893367839,628.9046200250253
car_26,-0.21485410630702972,-0.08846999704837799,1757.6598182535881,626.679701969533
car_26,-0.21468959748744965,-0.08876654505729675,1747.5635618445835,624.4197730704205
car_26,-0.21436284482479095,-0.08941234648227692,1734.9901071537265,622.9192086488365
car_26,-0.21400530636310577,-0.09009277075529099,1723.0768403545096,621.958947242078
car_26,-0.21363776922225952,-0.0907445028424263,1711.0326525838693,620.9812200968172
car_26,-0.21326692402362823,-0.09135452657938004,1699.0806484491145,620.0031385611917
car_26,-0.2128787487745285,-0.09194467216730118,1686.812420399889,618.9991791252257
car_26,-0.21247220039367676,-0.09251289069652557,1674.2269110728464,617.9692552605386
car_26,-0.21209536492824554,-0.09299694746732712,1662.8087022889185,617.0348563885534
car_26,-0.2116999477148056,-0.09346422553062439,1651.0162107444562,616.0494849649288
car_26,-0.21126940846443176,-0.09393163025379181,1638.5887197654406,615.049071941118
car_26,-0.2108234167098999,-0.09437398612499237,1626.1013391118454,614.060523418485
car_26,-0.2104414850473404,-0.09470202028751373,1614.3877469124018,613.0573430279293
car_26,-0.21007513999938965,-0.09497862309217453,1602.5972783640912,612.0446383097812
car_26,-0.20969128608703613,-0.09524965286254883,1590.66877082335,611.020382875164
car_26,-0.20929214358329773,-0.09551479667425156,1578.7584099731,610.0143704238966
car_26,-0.20887209475040436,-0.0957774668931961,1566.721217909473,609.0059276989534
car_26,-0.20844201743602753,-0.09603182226419449,1554.8651036204924,608.0126551701429
car_26,-0.20799900591373444,-0.09628000110387802,1543.1213112922349,607.0287926651606
car_26,-0.20754291117191315,-0.09652306884527206,1531.4985019966236,606.055065784705
car_26,-0.20702607929706573,-0.09678500890731812,1518.864157028618,604.9965952377486
car_26,-0.20648159086704254,-0.09705144166946411,1506.2520841432797,603.9399905844007
car_26,-0.2058238536119461,-0.09740667790174484,1493.6649317222311,603.0440607809766
car_26,-0.20542572438716888,-0.09761135280132294,1485.6210030057405,602.2225145695845
car_26,-0.20546559989452362,-0.09756175428628922,1481.136457888165,600.0738205508741
car_26,-0.20558680593967438,-0.09747737646102905,1479.5315403259674,598.6200908749704
car_26,-0.20558886229991913,-0.0974760353565216,1479.5060035701815,598.5969597555991
car_26,-0.20559021830558777,-0.09747511148452759,1479.4876817671197,598.5803639194925
car_26,-0.20559026300907135,-0.09747496247291565,1479.4861198197643,598.5789491121053
car_26,-0.20559029281139374,-0.09747492522001266,1479.4854237570519,598.578318620518
car_26,-0.20570950210094452,-0.09739305824041367,1478.1970115466313,597.267270206605
car_26,-0.2060668021440506,-0.09715570509433746,1476.443157052872,594.1980248425264
car_26,-0.20677627623081207,-0.09670184552669525,1475.147488433664,588.5676384384888
car_26,-0.2076057344675064,-0.09617529809474945,1475.7580180574032,582.1308057600386
car_26,-0.20839883387088776,-0.09562818706035614,1476.2775494193522,575.5251481655598
car_26,-0.2091207653284073,-0.09508424252271652,1476.7825221747353,569.1045981065859
car_26,-0.20984412729740143,-0.09447940438985825,1477.3236813672952,562.2239502920927
car_26,-0.21065501868724823,-0.09361883997917175,1477.9027019979662,554.8619076773734
car_26,-0.2114265412092209,-0.09259221702814102,1478.4486224903926,547.920721618367
car_26,-0.21211980283260345,-0.09148043394088745,1478.9595200769802,541.4248394252655
car_26,-0.2128637731075287,-0.09004364907741547,1479.5242492507573,534.2098983761307
car_26,-0.21354682743549347,-0.08847338706254959,1480.047108277323,527.3883490036291
car_26,-0.21416638791561127,-0.08682355284690857,1480.5335430611983,521.0420133259208
car_26,-0.21478961408138275,-0.08493850380182266,1481.0353559183081,514.4950455839373
car_26,-0.21542419493198395,-0.08277897536754608,1481.5599534250464,507.63106767396596
car_26,-0.21599896252155304,-0.0806092619895935,1482.0502776921055,501.2036169960589
car_26,-0.21658651530742645,-0.0781811848282814,1482.5705376955816,494.38375157906364
car_27,-0.23681388795375824,-0.11144469678401947,1261.3000321551315,63.79302915035533
car_27,-0.23694033920764923,-0.11105892062187195,1261.102598786026,66.36588683881757
car_27,-0.2371824085712433,-0.11026984453201294,1260.70939819834,71.46001889706073
car_27,-0.2372397631406784,-0.11007128655910492,1260.6128220673559,72.70859533110831
car_27,-0.23724175989627838,-0.11006446182727814,1260.6094971204045,72.75148714678188
car_27,-0.2372417449951172,-0.11006444692611694,1260.6094716890761,72.75181521091778
car_27,-0.2372417449951172,-0.11006444692611694,1260.6094716890761,72.75181521091778
car_27,-0.2372417449951172,-0.11006444692611694,1260.6094716890761,72.75181521091778
car_27,-0.2372417449951172,-0.11006444692611694,1260.6094716890761,72.75181521091778
car_27,-0.2372417449951172,-0.11006444692611694,1260.6094716890761,72.75181521091778
car_27,-0.2372417449951172,-0.11006444692611694,1260.6094716890761,72.75181521091778
car_27,-0.2372417449951172,-0.11006444692611694,1260.6094716890761,72.75181521091778
car_27,-0.2372417449951172,-0.11006444692611694,1260.6094716890761,72.75181521091778
car_27,-0.2372417449951172,-0.11006444692611694,1260.6094716890761,72.75181521091778
car_27,-0.2372417449951172,-0.11006444692611694,1260.6094716890761,72.75181521091778
car_27,-0.2372417449951172,-0.11006444692611694,1260.6094716890761,72.75181521091778
car_27,-0.23734159767627716,-0.1097053587436676,1260.3491795251762,74.9714269102783
car_27,-0.23749642074108124,-0.10911191254854202,1259.790206508194,78.54936940146818
car_27,-0.2377098947763443,-0.108216293156147,1258.9717466373434,83.78826691580687
car_27,-0.2379714995622635,-0.10695671290159225,1257.8624982903548,90.88847868524093
car_27,-0.23823882639408112,-0.10539036989212036,1256.5337020129432,99.39399955770558
car_27,-0.23850952088832855,-0.10329980403184891,1255.4904849214568,110.45237392530495
car_27,-0.2387016862630844,-0.10088370740413666,1254.4950274274663,123.02218257052056
car_27,-0.23876582086086273,-0.09852293878793716,1253.5216783251103,135.31282484853554
car_27,-0.23870062828063965,-0.0960782915353775,1252.4977317076157,148.24237043186903
car_27,-0.23852257430553436,-0.09388652443885803,1251.555276323646,160.11751832206102
car_27,-0.2379309982061386,-0.09106063842773438,1250.540406464766,172.9048785439501
car_27,-0.23683558404445648,-0.08776841312646866,1249.1823868421425,184.7248872291223
car_27,-0.2356216460466385,-0.08462022244930267,1247.8524782457414,196.98635028708753
car_27,-0.23481090366840363,-0.08140823245048523,1246.85355282284,209.95502235451139
car_27,-0.23508527874946594,-0.07802775502204895,1245.874547138048,222.69578864400444
car_27,-0.23542439937591553,-0.07476337254047394,1244.9189346182084,235.13211661198753
car_27,-0.23585964739322662,-0.07148846983909607,1243.958727912337,247.6282332527323
car_27,-0.23631788790225983,-0.06826794147491455,1243.0612694099436,259.30774565101547
car_27,-0.2366267293691635,-0.06604365259408951,1242.643947875332,266.49984589911423
car_27,-0.23600168526172638,-0.06520137935876846,1242.427269571709,270.1325262017612
car_27,-0.23582984507083893,-0.06504189223051071,1242.357176247474,270.88729058915135
car_27,-0.23570860922336578,-0.06493046134710312,1242.3068277664347,271.4184670641135
car_27,-0.23570536077022552,-0.06492756307125092,1242.3054952946604,271.43252464133246
car_27,-0.23570314049720764,-0.0649254247546196,1242.3045419266998,271.44258267331776
car_27,-0.2357030063867569,-0.06492534279823303,1242.304489473943,271.44313604990214
car_27,-0.2353007048368454,-0.06456135958433151,1242.1408821854302,273.20355282064054
car_27,-0.23440797626972198,-0.06378554552793503,1241.7887161643062,277.09397326342486
car_27,-0.23320023715496063,-0.06280578672885895,1241.3138043206666,282.3403815884465
car_27,-0.23157846927642822,-0.06171797215938568,1240.671403243498,289.43706364512707
car_27,-0.22946089506149292,-0.06064654886722565,1239.8179627781853,298.93209860302136
car_27,-0.22716817259788513,-0.059741947799921036,1238.7517917720988,309.7481454168009
car_27,-0.22476446628570557,-0.05923078954219818,1237.8256030452005,322.43163324885984
car_27,-0.22267378866672516,-0.05955788865685463,1236.8698633187387,335.51980074555615
car_27,-0.22112023830413818,-0.0609169602394104,1235.9828983975447,347.66614679654197
car_27,-0.2198900431394577,-0.06356628984212875,1235.0884698127693,359.91470234702547
car_27,-0.2187683880329132,-0.0673680305480957,1234.1704446048022,372.3823385344975
car_27,-0.21748760342597961,-0.07150329649448395,1233.1497141722118,385.2011220191082
car_27,-0.2163149118423462,-0.07579953968524933,1232.230887717314,397.1820918198986
car_27,-0.2151024490594864,-0.08021645247936249,1231.3409737422285,409.2524455928853
car_27,-0.2137955278158188,-0.08451469242572784,1230.4211765092753,421.72812112106493
car_27,-0.2124999761581421,-0.0880667045712471,1229.5418572897477,433.654772860704
car_27,-0.21105431020259857,-0.09108560532331467,1228.5905239763374,446.5581882136128
car_27,-0.20963351428508759,-0.09315541386604309,1227.6985498033437,458.65648549382513
car_27,-0.208058163523674,-0.09458305686712265,1226.2550418991198,471.44042179214756
car_27,-0.20636869966983795,-0.09564850479364395,1225.5962749880644,484.36798677593055
car_27,-0.2043912708759308,-0.09683346748352051,1225.7279619230053,496.8530123591506
car_27,-0.2018255740404129,-0.09833160042762756,1224.7804746179854,509.47660584724355
car_27,-0.19908539950847626,-0.09982690960168839,1223.8881122411544,521.3657571102751
car_27,-0.19564783573150635,-0.10157032310962677,1222.0631920348467,534.1935378720152
car_27,-0.19171307981014252,-0.10346017777919769,1219.4746060284856,546.8676672408205
car_27,-0.18787969648838043,-0.1052684336900711,1218.6244533479703,558.6622045740498
car_27,-0.18532760441303253,-0.1064840629696846,1218.0071454506776,565.9620846255102
car_27,-0.1843065470457077,-0.10697721689939499,1217.7367575637948,568.7767715526425
car_27,-0.18281544744968414,-0.10770582407712936,1217.673633558237,572.9584268702295
car_27,-0.18218643963336945,-0.10799951106309891,1221.1589375226122,576.3295149843846
car_27,-0.18287988007068634,-0.10763289034366608,1226.7540267117251,576.9969845881283
car_27,-0.18390285968780518,-0.10710807889699936,1234.3348232756036,577.6237626167637
car_27,-0.18477804958820343,-0.10667023062705994,1240.9336990522809,578.1662761888897
car_27,-0.18578149378299713,-0.10618000477552414,1248.6508141853228,578.800723606756
car_27,-0.18672923743724823,-0.10572806000709534,1256.100250915305,579.4128121335012
car_27,-0.18787510693073273,-0.10519810765981674,1262.9418836437476,579.0690341754186
car_27,-0.1889769732952118,-0.10469798743724823,1270.106081148081,578.9127226235533
car_27,-0.18975147604942322,-0.10435112565755844,1276.7005962178928,579.4547814984552
car_27,-0.19057656824588776,-0.1039874404668808,1283.8931388794401,580.0459973106155
car_27,-0.19137068092823029,-0.10364215075969696,1290.9893869953544,580.6267880450063
car_27,-0.19212208688259125,-0.10331960022449493,1297.8950146488373,581.1991462843249
car_27,-0.19292904436588287,-0.10297689586877823,1305.5243670355535,581.8342917721523
car_27,-0.193696528673172,-0.10265402495861053,1312.99177207307,582.4556449868692
car_27,-0.1943833827972412,-0.10236720740795135,1319.8452575233769,583.0193822794707
car_27,-0.19512425363063812,-0.10205953568220139,1327.4513798422438,583.6450281401535
car_27,-0.19576749205589294,-0.10179315507411957,1334.2139841458975,584.1881987900816
car_27,-0.1964818686246872,-0.10149762034416199,1341.8633996018502,584.7707811637229
car_27,-0.19716598093509674,-0.10121440887451172,1349.4231639344393,585.3462259114275
car_27,-0.19783015549182892,-0.10093880444765091,1357.0113069473146,585.9284978796949
car_27,-0.19840283691883087,-0.10070011764764786,1363.7310911426619,586.4352137047819
car_27,-0.19895856082439423,-0.10046744346618652,1370.4817835822375,586.9606801355181
car_27,-0.1995323747396469,-0.10022534430027008,1377.6695804771728,587.5223709390858
car_27,-0.20004571974277496,-0.10000704973936081,1384.2876208258963,588.0395380844369
car_27,-0.20055072009563446,-0.09979014843702316,1390.9852917742978,588.5629279675999
car_27,-0.20104683935642242,-0.09957462549209595,1397.7545617626406,589.0919129618751
car_27,-0.20157821476459503,-0.09934098273515701,1405.2213490628135,589.6754054867763
car_27,-0.2020493596792221,-0.09913080930709839,1412.04544833119,590.208675118307
car_27,-0.20254410803318024,-0.09890682250261307,1419.4232249385607,590.7852118974773
car_27,-0.2029746025800705,-0.09870868921279907,1426.032555286079,591.3016983992811
car_27,-0.20341083407402039,-0.09850472956895828,1432.9157682120474,591.8395511603635
car_27,-0.20384332537651062,-0.09829897433519363,1439.936270895901,592.3880999583796
car_27,-0.2042689472436905,-0.09809267520904541,1447.0438074877848,592.9434491733725
car_27,-0.20466452836990356,-0.09789729118347168,1453.8357979540694,593.4741431100027
car_27,-0.2051045447587967,-0.09767558425664902,1461.6058423671525,594.0792937558215
car_27,-0.2055189162492752,-0.09746207296848297,1469.1398100524866,594.6640164556115
car_27,-0.2060062140226364,-0.09720508754253387,1478.3353493121658,595.3933017248082
car_27,-0.2064918726682663,-0.0969431921839714,1487.8653971277938,596.1473382405995
car_27,-0.20701397955417633,-0.09668674319982529,1499.4045525190427,596.9149896123056
car_27,-0.20755653083324432,-0.09640935063362122,1512.3770616109698,597.932364702975
car_27,-0.2080361396074295,-0.09615220129489899,1524.55481009525,598.9518423162247
car_27,-0.2084895223379135,-0.0958961471915245,1536.5550617013753,599.9564605247219
car_27,-0.2089202105998993,-0.09563946723937988,1548.4239478189347,600.9500812836562
car_27,-0.20934222638607025,-0.09537303447723389,1560.5243552628779,601.9630841812136
car_27,-0.20974349975585938,-0.0951034426689148,1572.490471896121,602.964844731686
car_27,-0.21014449000358582,-0.09481538832187653,1584.9114137062597,604.0046816216709
car_27,-0.2105361372232437,-0.09451339393854141,1597.5666173024836,605.0844462960832
car_27,-0.21095548570156097,-0.09412059187889099,1609.5020206552292,606.1095997273316
car_27,-0.2114037722349167,-0.0936577171087265,1622.4199097788808,607.2191184649524
car_27,-0.21172069013118744,-0.09330333769321442,1631.7581837376504,608.0211360192903
car_27,-0.21188987791538239,-0.0931025817990303,1636.6176922982518,608.3749227037513
car_27,-0.21171879768371582,-0.0933593139052391,1639.4224810716885,611.1581693985756
car_27,-0.21135537326335907,-0.09382082521915436,1637.8418762182248,613.9455431037693
car_27,-0.21109618246555328,-0.09410867094993591,1633.7624053788788,614.688109464085
car_27,-0.21087978780269623,-0.09432058036327362,1627.6889676469473,614.1962686092186
car_27,-0.21058514714241028,-0.09458824247121811,1619.1224279407281,613.4638135414006
car_27,-0.21025048196315765,-0.09484858065843582,1608.188665616423,612.524892697317
car_27,-0.20984330773353577,-0.09514448046684265,1595.3399092384263,611.4212897189439
car_27,-0.20944707095623016,-0.09541379660367966,1583.320066315438,610.3965334007607
car_27,-0.20899738371372223,-0.09570091217756271,1570.2613669258346,609.3025116117043
car_27,-0.20853827893733978,-0.09597600251436234,1557.4810258681366,608.2318099153451
car_27,-0.20809480547904968,-0.09622744470834732,1545.6212217553755,607.2382282632833
car_27,-0.20759926736354828,-0.09649360924959183,1532.909763663961,606.1732973917022
car_27,-0.20709915459156036,-0.09674876928329468,1520.6181845055858,605.1435428181435
car_27,-0.20657843351364136,-0.09700192511081696,1508.3530662875805,604.116005069129
car_27,-0.2059255838394165,-0.09735256433486938,1495.546608270976,603.1694247425036
car_27,-0.20545314252376556,-0.09760142117738724,1486.9083987003278,602.5913141928805
car_27,-0.20543913543224335,-0.09757999330759048,1481.4844135732692,600.3889978018742
car_27,-0.2055218666791916,-0.09752264618873596,1480.392451542058,599.3999017591107
car_27,-0.20556768774986267,-0.09749078750610352,1479.7862733462173,598.8508273063562
car_27,-0.20558126270771027,-0.09748131781816483,1479.6065271912482,598.6880137601885
car_27,-0.20558679103851318,-0.097477488219738,1479.5329313363163,598.6213508481126
car_27,-0.20574866235256195,-0.09736712276935577,1478.0059165110217,596.9328538942883
car_27,-0.20618805289268494,-0.0970740094780922,1475.8404897648986,593.1433570885729
car_27,-0.20694226026535034,-0.09659988433122635,1475.2631370725449,587.3103444251532
car_27,-0.20780538022518158,-0.09604181349277496,1475.8856623782333,580.5078533474637
car_27,-0.2086826115846634,-0.095420241355896,1476.4721828715233,573.0504526310109
car_27,-0.2095392793416977,-0.09474287927150726,1477.0910851959,565.1813283804139
car_27,-0.21023620665073395,-0.09410081803798676,1477.617149599837,558.49260546672
car_27,-0.21112532913684845,-0.09301674365997314,1478.2325256083595,550.6683170755297
car_27,-0.2118406891822815,-0.09195209294557571,1478.7517008567838,544.0671873386207
car_27,-0.21265661716461182,-0.09047142416238785,1479.3670358438656,536.2434205205487
car_27,-0.21332384645938873,-0.08901384472846985,1479.8749131494383,529.6349154907499
car_27,-0.2140008956193924,-0.0872853547334671,1480.4025442152815,522.7511070773111
car_27,-0.2147396355867386,-0.08509774506092072,1480.9946652644242,515.0259215760606
car_27,-0.21536149084568024,-0.08300301432609558,1481.507506389385,508.3185733871487
car_27,-0.21595905721187592,-0.08076648414134979,1482.015661505547,501.65738575014393
car_27,-0.21662019193172455,-0.07803525030612946,1482.6010799181247,493.98338667326925
car_27,-0.21716968715190887,-0.07556690275669098,1483.1101424333924,487.3103043302756
car_27,-0.21777485311031342,-0.07266643643379211,1483.7007819709077,479.6007128490739
car_27,-0.21833260357379913,-0.06987905502319336,1484.2722904806076,472.1419436255414
car_27,-0.2188575118780136,-0.06724350154399872,1484.8305967292256,464.8554773808208
car_27,-0.21940989792346954,-0.06459225714206696,1485.4279565903614,457.0593216421208
car_27,-0.21989381313323975,-0.062490660697221756,1485.9447594928183,450.31451641515577
car_27,-0.220437690615654,-0.060226913541555405,1486.5367313007696,442.58868026852764
car_27,-0.22089357674121857,-0.05803024396300316,1487.1219808395456,434.94741291678685
car_27,-0.2213474065065384,-0.05654158070683479,1487.6328523123962,428.2575652499613
car_27,-0.22188517451286316,-0.05542304366827011,1488.15277281356,421.4492208101424
car_27,-0.22250325977802277,-0.054676882922649384,1488.6631493110763,414.76585483149125
car_27,-0.22297058999538422,-0.054350595921278,1489.0015235291412,410.3080575483432
car_27,-0.22376969456672668,-0.05406629294157028,1490.3671510477352,403.7858673390269
car_27,-0.22463580965995789,-0.053941600024700165,1495.7898362421336,398.72050557922114
car_27,-0.22503440082073212,-0.053864285349845886,1502.9140953285487,397.92386801127617
car_27,-0.22525978088378906,-0.053776293992996216,1510.449593662918,398.5090830630064
car_27,-0.22546221315860748,-0.05370745807886124,1517.0917698121596,399.01355213763236
car_27,-0.22567342221736908,-0.05364421010017395,1523.9615365523237,399.5353065735942
car_27,-0.22590476274490356,-0.05358422175049782,1531.409785120692,400.1009963382804
car_27,-0.22614675760269165,-0.05353078246116638,1539.1321621288794,400.68750598447184
car_27,-0.22638410329818726,-0.0534871444106102,1546.633436391075,401.25722301704366
car_27,-0.22663478553295135,-0.05344928428530693,1554.4907279558404,401.85397933841824
car_27,-0.22687722742557526,-0.05342024192214012,1562.0296722161006,402.4265573835013
car_27,-0.2271159142255783,-0.05339810997247696,1569.3910279740567,402.98564769423217
car_27,-0.22734518349170685,-0.05338255316019058,1576.4175958260994,403.51931107539997
car_27,-0.2275846302509308,-0.053371720016002655,1583.712136479936,404.07332682126093
car_27,-0.22780433297157288,-0.05336608737707138,1590.3553717109078,404.57787633247403
car_27,-0.22803135216236115,-0.05336454510688782,1597.1875098106877,405.09677289701426
car_27,-0.22827193140983582,-0.053367096930742264,1604.3945480619464,405.64414289078076
car_27,-0.22852881252765656,-0.05337425693869591,1612.0573966507236,406.2261313911942
car_27,-0.22878670692443848,-0.05338580906391144,1619.7065583930575,406.8064961694993
car_27,-0.22904454171657562,-0.05340125784277916,1627.3196332770376,407.38343960905576
car_27,-0.2292904406785965,-0.053419291973114014,1634.5503990746472,407.9314104294504
car_27,-0.22955632209777832,-0.053452424705028534,1641.521201628588,408.3025768969777
car_27,-0.23008783161640167,-0.05360231548547745,1649.1579052340078,407.3969429374296
car_27,-0.23087657988071442,-0.05389399081468582,1655.7003282242724,404.8553819928865
car_27,-0.23166455328464508,-0.054194800555706024,1662.3825541412805,402.4209936066816
car_27,-0.23245908319950104,-0.054510217159986496,1669.0433127626989,399.991089954833
car_27,-0.2332785278558731,-0.054847896099090576,1675.87440129412,397.49904844544307
car_27,-0.23405995965003967,-0.05518488585948944,1682.1403444702553,395.06373383113527
car_27,-0.2350129336118698,-0.05565979331731796,1685.860513943954,391.0762644983576
car_27,-0.2360994815826416,-0.05641999840736389,1685.1951642234185,385.20291510484503
car_27,-0.2374042123556137,-0.05745026469230652,1687.40671531501,378.77139206088907
car_27,-0.23879317939281464,-0.058618105947971344,1690.7011855815167,371.93291762619447
car_27,-0.24014699459075928,-0.059872694313526154,1692.9588547353458,364.7133774997886
car_27,-0.2400127649307251,-0.06143949180841446,1694.9332415008619,358.3997134917058
car_27,-0.23967723548412323,-0.06319078803062439,1696.9986403151293,351.7154246225883
car_27,-0.23938120901584625,-0.06455060839653015,1698.7620323120811,345.68104821050457
car_27,-0.23904991149902344,-0.06603248417377472,1699.429112270597,338.35033777539167
car_27,-0.23875518143177032,-0.06757295876741409,1699.644194208299,330.53106862086815
car_27,-0.23852938413619995,-0.06897531449794769,1699.8417881403932,323.34757308957165
car_27,-0.23834560811519623,-0.07033202052116394,1700.033353823083,316.38323359308237
car_27,-0.23817303776741028,-0.07186393439769745,1700.248628213557,308.55696784907394
car_27,-0.2380366027355194,-0.07333827018737793,1700.8157441892834,301.15944080375607
car_27,-0.2379160076379776,-0.07489259541034698,1701.4470801363448,293.5005465959661
car_27,-0.23781131207942963,-0.07646715641021729,1702.0698010926596,285.9161322115091
car_27,-0.23793049156665802,-0.07803492993116379,1702.6902425085048,278.296147832443
car_27,-0.2385060042142868,-0.07941000908613205,1703.2627075886378,271.3141405173121
car_27,-0.23906198143959045,-0.08086583763360977,1703.8381482562966,264.3241827613902
car_27,-0.23966354131698608,-0.08260240405797958,1704.4864105000436,256.4496512011052
car_27,-0.2402256280183792,-0.08439893275499344,1705.1195580719095,248.75871966056374
car_27,-0.24072301387786865,-0.08614983409643173,1705.7051870152895,241.64500350364878
car_27,-0.24118752777576447,-0.08794119209051132,1706.2766572155876,234.70327556651347
car_27,-0.2415083646774292,-0.08947214484214783,1706.369812898558,228.26458527019554
car_27,-0.24153436720371246,-0.09011664986610413,1701.8943348536852,223.91818121877432
car_27,-0.2415061891078949,-0.09014924615621567,1695.2725492158438,223.08606144866002
car_27,-0.2414691001176834,-0.09012628346681595,1687.616675196709,222.489765045996
car_27,-0.2414335012435913,-0.09010466188192368,1680.4203409379863,221.92926101730913
car_27,-0.2413981705904007,-0.09008369594812393,1673.4244963866945,221.38437261800874
car_27,-0.2413594275712967,-0.0900610089302063,1665.8577447767213,220.7950177313424
car_27,-0.24132104218006134,-0.09004134684801102,1658.4954254604208,220.20722938650917
car_27,-0.24128109216690063,-0.09002355486154556,1650.9430197913225,219.58865998290855
car_27,-0.24123947322368622,-0.09000557661056519,1643.2167862042702,218.95585344265916
car_27,-0.2412022352218628,-0.08998969197273254,1636.4249241634554,218.39957531936997
car_27,-0.2411637008190155,-0.0899735614657402,1629.5221741551236,217.83421506954542
car_27,-0.2411241978406906,-0.08995731920003891,1622.5376954283952,217.26216094139772
car_27,-0.24108566343784332,-0.08994180709123611,1615.8676011864836,216.7158560422765
car_27,-0.24104447662830353,-0.0899253785610199,1608.842559180813,216.14047963453174
car_27,-0.2410016804933548,-0.08990869671106339,1601.6566158368419,215.5519248238738
car_27,-0.24094679951667786,-0.08987516909837723,1593.8408662564366,214.91068076179985
car_27,-0.24088230729103088,-0.08981768786907196,1586.571446023307,214.30876890855055
car_27,-0.24081897735595703,-0.08976119756698608,1579.5693149490842,213.73379076634777
car_27,-0.24075184762477875,-0.08970218151807785,1572.252315383902,213.1329572812428
car_27,-0.2406816929578781,-0.08963007479906082,1565.0995540904562,212.59843336389818
car_27,-0.2406134456396103,-0.08955304324626923,1558.5050979573716,212.14494675156362
car_27,-0.2405327409505844,-0.08946345746517181,1550.8073632181831,211.61476919693268
car_27,-0.2404610514640808,-0.0893850326538086,1544.057023568341,211.14984299594767
car_27,-0.24039004743099213,-0.08930855989456177,1537.467242417472,210.6959751797011
car_27,-0.2403176724910736,-0.08923173695802689,1530.8201882395215,210.23816271292122
car_27,-0.24023932218551636,-0.08914966881275177,1523.711449361967,209.74855194789646
car_27,-0.24018767476081848,-0.08909641206264496,1519.090236894915,209.4302682958581
car_27,-0.2401612550020218,-0.08918719738721848,1512.8322564059092,208.40035703285258
car_27,-0.24017800390720367,-0.08947111666202545,1505.6115059553943,206.5585527906859
car_27,-0.2401714026927948,-0.08968470990657806,1497.9283049240285,204.92767763984722
car_27,-0.24009601771831512,-0.08962510526180267,1490.842894854406,204.35786377757955
car_27,-0.24001748859882355,-0.08956169337034225,1483.6201630232827,203.78710782276082
car_27,-0.2399432361125946,-0.08950281888246536,1476.9090329166797,203.25677974725326
car_27,-0.23986530303955078,-0.08944183588027954,1469.9286203497059,202.70517238692955
car_27,-0.2397831529378891,-0.08938466012477875,1462.4792882816548,202.08782416370292
car_27,-0.2398078888654709,-0.08969707787036896,1455.656437067527,200.19711315569268
car_27,-0.23976631462574005,-0.08979806303977966,1448.0235666289889,198.9872014538882
car_27,-0.23972971737384796,-0.08988487720489502,1441.462595208739,197.94835028010354
car_27,-0.23968903720378876,-0.08998147398233414,1434.2447964714218,196.8032419158017
car_27,-0.23963110148906708,-0.08999715000391006,1427.6344260267415,196.01669083877565
car_27,-0.2395380288362503,-0.08992993831634521,1419.8760099777096,195.40240228626504
car_27,-0.23944996297359467,-0.08986741304397583,1412.6418052925467,194.82961924697844
car_27,-0.23935939371585846,-0.08980419486761093,1405.2943660812314,194.24787063111992
car_27,-0.23926334083080292,-0.08972533047199249,1397.993114087701,193.72821414070035
car_27,-0.23915810883045197,-0.08962313085794449,1390.575771777646,193.2814549116863
car_27,-0.2389892339706421,-0.08931914716959,1382.932687688038,193.54475680893637
car_27,-0.23882107436656952,-0.08900011330842972,1376.0996959802878,193.96047721220847
car_27,-0.23864728212356567,-0.08867790549993515,1369.148661787917,194.38337934076412
car_27,-0.23841765522956848,-0.08817680180072784,1362.559601193905,195.52291518355332
car_27,-0.2383081018924713,-0.08810606598854065,1354.8904478350871,194.94634535672157
car_27,-0.2381942868232727,-0.08803406357765198,1347.0475006671713,194.3567096461178
car_27,-0.23809443414211273,-0.08797193318605423,1340.2582394093836,193.8462904375597
car_27,-0.2379930168390274,-0.08790993690490723,1333.4473667622917,193.3342464766456
car_27,-0.2378784418106079,-0.08784140646457672,1325.8665546065702,192.7643181746065
car_27,-0.23776376247406006,-0.08777392655611038,1318.374431108577,192.20105751912968
car_27,-0.23764535784721375,-0.08770573139190674,1310.7573251692581,191.62840063682302
car_27,-0.23752781748771667,-0.0876394659280777,1303.298878850106,191.06767184428645
car_27,-0.23741044104099274,-0.08757460117340088,1295.9646865927334,190.5162845187322
car_27,-0.23728860914707184,-0.0875086635351181,1288.4441835681478,189.95023829215455
car_27,-0.23716898262500763,-0.08744527399539948,1281.1642439129216,189.40220013031848
car_27,-0.23704884946346283,-0.08738300949335098,1273.9594893143164,188.85982194400137
car_27,-0.23693659901618958,-0.08732590079307556,1267.3190204008172,188.35992351771822
car_27,-0.23680488765239716,-0.08726031333208084,1259.625320492023,187.78073723933926
car_27,-0.23664894700050354,-0.08709302544593811,1252.9420381499458,187.70246319721647
car_27,-0.23610498011112213,-0.08581294864416122,1248.4751330090933,192.2259670929044
car_27,-0.23548172414302826,-0.08428465574979782,1247.7464139060562,198.3640818661255
car_27,-0.23474685847759247,-0.08231151849031448,1247.1129690097675,206.59226713354042
car_27,-0.23494075238704681,-0.07971039414405823,1246.3638889160327,216.32750158925424
car_27,-0.23522773385047913,-0.07655379921197891,1245.4437020769192,228.3028002437301
car_27,-0.23561884462833405,-0.0732051432132721,1244.46193351472,241.07952258116188
car_27,-0.23610179126262665,-0.06993457674980164,1243.503274207376,253.55550139911452
car_27,-0.23660992085933685,-0.066141277551651,1242.645012199263,266.1762914240991
car_27,-0.2339077740907669,-0.06337013840675354,1241.5919995279507,279.2671256336341
car_27,-0.23094864189624786,-0.06137898191809654,1240.418717486329,292.22851363270155
car_27,-0.22813783586025238,-0.06008980795741081,1239.0955662324648,305.0404016725768
car_27,-0.22576798498630524,-0.059368498623371124,1238.2281868354228,316.9185380703328
car_27,-0.22350949048995972,-0.059293508529663086,1237.2758693417193,329.9598405531415
car_27,-0.22171659767627716,-0.06021527573466301,1236.3486673410955,342.65720443939455
car_28,-0.20991642773151398,-0.09076611697673798,962.7263368990106,340.8157985629041
car_28,-0.2102307230234146,-0.09020226448774338,963.543911927346,338.77825372927504
car_28,-0.2107839286327362,-0.08913184702396393,965.0040697485455,335.1853852247583
car_28,-0.2115827351808548,-0.08742552995681763,967.121474131316,329.9752939539858
car_28,-0.2126186639070511,-0.08498223125934601,969.8836933176966,323.17856953609606
car_28,-0.21376846730709076,-0.08208219707012177,972.9701395920755,315.5840510196048
car_28,-0.21503405272960663,-0.07886026054620743,976.3734908542741,307.20975518512023
car_28,-0.21622829139232635,-0.07600725442171097,979.5427764341287,299.4114020370172
car_28,-0.21738217771053314,-0.07339970767498016,982.6337307501832,291.8175342770548
car_28,-0.21838197112083435,-0.07064937055110931,985.7232617828553,283.846851420741
car_28,-0.2195609211921692,-0.06855706125497818,988.9044935615822,275.63243346066093
car_28,-0.22097043693065643,-0.06718792021274567,992.3981123753914,267.3010695196303
car_28,-0.22241158783435822,-0.06655001640319824,996.1736410141118,260.10296700207766
car_28,-0.22314052283763885,-0.0661977231502533,1004.2438603662563,258.81349949874635
car_28,-0.22353337705135345,-0.0658942461013794,1012.798655341992,259.5317324933842
car_28,-0.22394715249538422,-0.06560005247592926,1021.7726349828358,260.2851588805207
car_28,-0.22417226433753967,-0.06545040756464005,1026.6337247210008,260.6928103934167
car_28,-0.22433261573314667,-0.06523124873638153,1033.4116005007752,262.0371168989189
car_28,-0.22431781888008118,-0.0649259090423584,1042.1308185026298,264.87557795460845
car_28,-0.22470493614673615,-0.06466697156429291,1051.2671687771087,265.7955991652919
car_28,-0.22512182593345642,-0.06443846970796585,1060.2389966366181,266.5200803739208
car_28,-0.2255515307188034,-0.06422459334135056,1069.4629845536724,267.26615882179004
car_28,-0.2259647250175476,-0.06403876096010208,1078.2981562945126,267.9786551566685
car_28,-0.22635267674922943,-0.06388062238693237,1086.5738356243392,268.6444412979868
car_28,-0.22673550248146057,-0.06373891234397888,1094.7312838164412,269.300715633708
car_28,-0.2271185666322708,-0.06361033022403717,1102.883019654515,269.9565304052057
car_28,-0.2275521606206894,-0.06347979605197906,1112.1102921736917,270.69896651649043
car_28,-0.22796203196048737,-0.06336891651153564,1120.8711815026977,271.4112079748821
car_28,-0.22837087512016296,-0.06327065825462341,1129.6197754010643,272.1224498412094
car_28,-0.22877025604248047,-0.06318579614162445,1138.1855438233956,272.8188283895798
car_28,-0.2291666567325592,-0.06311292201280594,1146.6644226643516,273.50013692103937
car_28,-0.22960318624973297,-0.06304387748241425,1156.0246455980932,274.2507442832247
car_28,-0.23002339899539948,-0.0629865750670433,1165.0985347384837,274.9856309475018
car_28,-0.23041702806949615,-0.0629410594701767,1173.6472983628457,275.6800905751571
car_28,-0.23081208765506744,-0.06290421634912491,1182.241211828275,276.37296641234025
car_28,-0.23125982284545898,-0.06289298832416534,1191.2814611443775,276.94871898143117
car_28,-0.23207078874111176,-0.06317586451768875,1199.163025722917,275.5762675738537
car_28,-0.23247204720973969,-0.06322018057107925,1207.7358431775417,276.2151031015324
car_28,-0.23285940289497375,-0.06327091157436371,1216.07640279298,276.83807082589544
car_28,-0.23316392302513123,-0.06331504881381989,1222.713736430529,277.3410802691532
car_28,-0.2332630157470703,-0.06333088874816895,1224.865204241078,277.50072370504097
car_28,-0.23329953849315643,-0.06333727389574051,1225.6480743524874,277.5562464079778
car_28,-0.23331671953201294,-0.06334029883146286,1226.0163850891738,277.5823677368208
car_28,-0.233321413397789,-0.06334109604358673,1226.116469968389,277.5894659552049
car_28,-0.23332242667675018,-0.06334128230810165,1226.1390029037475,277.59106403572673
car_28,-0.2333226054906845,-0.06334123760461807,1226.140941380108,277.5912015163197
car_28,-0.2333226203918457,-0.06334125995635986,1226.1414849897076,277.591240070192
car_28,-0.23332257568836212,-0.06334128230810165,1226.1417338579145,277.59125772041943
car_28,-0.23332254588603973,-0.06334124505519867,1226.1418648745098,277.5912670123766
car_28,-0.23332254588603973,-0.06334124505519867,1226.1418648745098,277.5912670123766
car_28,-0.23332254588603973,-0.06334124505519867,1226.1418648745098,277.5912670123766
car_28,-0.23332254588603973,-0.06334124505519867,1226.1418648745098,277.5912670123766
car_28,-0.23332254588603973,-0.06334124505519867,1226.1418648745098,277.5912670123766
car_28,-0.2333507239818573,-0.0633009821176529,1228.2934021657625,278.0632576037314
car_28,-0.23327679932117462,-0.06312522292137146,1232.295252482666,279.50136308090873
car_28,-0.2328169196844101,-0.06266698241233826,1235.6908790761106,282.4877731361692
car_28,-0.23278303444385529,-0.06263379752635956,1235.9413988949927,282.70810210508336
car_28,-0.2327774465084076,-0.06262825429439545,1235.9828696424192,282.7445750957689
car_28,-0.2327752411365509,-0.06262602657079697,1235.9999932669596,282.75963510401834
car_28,-0.2327747493982315,-0.06262551248073578,1236.0037997076438,282.76298281979956
car_28,-0.23277460038661957,-0.06262551248073578,1236.0040497299653,282.76320271122603
car_28,-0.23277460038661957,-0.06262551248073578,1236.0040497299653,282.76320271122603
car_28,-0.23277467489242554,-0.062625452876091,1236.0041375184721,282.76327992009215
car_28,-0.23240333795547485,-0.062303122133016586,1237.4663082451643,284.8255456830863
car_28,-0.2315920740365982,-0.06175367906689644,1239.600917734311,289.0759807130697
car_28,-0.2300630807876587,-0.060931071639060974,1240.0648797303463,296.1968590470857
car_28,-0.22816972434520721,-0.06010228767991066,1239.106664153622,304.8884236319566
car_28,-0.22595608234405518,-0.05940796807408333,1238.3008171882632,315.9239176763087
car_28,-0.22365228831768036,-0.05926894024014473,1237.3415874988061,329.0598777037265
car_28,-0.2215663641691208,-0.06036648899316788,1236.2599335037532,343.8723504604373
car_28,-0.22003118693828583,-0.06315261125564575,1235.202290107055,358.3560153584164
car_28,-0.21859973669052124,-0.06785929948091507,1234.0397185845698,374.0240536197529
car_28,-0.2171349674463272,-0.0727684274315834,1232.8624162292062,388.80913644620153
car_28,-0.21566279232501984,-0.07820737361907959,1231.747864727988,403.73357715992074
car_28,-0.2140468806028366,-0.08373883366584778,1230.5951321006523,419.3686733682531
car_28,-0.21245992183685303,-0.08816391229629517,1229.5150685498418,434.01812210214473
car_28,-0.21072347462177277,-0.09163928776979446,1228.3780864832054,449.4395854818173
car_28,-0.20914185047149658,-0.09371145069599152,1227.404472463385,462.6452053356271
car_28,-0.2080094963312149,-0.09461581707000732,1226.2262431876857,471.83784400993954
car_28,-0.2074383944272995,-0.09500040113925934,1228.4861732833353,477.4987467756813
car_28,-0.2078414410352707,-0.09476715326309204,1235.101863758841,477.1093854698061
car_28,-0.2082037478685379,-0.09455830603837967,1243.370567527842,477.65572077111415
car_28,-0.2085350900888443,-0.09436031430959702,1251.5497011598336,478.32108680070075
car_28,-0.20885507762432098,-0.0941595509648323,1259.7196625224267,478.9857066734514
car_28,-0.20917682349681854,-0.09392018616199493,1267.8782363674993,479.6494001806894
car_28,-0.20951083302497864,-0.09361228346824646,1276.0010733662084,480.31014869246746
car_28,-0.20988525450229645,-0.0932399332523346,1285.3292410422928,481.0680367118244
car_28,-0.2102370709180832,-0.09286057204008102,1294.306950370733,481.7974509523871
car_28,-0.21058782935142517,-0.09245029836893082,1303.4631135484137,482.5413640783735
car_28,-0.21093256771564484,-0.09201248735189438,1312.6542840923091,483.28812145677523
car_28,-0.21125634014606476,-0.09156777709722519,1321.453374717588,484.00302341798584
car_28,-0.21155107021331787,-0.09113263338804245,1329.6011457168493,484.6650074473505
car_28,-0.2118678241968155,-0.09063087403774261,1338.4997145010682,485.3879917359234
car_28,-0.2121633142232895,-0.09012139588594437,1346.1321896470529,485.7399100145047
car_28,-0.2128802388906479,-0.08859138190746307,1352.3180584947922,481.29550779991655
car_28,-0.21372634172439575,-0.08637042343616486,1353.2570923888848,473.192167456107
car_28,-0.21460197865962982,-0.08366341888904572,1353.9130845745235,464.4194958392075
car_28,-0.21541006863117218,-0.08081229031085968,1354.5396963675348,456.03973215953476
car_28,-0.21627801656723022,-0.0774075910449028,1355.2416692315671,446.65215475396656
car_28,-0.2170192301273346,-0.07428284734487534,1355.8686923112778,438.26689088201476
car_28,-0.21774373948574066,-0.0711459070444107,1356.5044293529013,429.7650940268703
car_28,-0.21849527955055237,-0.06798607110977173,1357.1766057883988,420.77598826260595
car_28,-0.2192760556936264,-0.06503871828317642,1357.8647806242764,411.57031640849294
car_28,-0.21997807919979095,-0.06244345009326935,1358.5060931434737,402.98894412780464
car_28,-0.22049857676029205,-0.060418110340833664,1356.9627888341627,395.1631557913403
car_28,-0.22048161923885345,-0.06054301932454109,1349.6405656259356,392.8377262661767
car_28,-0.22029180824756622,-0.06126333773136139,1340.4927030375413,392.13391593179915
car_28,-0.22009776532649994,-0.062044672667980194,1331.110651855181,391.41208779806857
car_28,-0.21991661190986633,-0.06281456351280212,1322.3320288618409,390.7366857000795
car_28,-0.21973606944084167,-0.06361819803714752,1313.5895056975314,390.0640610194921
car_28,-0.21954463422298431,-0.06450508534908295,1304.3660398245543,389.35443398503975
car_28,-0.21932925283908844,-0.06524474918842316,1295.831003352181,388.69777273597737
car_28,-0.21910227835178375,-0.06598424911499023,1287.2380555946352,388.0366559585785
car_28,-0.21888135373592377,-0.06671635061502457,1278.9481590815512,387.398855075536
car_28,-0.21863049268722534,-0.0675608217716217,1269.6285128343966,386.681828198699
car_28,-0.2183949053287506,-0.06836366653442383,1260.9811424625025,386.0165243013
car_28,-0.21816523373126984,-0.06915296614170074,1252.6583777338685,385.3761946319369
car_28,-0.21795304119586945,-0.06988586485385895,1245.0704444493758,384.7924007882287
car_28,-0.21768884360790253,-0.07080087810754776,1237.4768810255096,384.7237097342765
car_28,-0.21702826023101807,-0.07315840572118759,1232.9438656386653,389.96649267897294
car_28,-0.216224804520607,-0.07613444328308105,1232.1635981547531,398.09477422300637
car_28,-0.21523083746433258,-0.0797634869813919,1231.4334338353403,407.9983625410526
car_28,-0.21400122344493866,-0.08388186991214752,1230.5634072548403,419.79897351305885
car_28,-0.21256910264492035,-0.08789696544408798,1229.5881676096371,433.02664254692456
car_28,-0.21081723272800446,-0.09148730337619781,1228.4380116523635,448.62679007474065
car_28,-0.208958238363266,-0.09390278160572052,1227.2969282598965,464.10388181299646
car_28,-0.207092747092247,-0.09520585089921951,1225.6313364706139,478.96346910645013
car_28,-0.20500671863555908,-0.09646103531122208,1225.9273414410454,493.53051262013895
car_28,-0.20202729105949402,-0.09821714460849762,1224.8506303448921,508.54190479886034
car_28,-0.19855286180973053,-0.10010571777820587,1223.7258209988695,523.5227394695505
car_28,-0.19454891979694366,-0.1021050438284874,1220.886628492458,537.6946480082728
car_28,-0.19025380909442902,-0.10414905101060867,1219.1584151260372,551.4904610594654
car_28,-0.18703605234622955,-0.1056680753827095,1218.4410302125484,561.1257960443033
car_28,-0.1850856989622116,-0.10660038143396378,1217.9430975521136,566.6331952148098
car_28,-0.18418501317501068,-0.1070363000035286,1217.7047476618216,569.1087599645359
car_28,-0.18406717479228973,-0.10709366202354431,1217.6737624076022,569.4301213154386
car_28,-0.18323661386966705,-0.10749910026788712,1217.615228453206,571.7513880329268
car_28,-0.1821584552526474,-0.10802093893289566,1219.62582138647,575.6940526806623
car_28,-0.18281956017017365,-0.10766424983739853,1226.3114737785806,576.9606417734321
car_28,-0.18406671285629272,-0.10702532529830933,1235.560816433745,577.7245552290411
car_28,-0.18520280718803406,-0.10646111518144608,1244.1801643103095,578.4331779345084
car_28,-0.18628443777561188,-0.10593888908624649,1252.5832965253771,579.1238750678975
car_28,-0.18744222819805145,-0.10539498925209045,1261.6033226567606,579.7837133214259
car_28,-0.1889161318540573,-0.10472528636455536,1269.5956287974873,578.8707642348129
car_28,-0.19001390039920807,-0.10423480719327927,1278.969071539234,579.6412466391686
car_28,-0.1909819096326828,-0.1038106307387352,1287.4939751588506,580.3412324638093
car_28,-0.19196012616157532,-0.10338877141475677,1296.3910013855836,581.0739368052804
car_28,-0.19291327893733978,-0.1029834896326065,1305.3739826832548,581.8217722373397
car_28,-0.19385771453380585,-0.10258662700653076,1314.5828288573591,582.5865182557268
car_28,-0.19477646052837372,-0.10220373421907425,1323.852792060546,583.3490242822694
car_28,-0.19562110304832458,-0.10185383260250092,1332.6755614901422,584.0707928505634
car_28,-0.1964389532804489,-0.10151533782482147,1341.3972551093657,584.7352985232502
car_28,-0.19723673164844513,-0.10118508338928223,1350.218295220711,585.4067508302332
car_28,-0.19804197549819946,-0.10085072368383408,1359.4661648490546,586.1110663063487
car_28,-0.19875426590442657,-0.10055307298898697,1367.9759249053116,586.7648596644555
car_28,-0.1994791030883789,-0.10024785250425339,1376.9931556187146,587.469511679447
car_28,-0.20011849701404572,-0.09997578710317612,1385.241458449017,588.1140757805955
car_28,-0.20074135065078735,-0.09970763325691223,1393.563088242952,588.7643700215528
car_28,-0.20133908092975616,-0.09944663941860199,1401.831003046607,589.4104667014918
car_28,-0.201981782913208,-0.09916121512651443,1411.0539620115592,590.1311953625849
car_28,-0.20258329808712006,-0.0988888144493103,1420.0188247052822,590.8317550756534
car_28,-0.2031804770231247,-0.09861285239458084,1429.2574566028306,591.5537080339703
car_28,-0.20376421511173248,-0.0983368456363678,1438.6375736906684,592.2866259154232
car_28,-0.20425808429718018,-0.09809783846139908,1446.8608610477622,592.929154605833
car_28,-0.20478950440883636,-0.09783484041690826,1456.0206910475222,593.6448602985259
car_28,-0.20528770983219147,-0.0975816622376442,1464.9051312476843,594.3337376283561
car_28,-0.2057420164346695,-0.09734535217285156,1473.309231222498,594.9946873770766
car_28,-0.2062859982252121,-0.09705448895692825,1483.764224270704,595.8238581526334
car_28,-0.20682214200496674,-0.09678247570991516,1495.1055463443404,596.6291292921027
car_28,-0.20737984776496887,-0.09650081396102905,1508.0199035835906,597.5675989934483
car_28,-0.20795634388923645,-0.09619589149951935,1522.4926231772781,598.7792033920489
car_28,-0.2085040658712387,-0.09588779509067535,1536.9480082990408,599.9893566105657
car_28,-0.20904742181301117,-0.09556084126234055,1552.0225051765358,601.251339654266
car_28,-0.20957152545452118,-0.09522084891796112,1567.3090430681361,602.5310740144145
car_28,-0.21006517112255096,-0.0948740616440773,1582.4135858683467,603.7955723954628
car_28,-0.21054409444332123,-0.09450701624155045,1597.8286087128429,605.1069492132742
car_28,-0.2110769897699356,-0.09399920701980591,1612.9706572454959,606.4075272122411
car_28,-0.21159227192401886,-0.0934499055147171,1627.9533056779408,607.694354109756
car_28,-0.21208353340625763,-0.0928647518157959,1642.3544084453429,608.8328151736347
car_28,-0.21257822215557098,-0.09220942854881287,1657.3172383201133,610.0344336832808
car_28,-0.21305318176746368,-0.09151243418455124,1672.2049227476873,611.2787556233766
car_28,-0.21352048218250275,-0.09075392782688141,1687.1406406187089,612.5019804458279
car_28,-0.21397186815738678,-0.0899500697851181,1701.8991828107305,613.7106947043842
car_28,-0.21437190473079681,-0.08917549252510071,1715.2704308002278,614.8057905403628
car_28,-0.21462632715702057,-0.08865591883659363,1724.2742525501776,615.659423089479
car_28,-0.21460869908332825,-0.08874636143445969,1728.3034292733055,617.4932444819295
car_28,-0.21423028409481049,-0.08967337012290955,1730.8834535162232,622.6966669069235
car_28,-0.21354924142360687,-0.09110334515571594,1730.983910729988,630.0095598920419
car_28,-0.21263720095157623,-0.09267779439687729,1729.9299713938549,638.9069145865901
car_28,-0.21168391406536102,-0.09399735927581787,1728.9101159679649,647.7238783778579
car_28,-0.2107866406440735,-0.09500162303447723,1727.9512860339419,655.9237421642764
car_28,-0.20998607575893402,-0.09574133157730103,1727.0139596245697,664.0099975447013
car_28,-0.20905111730098724,-0.09649690985679626,1725.9953586210618,672.8177320465147
car_28,-0.20812539756298065,-0.0971570536494255,1725.046271787708,680.9692798741015
car_28,-0.2071341872215271,-0.09778499603271484,1724.0905748194425,689.1776010431644
car_28,-0.20600198209285736,-0.09850010275840759,1723.1434480320265,697.3123143645229
car_28,-0.2048892229795456,-0.09915731847286224,1722.3872179702473,704.8024658933786
car_28,-0.20428143441677094,-0.0995117574930191,1726.2121059820831,710.4980336564723
car_28,-0.2043846994638443,-0.09948795288801193,1733.1266438171438,712.6794719838394
car_28,-0.20446352660655975,-0.09948410838842392,1741.5496032110912,715.6437982131614
car_28,-0.2045360952615738,-0.09948081523180008,1749.4631658203357,718.4307708511666
car_28,-0.20461605489253998,-0.09947764128446579,1758.3424565115351,721.5599553637203
car_28,-0.2046850472688675,-0.09947526454925537,1766.1672167818806,724.3188389184276
car_28,-0.20475463569164276,-0.09947303682565689,1774.1704732299697,727.1410118508875
car_28,-0.2048277109861374,-0.09947110712528229,1782.7240925969065,730.159275343086
car_28,-0.20503385365009308,-0.09938927739858627,1790.2517500882036,731.8091585910854
car_28,-0.20520056784152985,-0.0993131622672081,1794.4236347975839,732.3393273703006
car_28,-0.20480620861053467,-0.09953818470239639,1795.00980980994,735.3715773490923
car_28,-0.2045292854309082,-0.0996723622083664,1791.0259481238259,735.6617493336046
car_28,-0.2042771875858307,-0.0997828021645546,1785.360863970701,735.0591731722006
car_28,-0.2042090743780136,-0.09978547692298889,1777.8180603040792,732.402710184213
car_28,-0.2041381448507309,-0.09978841245174408,1770.049887207522,729.6652363406431
car_28,-0.20406164228916168,-0.09979165345430374,1761.7502504347742,726.7385513841851
car_28,-0.20398353040218353,-0.09979516267776489,1753.4562816877374,723.8149930637474
car_28,-0.20390485227108002,-0.09979912638664246,1745.209401848436,720.9086788583109
car_28,-0.20382939279079437,-0.09980295598506927,1737.414051377795,718.1597073524525
car_28,-0.20376981794834137,-0.09980622678995132,1731.339036142007,716.0171971435705
car_28,-0.20366425812244415,-0.09982631355524063,1723.8219004581479,713.5674689346937
car_28,-0.20454831421375275,-0.09933432936668396,1719.4428431873687,705.8953281838667
car_28,-0.20579321682453156,-0.0986139327287674,1720.0961211169727,697.5505739598082
car_28,-0.20700685679912567,-0.09784628450870514,1721.0897368570293,689.016574811709
car_28,-0.20802639424800873,-0.09720861166715622,1722.0656855409675,680.6343150491532
car_28,-0.20906107127666473,-0.09647435694932938,1723.123099963897,671.5523597009471
car_28,-0.21004720032215118,-0.09567287564277649,1724.1990739669059,662.2366940519853
car_28,-0.21091963350772858,-0.09485235810279846,1725.2323020728725,653.3515465586158
car_28,-0.21184773743152618,-0.09377174824476242,1726.1982836406241,645.0815417812557
car_28,-0.21277980506420135,-0.09243140369653702,1727.2026714051794,636.376847821778
car_28,-0.213295117020607,-0.0915524959564209,1727.7953249428665,631.363363653099
car_28,-0.21395207941532135,-0.09024963527917862,1727.3245231118046,624.2542683496681
car_28,-0.21394678950309753,-0.09020000696182251,1721.1638289646387,621.8102958267511
car_28,-0.21367113292217255,-0.09068699926137924,1712.1195987014962,621.0701693571993
car_28,-0.21333947777748108,-0.09123869985342026,1701.402625650689,620.1931554823203
car_28,-0.2129570096731186,-0.09182935953140259,1689.2681102668073,619.2001383023625
car_28,-0.21248766779899597,-0.09249187260866165,1674.7048485184569,618.0083668426184
car_28,-0.21199780702590942,-0.09311604499816895,1659.888222727129,616.7958615637231
car_28,-0.21147261559963226,-0.09371627867221832,1644.4151266916151,615.5180976986751
car_28,-0.21092912554740906,-0.09427310526371002,1629.0876863718572,614.3158616600473
car_28,-0.210434690117836,-0.09470754861831665,1614.1625260485357,613.0379983996366
car_28,-0.20998384058475494,-0.09504474699497223,1599.719720006718,611.7974796058402
car_28,-0.20949546992778778,-0.09538181871175766,1584.7575496355405,610.5169617854473
car_28,-0.2089882642030716,-0.09570648521184921,1570.004440067377,609.2809869886955
car_28,-0.20845142006874084,-0.09602634608745575,1555.118941201054,608.033920981977
car_28,-0.2078603357076645,-0.0963551253080368,1539.5398640599062,606.7287489018711
car_28,-0.20726421475410461,-0.09666595607995987,1524.6181056200878,605.478645168172
car_28,-0.2066507786512375,-0.0969674363732338,1510.0263071034706,604.2561845660534
car_28,-0.20591774582862854,-0.09735672175884247,1495.4026376509705,603.159832909476
car_28,-0.20528583228588104,-0.09768756479024887,1483.8159876580619,602.3484108157894
car_28,-0.20460794866085052,-0.09802819043397903,1471.6226794338015,601.3813767115776
car_28,-0.20409922301769257,-0.09827635437250137,1462.8619924319291,600.6950959406895
car_28,-0.20355264842510223,-0.09853663295507431,1453.7897766904268,599.9896148563104
car_28,-0.20297159254550934,-0.09880658984184265,1444.4839068598906,599.2624983035633
car_28,-0.202365443110466,-0.09908173978328705,1435.1362643126176,598.53211782876
car_28,-0.20177201926708221,-0.09934544563293457,1426.3177818988374,597.8430599782948
car_28,-0.20116834342479706,-0.09960869699716568,1417.6656139560152,597.1669358145987
car_28,-0.20050819218158722,-0.09989168494939804,1408.5471452919808,596.454372554107
car_28,-0.19986724853515625,-0.10016226768493652,1400.0149211543624,595.7876214059971
car_28,-0.19923190772533417,-0.10042724758386612,1391.8486479016474,595.1494675109278
car_28,-0.19851894676685333,-0.10072154551744461,1383.006183780629,594.4584726413938
car_28,-0.1978357881307602,-0.10100115835666656,1374.8326643217997,593.8197524911291
car_28,-0.19707340002059937,-0.10131166875362396,1366.0264820651028,593.1318307135319
car_28,-0.19626523554325104,-0.10163974016904831,1357.0825503081721,592.4510679283101
car_28,-0.19549573957920074,-0.10195203125476837,1348.8507784842295,591.8204674505163
car_28,-0.19466133415699005,-0.10229143500328064,1340.2388094921942,591.1646032117002
car_28,-0.19381806254386902,-0.10263608396053314,1331.831972746713,590.5258934977929
car_28,-0.19294185936450958,-0.10299662500619888,1323.250042770116,589.8229182431257
car_28,-0.19208179414272308,-0.10335414856672287,1315.0846188085186,589.1519609253511
car_28,-0.19112806022167206,-0.10375571995973587,1306.2962578395823,588.4235070085793
car_28,-0.1901405304670334,-0.10417822748422623,1297.4750350333507,587.689138011251
car_28,-0.18910939991474152,-0.10462751239538193,1288.5594417728908,586.9523900994495
car_28,-0.18809588253498077,-0.1050783321261406,1280.0665105829298,586.2558415800171
car_28,-0.1870114952325821,-0.10557200759649277,1271.2258865859767,585.5291560471936
car_28,-0.18622548878192902,-0.10594358295202255,1262.299055488131,583.7836476955197
car_28,-0.18533900380134583,-0.10637068748474121,1253.6559615957797,582.4171267816121
car_28,-0.18414989113807678,-0.10695327818393707,1244.5819641807661,581.6675865071054
car_28,-0.18293948471546173,-0.10756523162126541,1235.5740351016254,580.9270173635773
car_28,-0.18193070590496063,-0.1080908477306366,1228.214119104985,580.3199645603639
car_28,-0.1814471334218979,-0.10834138840436935,1224.5838396418,580.0249947110115
car_28,-0.18131844699382782,-0.1084011048078537,1223.4480350393128,579.9348067525012
car_28,-0.18131296336650848,-0.10840360820293427,1223.4013189982595,579.9310972901843
car_28,-0.18108966946601868,-0.108510822057724,1220.8586956162312,579.5075073900416
car_28,-0.18098510801792145,-0.10856285691261292,1219.3777681066613,579.1741048617091
car_28,-0.18094117939472198,-0.10858488827943802,1218.755106840111,579.0339245765696
car_28,-0.18092961609363556,-0.10859064757823944,1218.591028150469,578.9969853951318
car_28,-0.18103693425655365,-0.10855305939912796,1217.1240327842388,577.9522676243679
car_28,-0.18172027170658112,-0.10826430469751358,1214.7642151830858,574.6415584850844
car_28,-0.18404127657413483,-0.10711856931447983,1214.5953871049458,568.0761280258483
car_28,-0.18710096180438995,-0.10564443469047546,1215.3507010469737,559.5060784390582
car_28,-0.19048182666301727,-0.10404305160045624,1216.1014170273015,549.3575105568503
car_28,-0.19397278130054474,-0.10237695276737213,1215.9868444136457,537.5320621828686
car_28,-0.19766877591609955,-0.10053503513336182,1215.1234661472413,523.2704025182584
car_28,-0.20139481127262115,-0.09853664040565491,1216.4357781898998,507.8234882002433
car_28,-0.20451809465885162,-0.09671764075756073,1217.7993585155984,492.70916830032917
car_28,-0.20701150596141815,-0.09523291885852814,1220.3655607942837,477.28620411779184
car_28,-0.2088140845298767,-0.09401130676269531,1220.8983308108318,462.5284957614518
car_28,-0.21060360968112946,-0.09177611768245697,1221.9855249230825,447.7784418306653
car_28,-0.2123403698205948,-0.08837656676769257,1223.1159156623467,432.442335629271
car_28,-0.214024156332016,-0.08372659981250763,1224.255837952864,416.97691407062564
car_28,-0.2156311422586441,-0.07825329154729843,1225.39601427827,401.50804599928625
car_28,-0.217080757021904,-0.0729396641254425,1226.492309524885,386.9190479147561
car_28,-0.21853657066822052,-0.06808997690677643,1227.6535082947612,372.33620102553056
car_29,-0.19971002638339996,-0.10000254213809967,1345.7216626241918,572.6281945629283
car_29,-0.20020602643489838,-0.09975748509168625,1346.0212918125994,570.4674618100536
car_29,-0.2012244313955307,-0.0992400273680687,1346.6738714363019,565.8915734886522
car_29,-0.20264115929603577,-0.09848359227180481,1347.633462022163,559.162924300593
car_29,-0.2039107382297516,-0.09776468575000763,1348.3984593112532,552.6584585427303
car_29,-0.2051970213651657,-0.09699319303035736,1348.9197247877314,545.4748875968105
car_29,-0.2063494175672531,-0.09628205746412277,1349.4450529983708,538.235328022451
car_29,-0.20725353062152863,-0.095720574259758,1349.930300459796,531.5123535374146
car_29,-0.2081041783094406,-0.09515322744846344,1350.4207086824424,524.7009202465332
car_29,-0.20886404812335968,-0.09460146725177765,1350.8924324408824,518.1490013268264
car_29,-0.20966343581676483,-0.093924380838871,1351.4148202012009,510.89339422835786
car_29,-0.21054913103580475,-0.09286763519048691,1351.9592717801022,503.3313358481231
car_29,-0.21134646236896515,-0.09168263524770737,1351.8838114671898,495.9485371389584
car_29,-0.21152295172214508,-0.09133808314800262,1346.6829266613506,492.1025414323499
car_29,-0.21131280064582825,-0.09163419157266617,1339.8578624669271,491.2157112676247
car_29,-0.21106752753257751,-0.091971755027771,1333.1250743181824,490.6686907109634
car_29,-0.21078793704509735,-0.09233343601226807,1325.5616564868965,490.05418377254097
car_29,-0.21051576733589172,-0.09266364574432373,1318.3194576866329,489.46577499869437
car_29,-0.21023179590702057,-0.09298641234636307,1310.8919348139789,488.8623091526509
car_29,-0.2099696844816208,-0.09326597303152084,1304.1579648507698,488.3151925768082
car_29,-0.20967261493206024,-0.0935639813542366,1296.6635045235882,487.706288246317
car_29,-0.20940260589122772,-0.09381868690252304,1289.9851538214311,487.1636905827689
car_29,-0.20913918316364288,-0.09404842555522919,1283.5126498592022,486.6378174018236
car_29,-0.20888428390026093,-0.0942162424325943,1276.7548948221677,486.08876835401884
car_29,-0.20863290131092072,-0.09437475353479385,1270.2638342868145,485.56088731301463
car_29,-0.20835135877132416,-0.09454517811536789,1263.1917871389196,484.98558189026926
car_29,-0.2080356925725937,-0.09472879022359848,1255.5079265868526,484.3605059326606
car_29,-0.20773203670978546,-0.09489928930997849,1248.3495232231464,483.7781755002956
car_29,-0.20742441713809967,-0.09506718069314957,1241.3202371865332,483.20634866001564
car_29,-0.20714817941188812,-0.09521107375621796,1234.449605106846,482.3847935957255
car_29,-0.20700766146183014,-0.09527504444122314,1229.2118904152348,481.18224301689577
car_29,-0.2063003033399582,-0.09569044411182404,1225.805673276731,484.95490084903383
car_29,-0.20556025207042694,-0.096128448843956,1226.1093906400174,490.2748466076935
car_29,-0.2041393667459488,-0.0969843789935112,1225.6291265485459,498.16981901482757
car_29,-0.2022496610879898,-0.09809043258428574,1224.9286861088897,507.5019497209538
car_29,-0.19968684017658234,-0.09950756281614304,1224.075161622725,518.8736547436918
car_29,-0.19675149023532867,-0.10102472454309464,1223.1997499409458,530.5051371474465
car_29,-0.19319875538349152,-0.10275381058454514,1219.7782792306134,541.9637086996739
car_29,-0.18924854695796967,-0.10462257266044617,1218.928893118039,554.5732153687228
car_29,-0.18586187064647675,-0.10622765868902206,1218.1503715559986,564.469525551265
car_29,-0.18379457294940948,-0.10722656548023224,1217.6023249067598,570.1710302527481
car_29,-0.18223769962787628,-0.10798604041337967,1218.7528671140903,575.068260160101
car_29,-0.18249668180942535,-0.10783315449953079,1223.9557420987624,576.7677406681369
car_29,-0.1834811121225357,-0.10732261091470718,1231.1960559385864,577.3657150435549
car_29,-0.1844569891691208,-0.10682965815067291,1238.4995648874894,577.9661586438009
car_29,-0.1853637546300888,-0.10638252645730972,1245.4177915673347,578.5349270213062
car_29,-0.18626989424228668,-0.10594575107097626,1252.469763064308,579.1145476722444
car_29,-0.18713948130607605,-0.10553548485040665,1259.3786158936268,579.6821477721796
car_29,-0.18847359716892242,-0.1049262285232544,1265.89786243539,578.5668135951269
car_29,-0.18925757706165314,-0.10457170754671097,1272.4784415305714,579.1077269546043
car_29,-0.1900770515203476,-0.104206882417202,1279.5177290693416,579.6863454342017
car_29,-0.19093231856822968,-0.10383208096027374,1287.0526392523138,580.305177790658
car_29,-0.19168785214424133,-0.10350552946329117,1293.8788776179244,580.8648018754702
car_29,-0.19245494902133942,-0.1031777411699295,1301.0156687689566,581.4589415176549
car_29,-0.1931740790605545,-0.10287349671125412,1307.8861199868797,582.0309082940223
car_29,-0.19385595619678497,-0.10258729010820389,1314.5666257792927,582.5851854624457
car_29,-0.19453036785125732,-0.10230597108602524,1321.336016695907,583.1420055119758
car_29,-0.19521482288837433,-0.10202202945947647,1328.3982155508322,583.7229106428258
car_29,-0.1959294229745865,-0.10172615200281143,1335.9283870521049,584.3190115517274
car_29,-0.19657252728939056,-0.1014600545167923,1342.852880639099,584.8460998695433
car_29,-0.19718696177005768,-0.1012057438492775,1349.6585035844932,585.3641398250883
car_29,-0.19784212112426758,-0.10093390196561813,1357.148796606015,585.9388294774741
car_29,-0.19839899241924286,-0.10070174187421799,1363.684018018331,586.4315659719001
car_29,-0.19903172552585602,-0.10043658316135406,1371.38702704166,587.0314204379474
car_29,-0.19957374036312103,-0.1002078428864479,1378.1966944641242,587.5635622920456
car_29,-0.2001340389251709,-0.09996916353702545,1385.446507710014,588.1300993669411
car_29,-0.20062437653541565,-0.09975828230381012,1391.9780727454142,588.6405088939372
car_29,-0.20117910206317902,-0.09951677918434143,1399.5907877736443,589.2354049495771
car_29,-0.2017114758491516,-0.09928184002637863,1407.1322213664773,589.8247307133303
car_29,-0.2021736353635788,-0.09907492995262146,1413.8764864067089,590.3517616944908
car_29,-0.2026142030954361,-0.09887472540140152,1420.4884972900327,590.86845766692
car_29,-0.20304955542087555,-0.09867385774850845,1427.2029240645747,591.3931569350847
car_29,-0.20348156988620758,-0.09847131371498108,1434.0501302163057,591.9281848297704
car_29,-0.20388884842395782,-0.0982770100235939,1440.688374444278,592.446865764195
car_29,-0.2043071836233139,-0.09807386994361877,1447.6933036398389,592.9941977236643
car_29,-0.2046949416399002,-0.09788215905427933,1454.3651087276014,593.5155009445729
car_29,-0.2050704061985016,-0.09769292175769806,1460.995894007324,594.0322540365545
car_29,-0.20539350807666779,-0.09752708673477173,1466.8294870209022,594.4821455286043
car_29,-0.20601652562618256,-0.09716883301734924,1473.0147439507168,593.0835918013644
car_29,-0.20686565339565277,-0.09664694219827652,1475.182380090491,587.8806906109068
car_29,-0.20784606039524078,-0.09601423889398575,1475.9119392307407,580.1737524576279
car_29,-0.20868177711963654,-0.09542078524827957,1476.471593403817,573.0579475045004
car_29,-0.20952264964580536,-0.09475681930780411,1477.0786225613251,565.3397863730514
car_29,-0.21028199791908264,-0.09405039995908737,1477.6479672010246,558.1007705627314
car_29,-0.21108759939670563,-0.09306736290454865,1478.2058214041476,551.0078515912043
car_29,-0.2118167132139206,-0.09199115633964539,1478.7339493055242,544.2928920370857
car_29,-0.21257133781909943,-0.09064088761806488,1479.3017281176938,537.0737851702319
car_29,-0.2132270783185959,-0.08923964947462082,1479.8006875832864,530.6033091465548
car_29,-0.21394579112529755,-0.08743613958358765,1480.359024245455,523.3188961137017
car_29,-0.2146657109260559,-0.08533144742250443,1480.934543939483,515.8103023853969
car_29,-0.21511922776699066,-0.08384725451469421,1481.306546349256,510.9569237957147
car_29,-0.2157546728849411,-0.0815674439072609,1482.4952379337433,504.2294009091696
car_29,-0.2163655012845993,-0.07918234914541245,1485.9730806025896,498.4417710426766
car_29,-0.21679215133190155,-0.07745746523141861,1492.5766575713496,495.8970095798101
car_29,-0.2170373797416687,-0.07648269832134247,1499.9153154428607,495.7821070451636
car_29,-0.21723361313343048,-0.07568896561861038,1506.4115998566626,495.8881337426981
car_29,-0.21744051575660706,-0.07483100146055222,1513.3978435971853,496.0021571297291
car_29,-0.21765562891960144,-0.07391709089279175,1520.905298118483,496.155626782756
car_29,-0.21783728897571564,-0.0731300637125969,1527.5252103558648,496.3456638619218
car_29,-0.2180190235376358,-0.07232003659009933,1533.9896888929313,496.4192022684654
car_29,-0.21821588277816772,-0.07143128663301468,1541.476547516031,496.6349408075437
car_29,-0.21840105950832367,-0.07057808339595795,1548.6872229518356,496.84272095441185
car_29,-0.21859292685985565,-0.06967825442552567,1556.3301380273563,497.06295635829747
car_29,-0.21875591576099396,-0.06890115141868591,1562.9740318848278,497.2544043375848
car_29,-0.2189340889453888,-0.06804035604000092,1570.3939486286283,497.468213904317
car_29,-0.21913297474384308,-0.06704004108905792,1577.3326024412293,497.091836005553
car_29,-0.21927693486213684,-0.06633138656616211,1583.8173927987184,497.3528540816747
car_29,-0.219423308968544,-0.06560856103897095,1590.6544525935876,497.6715462997553
car_29,-0.2195836752653122,-0.0648123174905777,1598.310902454755,498.03320828733786
car_29,-0.21971316635608673,-0.0641743391752243,1605.1134312059758,498.52988344021037
car_29,-0.21983544528484344,-0.06357060372829437,1611.643950989746,499.0066983175248
car_29,-0.21996153891086578,-0.06294760853052139,1618.486572619609,499.50630078424734
car_29,-0.22008173167705536,-0.06235554441809654,1625.1715254568453,500.01359362509487
car_29,-0.22019748389720917,-0.06178925931453705,1631.8083124237373,500.5547697306235
car_29,-0.22032637894153595,-0.06116198003292084,1639.3052560759256,501.16608463183974
car_29,-0.2204388529062271,-0.060617730021476746,1645.9368407450872,501.70683653221613
car_29,-0.22052986919879913,-0.060193538665771484,1652.9961357082302,502.77601465298
car_29,-0.2206089347600937,-0.05983036011457443,1659.6300597477348,503.8846010935548
car_29,-0.22070209681987762,-0.05940057337284088,1667.1535934387507,505.058367583957
car_29,-0.2207912802696228,-0.05899122729897499,1674.4386217888202,506.1949242221166
car_29,-0.22087523341178894,-0.05860830843448639,1681.3683374308764,507.27604758019686
car_29,-0.22093529999256134,-0.05834842100739479,1688.6464050512843,508.9205934146471
car_29,-0.2210260033607483,-0.05793797969818115,1696.2690023134242,510.10794209638357
car_29,-0.22107450664043427,-0.05773376673460007,1703.2338880875861,511.8278925953657
car_29,-0.22115083038806915,-0.057390887290239334,1709.771111997572,512.8471898766828
car_29,-0.22122855484485626,-0.05704585462808609,1716.4667369536396,513.8911853720817
car_29,-0.2212938368320465,-0.05669071525335312,1722.8702844409977,514.8896395530192
car_29,-0.2213575392961502,-0.056269723922014236,1730.061317624033,516.0108801092946
car_29,-0.22136422991752625,-0.05633554980158806,1736.87445647731,518.610891295462
car_29,-0.22141526639461517,-0.056020695716142654,1744.1165482505928,520.0861170068945
car_29,-0.2214352935552597,-0.05589761957526207,1746.9535953458353,520.6599430381392
car_29,-0.22142261266708374,-0.056046102195978165,1748.9493929847733,521.8589948767809
car_29,-0.22134776413440704,-0.05659966543316841,1748.3726257635524,523.5866782614149
car_29,-0.22129729390144348,-0.05684085562825203,1746.2480443990416,523.7863958424687
car_29,-0.22125720977783203,-0.0570189543068409,1741.7295918746695,522.8687405039157
car_29,-0.2212015837430954,-0.0572674497961998,1735.5089362895678,521.6075244631234
car_29,-0.2210497111082077,-0.058014944195747375,1728.0500064472474,521.772088588053
car_29,-0.22096629440784454,-0.05841005966067314,1720.819708190482,520.6443876001952
car_29,-0.22087697684764862,-0.05883333832025528,1713.1980025886785,519.4556392759787
car_29,-0.22079680860042572,-0.059216707944869995,1706.4105295470692,518.3970052083012
car_29,-0.22070594131946564,-0.059652090072631836,1698.8194698445918,517.2130366884187
car_29,-0.22058062255382538,-0.060285784304142,1691.1559147175428,516.645951043993
car_29,-0.22047434747219086,-0.060824692249298096,1684.5727102458334,516.1019885746759
car_29,-0.22037769854068756,-0.061294618993997574,1676.9394812490084,514.9332260303042
car_29,-0.22028207778930664,-0.061758797615766525,1669.3919441372711,513.7557147024287
car_29,-0.220193013548851,-0.062189869582653046,1662.4713810598219,512.6760192602824
car_29,-0.22010020911693573,-0.06263788044452667,1655.359459584693,511.5664694858397
car_29,-0.21998538076877594,-0.06321440637111664,1648.2117875552974,510.8189872601294
car_29,-0.21985812485218048,-0.06386077404022217,1640.9965151378576,510.2330854397659
car_29,-0.21972155570983887,-0.06455118954181671,1633.4037319267343,509.6165286075844
car_29,-0.21958985924720764,-0.06521406769752502,1626.217720639487,509.0330028789959
car_29,-0.21946769952774048,-0.06582627445459366,1619.7304060732715,508.52572555751
car_29,-0.21931736171245575,-0.0665755569934845,1612.017920583378,507.95941323553404
car_29,-0.2191721796989441,-0.0672912672162056,1604.728308991217,507.4241516946897
car_29,-0.21903498470783234,-0.067961186170578,1597.9681151115037,506.9277642333396
car_29,-0.21888647973537445,-0.06868629902601242,1591.325945313471,506.611681866483
car_29,-0.21872957050800323,-0.06944243609905243,1584.482298244081,506.29668660411113
car_29,-0.21856214106082916,-0.07023988664150238,1577.4130465061958,506.0032205232028
car_29,-0.21841052174568176,-0.0709240585565567,1569.8218873420822,505.20806903696354
car_29,-0.21823351085186005,-0.07174258679151535,1562.9039882036743,505.00872542320724
car_29,-0.21804679930210114,-0.07258869707584381,1555.7664811207146,504.8030536684357
car_29,-0.21784864366054535,-0.0734669491648674,1548.3586311850681,504.58959181436825
car_29,-0.2176414579153061,-0.07436323910951614,1540.789063280029,504.37146995532197
car_29,-0.21745501458644867,-0.07514986395835876,1534.125768911866,504.1794629381197
car_29,-0.21724854409694672,-0.07599334418773651,1526.5361573901075,503.82675887201987
car_29,-0.21705149114131927,-0.07678350806236267,1519.7521219271773,503.6243711792117
car_29,-0.21684546768665314,-0.07759217917919159,1512.996091114673,503.49893955697974
car_29,-0.21660667657852173,-0.07850246876478195,1505.3690875415946,503.37500493589766
car_29,-0.2163616567850113,-0.0794062688946724,1497.7064369124328,503.25049106972335
car_29,-0.21611011028289795,-0.08032116293907166,1491.0882039283808,503.5683200235026
car_29,-0.2156008929014206,-0.0822266936302185,1487.3684184517322,507.9841176731632
car_29,-0.21502694487571716,-0.08424147218465805,1486.5748298600095,514.1391109455764
car_29,-0.21442045271396637,-0.08615753054618835,1486.0806299500034,520.5867553673121
car_29,-0.21376803517341614,-0.08797597140073776,1485.5630583626344,527.3393214657334
car_29,-0.21300317347049713,-0.08980093896389008,1484.9729286394615,535.0385268696161
car_29,-0.2122400999069214,-0.09131453931331635,1484.3896153885416,542.4806487457188
car_29,-0.21153637766838074,-0.09247121214866638,1483.867894818085,549.1154588285975
car_29,-0.21081648766994476,-0.09345673024654388,1483.354641554743,555.6425887129143
car_29,-0.20996597409248352,-0.09439999610185623,1482.7558161865284,563.2579537491009
car_29,-0.20922254025936127,-0.09503287076950073,1482.1937882218601,570.4053598856381
car_29,-0.20848576724529266,-0.09559483826160431,1481.6739062784343,577.0167878328408
car_29,-0.20758631825447083,-0.09621746093034744,1481.0827475392668,584.5346550309401
car_29,-0.20660197734832764,-0.09683746099472046,1480.526908010099,592.1982969966184
car_29,-0.2054382860660553,-0.09757136553525925,1479.8095020476544,599.6871367882601
car_29,-0.20418302714824677,-0.09831595420837402,1479.097574427459,607.1187893949956
car_29,-0.20292066037654877,-0.09901010245084763,1478.4707554434963,614.1491783379433
car_29,-0.20146355032920837,-0.09975115209817886,1477.8155704133123,621.7684425491414
car_29,-0.19999940693378448,-0.1004406064748764,1477.19883513848,628.9405676601076
car_29,-0.19854384660720825,-0.10108088701963425,1476.6224826441064,635.643074175225
car_29,-0.1969820261001587,-0.10172823071479797,1476.0401366280873,642.4152804283818
car_29,-0.19527913630008698,-0.10239822417497635,1475.4428110122983,649.3616871335768
car_29,-0.19332532584667206,-0.10313456505537033,1474.7993797218464,656.8442649976149
car_29,-0.19153611361980438,-0.10378927737474442,1474.2441280688586,663.3013860442171
car_29,-0.18942095339298248,-0.10455089807510376,1473.62340117045,670.519930461574
car_29,-0.18706779181957245,-0.10539557039737701,1472.9709563613674,678.1073281501775
car_29,-0.18454350531101227,-0.10631250590085983,1472.307594604244,685.821680985294
car_29,-0.1820417195558548,-0.10724734514951706,1470.5594994972844,692.5984241209112
car_29,-0.1799556165933609,-0.10800635814666748,1466.1442302519238,697.2686430350033
car_29,-0.17857272922992706,-0.10849043726921082,1458.8015417745435,698.7689244996286
car_29,-0.17780344188213348,-0.10877498239278793,1451.8006705914158,698.2415980446026
car_29,-0.17705826461315155,-0.10905682295560837,1444.957060111592,697.6951841188575
car_29,-0.17627368867397308,-0.10936040431261063,1437.7714429098917,697.1223063498397
car_29,-0.17547498643398285,-0.10967720299959183,1430.4752596919361,696.5415207420086
car_29,-0.1746612936258316,-0.11000791192054749,1423.0618226077866,695.9514015749845
car_29,-0.17388604581356049,-0.11033104360103607,1416.0169998148392,695.3906245816389
car_29,-0.17315669357776642,-0.11064232140779495,1409.4072731431013,694.8644818015076
car_29,-0.17243647575378418,-0.11095714569091797,1402.8946820174706,694.3460711363058
car_29,-0.17158664762973785,-0.11133794486522675,1395.23551499627,693.7363915489099
car_29,-0.170759379863739,-0.11171870678663254,1387.8029494919463,693.1447497349338
car_29,-0.16995742917060852,-0.11209769546985626,1380.6200275560482,692.5729798714417
car_29,-0.16918599605560303,-0.11247123032808304,1373.7300313674587,692.0245272757755
car_29,-0.1683804988861084,-0.11287105828523636,1366.5592408030293,691.4545131738905
car_29,-0.1675751507282257,-0.11328090727329254,1359.4079756365848,690.8868911547397
car_29,-0.1667214334011078,-0.11372663080692291,1351.8438843056176,690.2865016160506
car_29,-0.16607414186000824,-0.11408067494630814,1345.234228678075,689.4115940978356
car_29,-0.16528555750846863,-0.11450698226690292,1338.7369737471925,689.0851619660425
car_29,-0.16445690393447876,-0.11496588587760925,1331.905274056571,688.7419268125041
car_29,-0.16360518336296082,-0.11545079946517944,1324.7522050795205,688.3315432018816
car_29,-0.1627434492111206,-0.11595774441957474,1317.1581136157513,687.7540783844073
car_29,-0.16189177334308624,-0.11647238582372665,1309.6192262363625,687.1808113589485
car_29,-0.1611941158771515,-0.1170395240187645,1302.081935418727,686.6076657381693
car_29,-0.1606108695268631,-0.1176820769906044,1294.4367748460436,686.0263175577151
car_29,-0.16004614531993866,-0.11834803223609924,1286.9729470923105,685.4587581660443
car_29,-0.159534752368927,-0.1189894825220108,1280.1510771904807,684.9400141034415
car_29,-0.15896475315093994,-0.11975053697824478,1272.4546994062312,684.3547712980844
car_29,-0.15841637551784515,-0.1205301582813263,1264.9438069216444,683.7836330416685
car_29,-0.15818291902542114,-0.12096038460731506,1258.0688833188842,681.8507586956896
car_29,-0.15770269930362701,-0.12170629948377609,1251.334748567867,681.338971489488
car_29,-0.15718287229537964,-0.12256007641553879,1243.9033572525882,680.774193512798
car_29,-0.15667101740837097,-0.1234491840004921,1236.4250855173836,680.2058526731676
car_29,-0.15620039403438568,-0.12431178987026215,1229.3830894544901,679.6706683288735
car_29,-0.15574321150779724,-0.12519316375255585,1222.3583920599535,679.1310584091153
car_29,-0.1554449200630188,-0.12579433619976044,1217.5971753662282,678.7363461443506
car_29,-0.15540026128292084,-0.12588617205619812,1216.8810357759417,678.6794559199953
car_29,-0.15568296611309052,-0.12549659609794617,1215.059203722963,676.1324016912686
car_29,-0.1563604772090912,-0.12453611195087433,1212.8509484272406,671.1148138681172
car_29,-0.15727347135543823,-0.12330622225999832,1210.399739108269,664.782222780604
car_29,-0.1584981083869934,-0.12178057432174683,1207.4984783685964,656.7522520900495
car_29,-0.1603938192129135,-0.11963379383087158,1205.8879563536275,646.1732640229036
car_29,-0.16287843883037567,-0.11724773049354553,1206.7454103763735,634.4215761265369
car_29,-0.16617675125598907,-0.11549989879131317,1207.532857375635,623.47376930185
car_29,-0.16858670115470886,-0.11426910012960434,1209.1448967407957,616.103644218714
car_29,-0.17029884457588196,-0.11341924220323563,1210.5904703230774,611.0354837474584
car_29,-0.1710752695798874,-0.11304200440645218,1211.1606852723216,608.6992449564727
car_29,-0.17116132378578186,-0.11300073564052582,1211.204347349486,608.430873854627
car_29,-0.17123274505138397,-0.11296636611223221,1211.2296542581694,608.2031116764753
car_29,-0.17123958468437195,-0.11296319216489792,1211.232097123815,608.1811258856644
car_29,-0.17124143242835999,-0.11296229064464569,1211.232737166735,608.1753654993846
car_29,-0.17139947414398193,-0.11288684606552124,1211.2887466180287,607.6712804377419
car_29,-0.17197275161743164,-0.11261500418186188,1211.4316179874622,605.8145875755765
car_29,-0.17248447239398956,-0.11237448453903198,1211.5364820413604,604.1464290661409
car_29,-0.17263543605804443,-0.11230383813381195,1211.566675999038,603.6543067689299
car_29,-0.17274191975593567,-0.11225409805774689,1211.588007446659,603.3066318758816
car_29,-0.1730804741382599,-0.11209645867347717,1211.6557557841566,602.202421959526
car_29,-0.1737055480480194,-0.11180746555328369,1211.780920102056,600.16240612883
car_29,-0.17446927726268768,-0.11145734786987305,1211.933966334991,597.6679512933275
car_29,-0.17565004527568817,-0.11092320084571838,1212.1706630816007,593.8101017219622
car_29,-0.1772676706314087,-0.11020296066999435,1212.6358279186131,588.5839062156306
car_29,-0.17803527414798737,-0.10986599326133728,1212.8708417637013,586.1082700657904
car_29,-0.1781405657529831,-0.1098199337720871,1212.9029216698755,585.7684235597561
car_29,-0.17814642190933228,-0.10981732606887817,1212.9047245301697,585.7493245085149
car_29,-0.17814989387989044,-0.10981585085391998,1212.9057692746621,585.738256746548
car_29,-0.17815041542053223,-0.10981570929288864,1212.9059124448322,585.7367400375589
car_29,-0.178150475025177,-0.10981563478708267,1212.905926426759,585.7365919165222
car_29,-0.178150475025177,-0.10981563478708267,1212.905926426759,585.7365919165222
car_29,-0.178150475025177,-0.10981563478708267,1212.905926426759,585.7365919165222
car_29,-0.178150475025177,-0.10981563478708267,1212.905926426759,585.7365919165222
car_29,-0.178150475025177,-0.10981563478708267,1212.905926426759,585.7365919165222
car_29,-0.17872348427772522,-0.10956598073244095,1213.0815989648804,583.8867586498367
car_29,-0.17983853816986084,-0.10908432304859161,1213.42604215965,580.2850808958334
car_29,-0.18168334662914276,-0.10828697681427002,1213.9904757807803,574.3830684661892
car_29,-0.18472932279109955,-0.10678355395793915,1214.7763736256088,566.1940850534043
car_29,-0.18826176226139069,-0.1050930991768837,1215.6023744273548,556.1038271857599
car_29,-0.1920214742422104,-0.10331307351589203,1216.4083336720948,544.4395942275046
car_29,-0.1953268051147461,-0.10171365737915039,1214.917825531871,532.1592010497932
car_29,-0.19847799837589264,-0.10011561959981918,1215.3929585288647,520.1092073318136
car_29,-0.20130985975265503,-0.0985841155052185,1216.403539730431,508.2032975508596
car_29,-0.20390267670154572,-0.09708565473556519,1217.4511268949739,495.8614112685898
car_29,-0.20613378286361694,-0.09576151520013809,1219.6480258904073,483.45167092287176
car_29,-0.2078271359205246,-0.09471412748098373,1220.777386856487,470.9789135194323
car_29,-0.2093084454536438,-0.09349073469638824,1221.1880474219413,458.59788613952907
car_29,-0.2108318954706192,-0.091408371925354,1222.1308454995678,445.8068653511212
car_29,-0.2122264951467514,-0.08864349126815796,1223.0403329042208,433.4677732636669
car_29,-0.21361573040485382,-0.0849708765745163,1223.9750289075234,420.7866739988252
car_29,-0.2148902863264084,-0.08087601512670517,1224.8627742602441,408.7425581579776
car_29,-0.21616646647453308,-0.07629377394914627,1225.7892680259977,396.1727393395955
car_29,-0.2174266129732132,-0.07170841097831726,1226.7717650367645,383.4095222006337
car_29,-0.21862390637397766,-0.06783357262611389,1227.721018066364,371.4883835042347
car_29,-0.21974332630634308,-0.06409096717834473,1228.6170013780545,359.30951959279054
car_29,-0.22102169692516327,-0.06118682026863098,1229.5568895652443,346.44028133742466
car_29,-0.22264710068702698,-0.059721797704696655,1230.4858736252324,333.72034574681516
car_29,-0.2245120406150818,-0.05937768891453743,1231.3439460208178,321.971354484187
car_29,-0.22684969007968903,-0.05980324000120163,1232.2560977632531,309.4818921646863
car_29,-0.22935181856155396,-0.060773082077503204,1232.9190799926519,297.48323067511495
car_29,-0.23215115070343018,-0.0622224435210228,1234.0459546971113,285.0007622465717
car_29,-0.23501592874526978,-0.0645119696855545,1235.1714663281846,272.5670997252908
car_29,-0.2363305538892746,-0.06758752465248108,1236.4447593802904,260.46276367404465
car_29,-0.2358405739068985,-0.07123617827892303,1237.4274214173715,247.7041540158487
car_29,-0.23540227115154266,-0.07447126507759094,1238.3748117643777,235.4035021383256
car_29,-0.2350475937128067,-0.07780632376670837,1239.350268260839,222.738447208691
car_30,-0.2398655265569687,-0.10340683162212372,1451.57959864128,127.66883266178554
car_30,-0.23985247313976288,-0.1034020259976387,1449.0050730803898,127.45789464314117
car_30,-0.23982195556163788,-0.10342180728912354,1443.9010107330942,126.88588490011306
car_30,-0.23977583646774292,-0.1034715473651886,1436.8072145279461,125.97391282542192
car_30,-0.23968274891376495,-0.10371196269989014,1426.3950626657524,123.75693573633052
car_30,-0.23954756557941437,-0.10429037362337112,1418.099948348636,119.94521275858538
car_30,-0.2393816113471985,-0.10498728603124619,1409.1822993653032,115.42490483835029
car_30,-0.23923979699611664,-0.10550644248723984,1400.6144113952894,111.85476114891465
car_30,-0.2392103224992752,-0.10552235692739487,1396.0938596050855,111.3546425452022
car_30,-0.23920828104019165,-0.1055227518081665,1395.766455433476,111.32249433196921
car_30,-0.23920787870883942,-0.10552287101745605,1395.6951272699268,111.31549053296438
car_30,-0.23920772969722748,-0.1055227741599083,1395.6689920817478,111.31292428709669
car_30,-0.23920759558677673,-0.1055227518081665,1395.6551247848774,111.31156264037556
car_30,-0.23920755088329315,-0.10552281886339188,1395.6518533917506,111.31124141831143
car_30,-0.23920761048793793,-0.10552297532558441,1395.6497736689978,111.31103720780855
car_30,-0.23920764029026031,-0.10552291572093964,1395.6491075840709,111.31097180412064
car_30,-0.23920764029026031,-0.10552290081977844,1395.6487998679472,111.31094158910075
car_30,-0.23920759558677673,-0.10552289336919785,1395.6486517580681,111.31092704601186
car_30,-0.23920759558677673,-0.10552289336919785,1395.6486517580681,111.31092704601186
car_30,-0.23920759558677673,-0.10552289336919785,1395.6486517580681,111.31092704601186
car_30,-0.23920759558677673,-0.10552289336919785,1395.6486517580681,111.31092704601186
car_30,-0.23920759558677673,-0.10552289336919785,1395.6486517580681,111.31092704601186
car_30,-0.23920759558677673,-0.10552289336919785,1395.6486517580681,111.31092704601186
car_30,-0.23920759558677673,-0.10552289336919785,1395.6486517580681,111.31092704601186
car_30,-0.23920759558677673,-0.10552289336919785,1395.6486517580681,111.31092704601186
car_30,-0.23920759558677673,-0.10552289336919785,1395.6486517580681,111.31092704601186
car_30,-0.23918770253658295,-0.1055617704987526,1393.4966213319108,110.90378740497962
car_30,-0.23913373053073883,-0.10571326315402985,1389.148399121862,109.68602045422014
car_30,-0.2389972060918808,-0.10625263303518295,1383.680898492519,106.25119887603431
car_30,-0.23883934319019318,-0.10681786388158798,1376.71486954645,102.49986896432237
car_30,-0.23877109587192535,-0.10689738392829895,1368.3225354207923,101.28610774036147
car_30,-0.23871822655200958,-0.10687906295061111,1359.2776112227361,100.55637265732469
car_30,-0.23866108059883118,-0.10685993731021881,1349.7257941111852,99.78574198088984
car_30,-0.23860710859298706,-0.10684257745742798,1340.9595161960383,99.07848779033418
car_30,-0.23855005204677582,-0.10682495683431625,1331.929614043688,98.34996467033108
car_30,-0.23849041759967804,-0.10680736601352692,1322.7041287635996,97.60566210687045
car_30,-0.23855093121528625,-0.10618549585342407,1314.04160258888,100.2514957347528
car_30,-0.23848707973957062,-0.1061689481139183,1304.8586414399585,99.5075120441265
car_30,-0.23842264711856842,-0.1061529815196991,1295.8188456736152,98.77512730377053
car_30,-0.23835135996341705,-0.10613629221916199,1286.08175691608,97.98624939039314
car_30,-0.23828668892383575,-0.10612135380506516,1277.4735299081465,97.29088492099743
car_30,-0.2382320910692215,-0.10611014813184738,1270.3777701525094,96.71267196759851
car_30,-0.23819981515407562,-0.10610587894916534,1266.3035681632687,96.36946401360572
car_30,-0.23819683492183685,-0.1061054989695549,1265.9262963826038,96.33802469855033
car_30,-0.23819653689861298,-0.10610537230968475,1265.8848198692644,96.33456832243871
car_30,-0.2381964474916458,-0.10610542446374893,1265.8709660004456,96.33341383337047
car_30,-0.2381964474916458,-0.10610541701316833,1265.8692455489224,96.33327046241021
car_30,-0.2381964474916458,-0.10610537976026535,1265.8680579692677,96.33317149743897
car_30,-0.23819643259048462,-0.10610534250736237,1265.8678227173461,96.33315189311217
car_30,-0.23819643259048462,-0.10610534250736237,1265.8678227173461,96.33315189311217
car_30,-0.23819643259048462,-0.10610534250736237,1265.8678227173461,96.33315189311217
car_30,-0.23819643259048462,-0.10610534250736237,1265.8678227173461,96.33315189311217
car_30,-0.23819643259048462,-0.10610534250736237,1265.8678227173461,96.33315189311217
car_30,-0.23819643259048462,-0.10610534250736237,1265.8678227173461,96.33315189311217
car_30,-0.23819643259048462,-0.10610534250736237,1265.8678227173461,96.33315189311217
car_30,-0.23819643259048462,-0.10610534250736237,1265.8678227173461,96.33315189311217
car_30,-0.23819643259048462,-0.10610534250736237,1265.8678227173461,96.33315189311217
car_30,-0.23819643259048462,-0.10610534250736237,1265.8678227173461,96.33315189311217
car_30,-0.23819643259048462,-0.10610534250736237,1265.8678227173461,96.33315189311217
car_30,-0.23819643259048462,-0.10610534250736237,1265.8678227173461,96.33315189311217
car_30,-0.23819643259048462,-0.10610534250736237,1265.8678227173461,96.33315189311217
car_30,-0.23819643259048462,-0.10610534250736237,1265.8678227173461,96.33315189311217
car_30,-0.23819643259048462,-0.10610534250736237,1265.8678227173461,96.33315189311217
car_30,-0.23819643259048462,-0.10610534250736237,1265.8678227173461,96.33315189311217
car_30,-0.23819643259048462,-0.10610534250736237,1265.8678227173461,96.33315189311217
car_30,-0.2381792515516281,-0.10611661523580551,1264.0152417414786,96.10478026606343
car_30,-0.2381439208984375,-0.10616429895162582,1260.7403376124685,95.54838820837766
car_30,-0.23807401955127716,-0.10631954669952393,1255.671281782989,94.23733257325584
car_30,-0.23795859515666962,-0.10664036870002747,1248.9422127192502,91.85490341784372
car_30,-0.23786918818950653,-0.10673099756240845,1240.4137891377968,90.58469432475319
car_30,-0.2377951741218567,-0.10671506822109222,1231.5409449987155,89.87980664198956
car_30,-0.23771639168262482,-0.10669742524623871,1222.3041195994417,89.15433008952367
car_30,-0.2376350313425064,-0.10667857527732849,1212.986832923429,88.4302400320195
car_30,-0.2375587821006775,-0.10666191577911377,1204.4684579994828,87.76823715467947
car_30,-0.23747381567955017,-0.10664410144090652,1195.2263764404086,87.05004428484378
car_30,-0.2373911291360855,-0.10662758350372314,1186.4635681642565,86.37014721271662
car_30,-0.2373071014881134,-0.10661153495311737,1177.7741313561485,85.69630860815973
car_30,-0.23721392452716827,-0.1065947487950325,1168.3860500968258,84.96808293735259
car_30,-0.2371222823858261,-0.10657998919487,1159.4107541428998,84.26787901634518
car_30,-0.23702077567577362,-0.10656505823135376,1149.7458651017046,83.5111811870533
car_30,-0.23692642152309418,-0.10655210167169571,1141.0013971668845,82.8265463323346
car_30,-0.23682107031345367,-0.10653864592313766,1131.495202873385,82.08227326763026
car_30,-0.23672062158584595,-0.10652676969766617,1122.6609529792438,81.3906090705737
car_30,-0.23661921918392181,-0.106514111161232,1113.9558793559654,80.71739753597996
car_30,-0.23651541769504547,-0.106502003967762,1105.2647670282242,80.04565719974985
car_30,-0.23643188178539276,-0.1064930111169815,1098.4375791249565,79.51688824578311
car_30,-0.23638005554676056,-0.10648879408836365,1094.2704060457072,79.1889794246611
car_30,-0.23637382686138153,-0.10648835450410843,1093.7727014446257,79.14968695615467
car_30,-0.23637062311172485,-0.10648808628320694,1093.5207042702823,79.12979244239071
car_30,-0.23637054860591888,-0.10648805648088455,1093.5137670413696,79.12924476642392
car_30,-0.23637045919895172,-0.10648804903030396,1093.5089806440226,79.12886689294916
car_30,-0.2363704890012741,-0.10648797452449799,1093.5078457929899,79.12877729944657
car_30,-0.2363704890012741,-0.10648797452449799,1093.5078457929899,79.12877729944657
car_30,-0.2363704890012741,-0.10648797452449799,1093.5078457929899,79.12877729944657
car_30,-0.2363704890012741,-0.10648797452449799,1093.5078457929899,79.12877729944657
car_30,-0.2363704890012741,-0.10648797452449799,1093.5078457929899,79.12877729944657
car_30,-0.23634983599185944,-0.10648630559444427,1091.875747180669,79.00091015690836
car_30,-0.23630420863628387,-0.1064818874001503,1088.2627753604454,78.72127368649221
car_30,-0.23622988164424896,-0.1064750999212265,1082.4681468590638,78.27278154702157
car_30,-0.23612071573734283,-0.10646595060825348,1074.1367296475862,77.62794726142286
car_30,-0.23599420487880707,-0.10645589232444763,1064.726825781797,76.90180341186527
car_30,-0.23586337268352509,-0.10644781589508057,1055.2741413976164,76.16611452551452
car_30,-0.2357243448495865,-0.10644002258777618,1045.514268429805,75.40817662946013
car_30,-0.23558694124221802,-0.10643353313207626,1036.137943515097,74.68002453137298
car_30,-0.2354406863451004,-0.10642773658037186,1026.434650352657,73.92648054277863
car_30,-0.23530280590057373,-0.10639533400535583,1017.3339140444144,73.3762346584926
car_30,-0.23521949350833893,-0.10584060102701187,1008.5221656438468,75.75486349731129
car_30,-0.23506282269954681,-0.10583771765232086,999.0928826265169,75.02475835980931
car_30,-0.23491333425045013,-0.10583607107400894,990.3384400317678,74.34690581230966
car_30,-0.23475660383701324,-0.10583536326885223,981.4018815222055,73.65495211154291
car_30,-0.23458640277385712,-0.10583583265542984,971.9649269271599,72.92425296723334
car_30,-0.2344236969947815,-0.10583723336458206,963.1881077933078,72.24517137363021
car_30,-0.2342444807291031,-0.10583996027708054,953.7863919432067,71.51774355839365
car_30,-0.23405782878398895,-0.10584411770105362,944.2703139239496,70.78146733461324
car_30,-0.23387260735034943,-0.10585001111030579,935.0939961825362,70.06880652733982
car_30,-0.23368845880031586,-0.10585743188858032,926.2297603566587,69.37738532946517
car_30,-0.23349232971668243,-0.1058657094836235,917.0415716489697,68.6652458797833
car_30,-0.23327966034412384,-0.10587552189826965,907.3631748329174,67.91779841726608
car_30,-0.233060821890831,-0.1058870404958725,897.7038071680404,67.17182054635894
car_30,-0.23283930122852325,-0.10590066015720367,888.2131773231964,66.43532462497517
car_30,-0.2326178103685379,-0.10591738671064377,878.9984343229232,65.71020995879024
car_30,-0.23239551484584808,-0.10589883476495743,869.9749219819765,65.20250679293106
car_30,-0.23221485316753387,-0.10507158190011978,862.3802967844146,69.24429417498027
car_30,-0.23211830854415894,-0.10344796627759933,859.7204883124315,77.83042450979016
car_30,-0.23192144930362701,-0.10155051946640015,856.7702481363467,87.7326736433733
car_30,-0.23154568672180176,-0.09923674911260605,853.1706434924355,99.81243317945642
car_30,-0.2309320718050003,-0.09665508568286896,849.0716151070291,113.55893018963476
car_30,-0.22903232276439667,-0.09221021085977554,844.5687742492319,128.6596522557206
car_30,-0.2276926338672638,-0.08782556653022766,840.0223942166441,143.9063872497032
car_30,-0.22783318161964417,-0.08308469504117966,835.6201590223471,158.66968298993166
car_30,-0.227976456284523,-0.07847438752651215,831.1803781630127,173.5569481777177
car_30,-0.22539402544498444,-0.07484748959541321,826.6274856615536,188.7782687368203
car_30,-0.22225232422351837,-0.07385948300361633,822.9275881760668,201.17991319115575
car_30,-0.22021646797657013,-0.07392238080501556,820.2708533838696,210.04976718100122
car_30,-0.21925778687000275,-0.07425560057163239,818.5595907793454,214.49017201078976
car_30,-0.2182675451040268,-0.07499960064888,813.1426863459345,218.04199568594248
car_30,-0.21806983649730682,-0.07543148845434189,804.9266033042993,215.95805097284335
car_30,-0.2179403305053711,-0.07585079967975616,795.7593252435623,213.05855571932295
car_30,-0.2177821844816208,-0.07628758251667023,786.7265905046253,210.34740178144511
car_30,-0.21762757003307343,-0.07669937610626221,778.3636799723228,207.85368381382276
car_30,-0.21745771169662476,-0.07714143395423889,769.50339831084,205.21165583898195
car_30,-0.21729277074337006,-0.07756031304597855,761.2251813835676,202.7469458167363
car_30,-0.2171037793159485,-0.07802942395210266,752.0774954915357,200.02350970449191
car_30,-0.21690250933170319,-0.07848214358091354,743.6155797425602,197.61945029177028
car_30,-0.21668799221515656,-0.07894140481948853,735.2405766823747,195.2908554440726
car_30,-0.21644394099712372,-0.07945379614830017,726.0131848605605,192.72526150941337
car_30,-0.21619494259357452,-0.0799654871225357,716.9187139661152,190.19816359351358
car_30,-0.21594592928886414,-0.08046689629554749,708.1182298020326,187.75313734359614
car_30,-0.21567800641059875,-0.08099554479122162,698.9564647111717,185.2077369173155
car_30,-0.21540622413158417,-0.0814962089061737,690.6020645048669,182.99747964422656
car_30,-0.21485283970832825,-0.08223538845777512,681.2881234258824,181.9319264800959
car_30,-0.21425120532512665,-0.0830501839518547,671.7632197352933,181.03420084113574
car_30,-0.21376293897628784,-0.08373580873012543,664.0627083054623,180.3084248366502
car_30,-0.21350550651550293,-0.08410577476024628,660.0141112049661,179.92684308663982
car_30,-0.21309638023376465,-0.08470437675714493,653.6350799141363,179.34076592020014
car_30,-0.21258209645748138,-0.08547618985176086,645.6611349276653,178.6148386772539
car_30,-0.21200746297836304,-0.08636474609375,636.6227375841182,177.7174509511325
car_30,-0.21140839159488678,-0.08731289952993393,627.2329026540422,176.76999017751885
car_30,-0.2108704000711441,-0.08818039298057556,618.8645858479836,175.9256034578422
car_30,-0.2103155553340912,-0.08908796310424805,610.3018185063005,175.06159613180938
car_30,-0.20984268188476562,-0.08986902981996536,603.0623849194186,174.33111690636724
car_30,-0.20936910808086395,-0.09065631031990051,595.8675602449994,173.60513884575138
car_30,-0.2088448703289032,-0.09153072535991669,587.9721485114414,172.80846957895585
car_30,-0.20837770402431488,-0.09231037646532059,580.9974264359458,172.1047004900848
car_30,-0.2078831046819687,-0.09296485036611557,574.702660158852,171.46954085511516
car_30,-0.20726339519023895,-0.0936896950006485,567.4767001390077,170.75896126216318
car_30,-0.20662137866020203,-0.0944269672036171,560.28030296785,170.13130278095863
car_30,-0.2060345560312271,-0.09508942067623138,553.8278726750729,169.5892689358807
car_30,-0.20549724996089935,-0.09568580985069275,547.9831123799893,169.09828216770913
car_30,-0.20484186708927155,-0.09639867395162582,540.930910549125,168.5058647526883
car_30,-0.20418071746826172,-0.09710006415843964,533.8998572558625,167.91526537680406
car_30,-0.2035464495420456,-0.09775487333536148,527.229896946822,167.35526870917846
car_30,-0.2028929442167282,-0.09840983152389526,520.4320586669694,166.78453566019533
car_30,-0.2021491974592209,-0.09912960976362228,512.783686316135,166.14239345382842
car_30,-0.20144011080265045,-0.09978979825973511,505.56603800465325,165.5320860273476
car_30,-0.20076145231723785,-0.10039745271205902,498.7178550637167,164.94547555406237
car_30,-0.20010864734649658,-0.10095932334661484,492.19854652602703,164.38703622792724
car_30,-0.19943936169147491,-0.1015128493309021,485.5830511675149,163.82035760722698
car_30,-0.1987563818693161,-0.10205516219139099,478.90141776243075,163.24801364856242
car_30,-0.198222354054451,-0.10246410965919495,473.71424592034793,162.79687168334416
car_30,-0.19754858314990997,-0.1029624491930008,467.22327192503485,162.2271510861224
car_30,-0.1967841386795044,-0.1035064160823822,459.94516079721586,161.58834251573197
car_30,-0.19612397253513336,-0.10396016389131546,453.73548795757324,161.04331205939252
car_30,-0.19546790421009064,-0.10439915210008621,447.6345492967659,160.5078253327536
car_30,-0.19483311474323273,-0.10481412708759308,441.8749172350742,160.0465153799707
car_30,-0.19409021735191345,-0.10529176890850067,435.2391783542475,159.52725896457954
car_30,-0.1933167427778244,-0.10578455775976181,428.4306868308954,158.99448439853202
car_30,-0.19257844984531403,-0.10625520348548889,422.0195264063924,158.48543548271854
car_30,-0.19168968498706818,-0.10682745277881622,414.432360573895,157.8802714710192
car_30,-0.19085344672203064,-0.10735639929771423,407.4665691451439,157.284588942475
car_30,-0.1900443434715271,-0.10787444561719894,400.93296479638207,156.72586507042314
car_30,-0.18924805521965027,-0.10841631144285202,394.607792850706,156.18496538133317
car_30,-0.18840578198432922,-0.10902611911296844,388.0389992318825,155.6232322843307
car_30,-0.18785083293914795,-0.10936696082353592,384.4230476929819,155.31402320845638
car_30,-0.1874447464942932,-0.10962487757205963,381.80390463726434,155.0901933809907
car_30,-0.1867433339357376,-0.11008793860673904,377.33353873233506,154.70815956003372
car_30,-0.18581435084342957,-0.11073387414216995,370.7477902729145,153.71672346312462
car_30,-0.185505673289299,-0.11094080656766891,362.8545016037181,149.65450160371813
car_30,-0.18668557703495026,-0.11011239886283875,355.7303983519608,139.697919329266
car_30,-0.18861016631126404,-0.10891827940940857,353.68248725639114,126.77393984776562
car_30,-0.1907811015844345,-0.10785731673240662,351.31479401792336,111.83187576175968
car_30,-0.19258229434490204,-0.10654263943433762,348.85881910814567,96.3326827500544
car_30,-0.19350528717041016,-0.10589443147182465,347.2152133968872,85.27198540515572
car_30,-0.19326357543468475,-0.10629543662071228,341.1710062176014,79.46821846443183
car_30,-0.19190143048763275,-0.1070304587483406,332.7036957378262,78.99976455035838
car_30,-0.19037561118602753,-0.1078714057803154,323.1359850549582,78.20534676671457
car_30,-0.18892128765583038,-0.1086704358458519,314.1475857278066,77.45301378338469
car_30,-0.18750129640102386,-0.10944510251283646,305.4671216479189,76.66528374846581
car_30,-0.1859394907951355,-0.1102851927280426,296.04782569121454,75.74777699444907
car_30,-0.18448713421821594,-0.11104945093393326,287.40498882368126,74.78221639739839
car_30,-0.18299008905887604,-0.11181791126728058,278.67454559728384,73.80099881987016
car_30,-0.18268413841724396,-0.1119297593832016,276.38539750457755,71.3154119827895
car_30,-0.18335942924022675,-0.11158796399831772,279.9106400080436,70.71959473485954
car_30,-0.18433521687984467,-0.11110401153564453,285.4363871472478,71.34097606428185
car_30,-0.1855861097574234,-0.11047402769327164,292.6278832961078,72.14967420499292
car_30,-0.18721376359462738,-0.10964161902666092,302.12066953912995,73.1242723019027
car_30,-0.18868233263492584,-0.10888216644525528,310.81679916491277,73.96169624929867
car_30,-0.19016297161579132,-0.10811569541692734,319.6600388950422,74.70288130871972
car_30,-0.19155588746070862,-0.1073191910982132,328.52562561473087,75.445939353075
car_30,-0.19232212007045746,-0.10680408030748367,333.88509340425384,75.79622892556726
car_30,-0.19333787262439728,-0.10613740980625153,340.98494060847855,76.0828830379089
car_30,-0.19466133415699005,-0.10533414036035538,350.4720868774704,77.88133108239587
car_30,-0.19471202790737152,-0.10510799288749695,356.5047805870003,87.25211656297483
car_30,-0.19348053634166718,-0.10606830567121506,358.6816543655256,101.49339724773304
car_30,-0.1913221925497055,-0.10748139768838882,361.14545040369205,117.48172183726804
car_30,-0.18906675279140472,-0.10861757397651672,363.56482296517834,132.8064878822605
car_30,-0.18633399903774261,-0.11038943380117416,366.10885930223077,148.8679233368177
car_30,-0.18193157017230988,-0.11430368572473526,368.65811063950366,164.90442631322762
car_30,-0.17745250463485718,-0.12042611837387085,371.13781158754,180.6441035808789
car_30,-0.17367121577262878,-0.12678714096546173,373.6073903810776,196.32592891984248
car_30,-0.16962340474128723,-0.1329682469367981,375.99083991902273,211.4636491733807
car_30,-0.16587290167808533,-0.13945654034614563,378.35123276650614,226.45499514284222
car_30,-0.16125574707984924,-0.1479840874671936,380.8737183356108,242.47582570489874
car_30,-0.1550920456647873,-0.1567123681306839,383.3895515105053,258.4544055275348
car_30,-0.14855626225471497,-0.16323836147785187,385.86100446787214,274.1511173569391
car_30,-0.1426524668931961,-0.16826415061950684,387.9682587262368,287.53472749050104
car_30,-0.13871648907661438,-0.17136898636817932,389.3767479946329,296.4803358197722
car_30,-0.1362893432378769,-0.17339108884334564,390.27013617233297,302.154429973721
car_30,-0.1367104947566986,-0.17283837497234344,393.70416137034687,303.3570949173049
car_30,-0.13669386506080627,-0.17285406589508057,393.7105101953123,303.3974034394462
car_30,-0.13668642938137054,-0.17286109924316406,393.71336161622514,303.41550703556425
car_30,-0.13668480515480042,-0.17286260426044464,393.7139701000023,303.419370283006
car_30,-0.13668476045131683,-0.17286266386508942,393.71398849072375,303.4194870452111
car_30,-0.13668476045131683,-0.17286266386508942,393.71398849072375,303.4194870452111
car_30,-0.13668476045131683,-0.17286266386508942,393.71398849072375,303.4194870452111
car_30,-0.13668476045131683,-0.17286266386508942,393.71398849072375,303.4194870452111
car_30,-0.13668476045131683,-0.17286266386508942,393.71398849072375,303.4194870452111
car_30,-0.13668476045131683,-0.17286266386508942,393.71398849072375,303.4194870452111
car_30,-0.13668476045131683,-0.17286266386508942,393.71398849072375,303.4194870452111
car_30,-0.13668476045131683,-0.17286266386508942,393.71398849072375,303.4194870452111
car_30,-0.13668476045131683,-0.17286266386508942,393.71398849072375,303.4194870452111
car_30,-0.13668476045131683,-0.17286266386508942,393.71398849072375,303.4194870452111
car_30,-0.13668476045131683,-0.17286266386508942,393.71398849072375,303.4194870452111
car_30,-0.13668476045131683,-0.17286266386508942,393.71398849072375,303.4194870452111
car_30,-0.1358833611011505,-0.17360815405845642,394.0085597753338,305.35165037952635
car_30,-0.13451707363128662,-0.1747000813484192,394.54125219590065,308.9718209433783
car_30,-0.13281086087226868,-0.17585447430610657,395.26694883375035,313.90364558588857
car_30,-0.12898820638656616,-0.17676222324371338,396.35678374340847,321.3101490521939
car_30,-0.12417680025100708,-0.17743706703186035,397.74426990767256,330.73948646284475
car_30,-0.1189182847738266,-0.17762917280197144,399.40620084916526,342.03394690803947
car_30,-0.11331808567047119,-0.17692074179649353,400.6473069432987,355.6121401642561
car_30,-0.10825718939304352,-0.1744290590286255,400.90729539570077,371.13215756455213
car_30,-0.105228953063488,-0.1692453771829605,401.25885033392257,386.6619091272162
car_30,-0.10195311903953552,-0.16051383316516876,398.10167478612243,402.95475144243034
car_30,-0.09649354964494705,-0.15169480443000793,398.0012310908732,419.1700419950667
car_30,-0.08947771787643433,-0.14373108744621277,399.9983268877437,434.261897920509
car_30,-0.08148971199989319,-0.13478481769561768,402.21479484677997,450.26024998380916
car_30,-0.07532884925603867,-0.1262550950050354,404.3245464839323,465.4883291083831
car_30,-0.07034634053707123,-0.11785802245140076,406.51840667310086,481.32349944815104
car_30,-0.06632587313652039,-0.11086570471525192,408.58746933545564,496.25788763925016
car_30,-0.06265640258789062,-0.10482200980186462,410.72146700420313,511.6609733764917
car_30,-0.05932646244764328,-0.09945294260978699,412.9524551609357,527.7641314821384
car_30,-0.05665528029203415,-0.09482213109731674,415.0634985567008,543.0015344541351
car_30,-0.054935723543167114,-0.09144529700279236,416.6914012297498,554.7516524660143
car_30,-0.054013658314943314,-0.08941060304641724,417.5448730347316,562.0615250401164
car_30,-0.05368099361658096,-0.08861078321933746,417.7451842405931,564.9144422145081
car_30,-0.05367707461118698,-0.08860115706920624,417.74764067986587,564.9494278647563
car_30,-0.05367419496178627,-0.08859405666589737,417.7494484908828,564.9751754762096
car_30,-0.05367370694875717,-0.08859284967184067,417.74974628770593,564.9794168249027
car_30,-0.05367352440953255,-0.0885925441980362,417.74984786718903,564.9808635629951
car_30,-0.053673502057790756,-0.08859245479106903,417.74986668395235,564.9811315593214
car_30,-0.053673502057790756,-0.08859245479106903,417.74986668395235,564.9811315593214
car_30,-0.053673502057790756,-0.08859245479106903,417.74986668395235,564.9811315593214
car_30,-0.053673502057790756,-0.08859245479106903,417.74986668395235,564.9811315593214
car_30,-0.053673502057790756,-0.08859245479106903,417.74986668395235,564.9811315593214
car_30,-0.053673502057790756,-0.08859245479106903,417.74986668395235,564.9811315593214
car_30,-0.053673502057790756,-0.08859245479106903,417.74986668395235,564.9811315593214
car_30,-0.05398906022310257,-0.08978010714054108,420.9383911371801,564.7416882065697
car_30,-0.05398906022310257,-0.08978010714054108,420.9383911371801,564.7416882065697
car_30,-0.05398906022310257,-0.08978010714054108,420.9383911371801,564.7416882065697
car_30,-0.05398906022310257,-0.08978010714054108,420.9383911371801,564.7416882065697
car_30,-0.05374995619058609,-0.08921942859888077,421.05549060547753,566.6622997267409
car_30,-0.053285952657461166,-0.08807935565710068,421.25239802345277,570.6545011029441
car_30,-0.05271311104297638,-0.08657224476337433,421.5331799001658,576.3472160151268
car_30,-0.05206812918186188,-0.08408240973949432,418.7419501102103,584.5455443761962
car_30,-0.0517149455845356,-0.0828067809343338,419.28705589479966,593.9427723572422
car_30,-0.05139461159706116,-0.08210143446922302,420.3725631721322,604.7405624246393
car_30,-0.05093736946582794,-0.08205656707286835,421.7129361011577,618.0735596342073
car_30,-0.05077764391899109,-0.08274036645889282,423.24860597514885,633.3492203860453
car_30,-0.051019977778196335,-0.08332125097513199,424.79570549577966,648.7385744567001
car_31,-0.2075432538986206,-0.0949510931968689,1232.57,478.44
car_31,-0.20776532590389252,-0.09481458365917206,1234.448697785021,477.452655178675
car_31,-0.20799149572849274,-0.0946807861328125,1238.277627481874,477.2414141403906
car_31,-0.20826071500778198,-0.09452486038208008,1244.7583277775216,477.7686139660285
car_31,-0.2086101472377777,-0.09431414306163788,1253.4408092355725,478.47492694178266
car_31,-0.20897440612316132,-0.09408166259527206,1262.841835844719,479.2396929953045
car_31,-0.20934663712978363,-0.09376642107963562,1271.982601867466,479.98328705667876
car_31,-0.2097083479166031,-0.0934198722243309,1280.89074466212,480.7074210638964
car_31,-0.21005700528621674,-0.09305848181247711,1289.6869886779102,481.4220917458996
car_31,-0.21038654446601868,-0.09268956631422043,1298.1870479643203,482.1126982316202
car_31,-0.2107229083776474,-0.0922829732298851,1307.0425235540638,482.8321813164259
car_31,-0.21105380356311798,-0.09185011684894562,1315.9293052011255,483.55420793245855
car_31,-0.21137993037700653,-0.09138896316289902,1324.854631797165,484.279366219796
car_31,-0.21167919039726257,-0.09093404561281204,1333.1815227418542,484.95590325307114
car_31,-0.21199430525302887,-0.09042030572891235,1342.092162178109,485.67986824899
car_31,-0.21243591606616974,-0.08958537131547928,1349.9829700003247,484.6962234443109
car_31,-0.2132694274187088,-0.08761972188949585,1352.922472932296,477.6670783979524
car_31,-0.21422255039215088,-0.08488643169403076,1353.6262566433327,468.25528429214705
car_31,-0.2150924950838089,-0.08197193592786789,1354.290626206601,459.37058087888556
car_31,-0.2158757597208023,-0.0790255069732666,1354.9122405076776,451.05764933016343
car_31,-0.21663974225521088,-0.07590137422084808,1355.5445031905974,442.60231554066524
car_31,-0.217435821890831,-0.07247965782880783,1356.2318979420209,433.4096931932719
car_31,-0.21817277371883392,-0.06931570172309875,1356.8878591713099,424.6374355597949
car_31,-0.21892781555652618,-0.06629671156406403,1357.5611006392314,415.63384382742566
car_31,-0.21969743072986603,-0.06365875154733658,1358.2216505392837,406.79505706958355
car_31,-0.22034195065498352,-0.06094587594270706,1358.4584802888658,397.7906340050431
car_31,-0.22052213549613953,-0.06038941442966461,1352.1541954855759,393.18444264226986
car_31,-0.22036905586719513,-0.06096424534916878,1344.2276242561406,392.4212700679523
car_31,-0.2201710045337677,-0.061744574457407,1334.6547912798935,391.6847637296848
car_31,-0.21997900307178497,-0.06254537403583527,1325.3537106603876,390.96916523903934
car_31,-0.21978794038295746,-0.06338372826576233,1316.0998925578529,390.257202991019
car_31,-0.21960903704166412,-0.06420329213142395,1307.4592607473635,389.59241753922515
car_31,-0.21938371658325195,-0.06506984680891037,1297.8986627416557,388.85685252453163
car_31,-0.21913540363311768,-0.06587550044059753,1288.4872888286943,388.1327683839328
car_31,-0.21889927983283997,-0.06665675342082977,1279.6164918181578,387.450274681185
car_31,-0.21864233911037445,-0.06752108037471771,1270.062375153924,386.7152083223323
car_31,-0.21840369701385498,-0.06833362579345703,1261.3027275732072,386.04126613821643
car_31,-0.21814610064029694,-0.06921884417533875,1251.9705995334944,385.32327894802654
car_31,-0.2179328054189682,-0.06995582580566406,1244.3513049554635,384.7370722562592
car_31,-0.21779008209705353,-0.07045108079910278,1236.1751684528704,383.1671909865344
car_31,-0.21819375455379486,-0.06913319230079651,1229.0145639434256,376.30627542221015
car_31,-0.21921010315418243,-0.06607505679130554,1228.1552040754582,365.6325903514173
car_31,-0.22035488486289978,-0.0624225027859211,1229.0954435214967,352.7585425518151
car_31,-0.2220340520143509,-0.06008906289935112,1230.1617293202235,338.1586293077089
car_31,-0.22444768249988556,-0.05937629193067551,1231.3167446515247,322.34380400219806
car_31,-0.2273026704788208,-0.05994805321097374,1232.4199521039316,307.23834811539615
car_31,-0.23066312074661255,-0.0614093616604805,1233.4511789061096,291.5713220319821
car_31,-0.23402003943920135,-0.06366104632616043,1234.7801589034182,276.8899199674734
car_31,-0.2363608032464981,-0.06733871251344681,1236.3845126461583,261.24499045697405
car_31,-0.23578448593616486,-0.07161296904087067,1237.5377255340702,246.27199614717782
car_31,-0.2352651208639145,-0.07566146552562714,1238.7233472839268,230.87821421822474
car_31,-0.23489202558994293,-0.07958831638097763,1239.8683560077916,216.01174048488366
car_31,-0.2350321263074875,-0.0834771990776062,1241.0212895146562,201.0481455752452
car_31,-0.23651038110256195,-0.08717106282711029,1241.5453902332063,186.17840221399362
car_31,-0.237931028008461,-0.0914713442325592,1241.416383414304,170.48954359351802
car_31,-0.2385011464357376,-0.09473960101604462,1242.6788783756137,154.63612427836335
car_31,-0.2386590540409088,-0.09753116220235825,1243.8667216358103,139.70422326112555
car_31,-0.23863022029399872,-0.10051940381526947,1245.1074072466317,124.09319410394158
car_31,-0.23846958577632904,-0.10286229103803635,1246.0750606639185,111.91761506961274
car_31,-0.2382804900407791,-0.10453276336193085,1246.7863886361995,103.13676640519009
car_31,-0.23815883696079254,-0.10538897663354874,1247.198102710902,98.56639543355
car_31,-0.23814696073532104,-0.10547220706939697,1247.3370249616107,98.12740112131057
car_31,-0.2381468415260315,-0.10547265410423279,1247.3376786966908,98.12533531845776
car_31,-0.23814691603183746,-0.10547275096178055,1247.3378366006818,98.12483634184551
car_31,-0.23814691603183746,-0.1054728552699089,1247.3379649494852,98.12443075962729
car_31,-0.23814691603183746,-0.1054728552699089,1247.3379649494852,98.12443075962729
car_31,-0.23814691603183746,-0.1054728552699089,1247.3379649494852,98.12443075962729
car_31,-0.23814691603183746,-0.1054728552699089,1247.3379649494852,98.12443075962729
car_31,-0.23814691603183746,-0.1054728552699089,1247.3379649494852,98.12443075962729
car_31,-0.23814691603183746,-0.1054728552699089,1247.3379649494852,98.12443075962729
car_31,-0.23814691603183746,-0.1054728552699089,1247.3379649494852,98.12443075962729
car_31,-0.23814691603183746,-0.1054728552699089,1247.3379649494852,98.12443075962729
car_31,-0.23814691603183746,-0.1054728552699089,1247.3379649494852,98.12443075962729
car_31,-0.23814691603183746,-0.1054728552699089,1247.3379649494852,98.12443075962729
car_31,-0.23814691603183746,-0.1054728552699089,1247.3379649494852,98.12443075962729
car_31,-0.23814691603183746,-0.1054728552699089,1247.3379649494852,98.12443075962729
car_31,-0.23814691603183746,-0.1054728552699089,1247.3379649494852,98.12443075962729
car_31,-0.23814691603183746,-0.1054728552699089,1247.3379649494852,98.12443075962729
car_31,-0.23814691603183746,-0.1054728552699089,1247.3379649494852,98.12443075962729
car_31,-0.23814691603183746,-0.1054728552699089,1247.3379649494852,98.12443075962729
car_31,-0.23814691603183746,-0.1054728552699089,1247.3379649494852,98.12443075962729
car_31,-0.23809723556041718,-0.10580524057149887,1247.8412783504482,96.36009425653005
car_31,-0.23797465860843658,-0.10654959082603455,1248.8378663737324,92.35001387712526
car_31,-0.2377544492483139,-0.10769813507795334,1250.0635180404072,85.98042801648442
car_31,-0.2374071329832077,-0.10920441150665283,1251.413536994873,77.22689774862314
car_31,-0.23693163692951202,-0.11088396608829498,1252.3836951666729,66.71812706288279
car_31,-0.23629486560821533,-0.11271680146455765,1253.3885448943709,54.04365316887584
car_31,-0.2355111986398697,-0.11453455686569214,1252.9554373861981,39.56320737550021
car_31,-0.23468245565891266,-0.11615944653749466,1253.7881264051255,24.632294875541177
car_31,-0.23406343162059784,-0.11720683425664902,1254.6205090659191,13.403984089516372
car_31,-0.2337062507867813,-0.11777567863464355,1255.2400415766497,6.704226319071799
car_31,-0.23354209959506989,-0.11806824803352356,1260.2630087922169,3.5673958036324827
car_31,-0.23376651108264923,-0.11775662750005722,1264.066740642729,7.8657419658874135
car_31,-0.23416848480701447,-0.117119699716568,1263.5060516423496,15.31300880164779
car_31,-0.23471403121948242,-0.11619972437620163,1262.7759071452388,25.115587050091072
car_31,-0.23533955216407776,-0.11500858515501022,1261.9465026443706,36.28776737136683
car_31,-0.23606915771961212,-0.11337333917617798,1259.0025919602094,49.59754496030068
car_31,-0.23664535582065582,-0.11193371564149857,1261.5570375104194,60.44309727798269
car_31,-0.2370510846376419,-0.11070660501718521,1260.9250154624062,68.66657745371351
car_31,-0.23722584545612335,-0.11011973023414612,1260.6363584391606,72.4049761348294
car_31,-0.23723483085632324,-0.1100882738828659,1260.6210634244367,72.6022818247673
car_31,-0.23724161088466644,-0.11006468534469604,1260.6096383669271,72.7496650666409
car_31,-0.237241730093956,-0.11006446182727814,1260.6094799415707,72.75170875373823
car_31,-0.2372417002916336,-0.11006442457437515,1260.6094696401503,72.75184164205969
car_31,-0.2372417002916336,-0.11006442457437515,1260.6094696401503,72.75184164205969
car_31,-0.2372417002916336,-0.11006442457437515,1260.6094696401503,72.75184164205969
car_31,-0.2372417002916336,-0.11006442457437515,1260.6094696401503,72.75184164205969
car_31,-0.2372417002916336,-0.11006442457437515,1260.6094696401503,72.75184164205969
car_31,-0.2372417002916336,-0.11006442457437515,1260.6094696401503,72.75184164205969
car_31,-0.2372417002916336,-0.11006442457437515,1260.6094696401503,72.75184164205969
car_31,-0.2372417002916336,-0.11006442457437515,1260.6094696401503,72.75184164205969
car_31,-0.2372417002916336,-0.11006442457437515,1260.6094696401503,72.75184164205969
car_31,-0.2372417002916336,-0.11006442457437515,1260.6094696401503,72.75184164205969
car_31,-0.23734720051288605,-0.10968471318483353,1260.3294255381095,75.09787063394424
car_31,-0.23752541840076447,-0.10899622738361359,1259.6827435154862,79.23723159903096
car_31,-0.237763911485672,-0.10797276347875595,1258.7538045118317,85.18329738739986
car_31,-0.23802796006202698,-0.10665428638458252,1257.602129078421,92.55508161324053
car_31,-0.2383050173521042,-0.10493788868188858,1256.1808763154925,101.80410614461037
car_31,-0.23856903612613678,-0.10270191729068756,1255.2431847785272,113.57507428501354
car_31,-0.23873652517795563,-0.10010086745023727,1254.1731986319637,127.08596871951022
car_31,-0.23874890804290771,-0.097249336540699,1252.9910377754645,142.01331202021893
car_31,-0.23858477175235748,-0.09450618922710419,1251.8242070214956,156.7289915291546
car_31,-0.23804649710655212,-0.09143966436386108,1250.6444780378588,171.59357672297878
car_31,-0.2366161048412323,-0.08716399222612381,1248.9142152789755,186.99679956296538
car_31,-0.23514138162136078,-0.08349229395389557,1247.4915697530625,201.67440122844775
car_31,-0.23494693636894226,-0.07963472604751587,1246.3419158024337,216.61345938231509
car_31,-0.2353295534849167,-0.07559555768966675,1245.1629431811473,231.95659258660916
car_31,-0.23586350679397583,-0.07146278023719788,1243.9511956286253,247.7262582876104
car_31,-0.23634429275989532,-0.0680302157998085,1243.0034662792816,260.0599947850135
car_31,-0.23649299144744873,-0.06566747277975082,1242.6170468757455,267.9624639860429
car_31,-0.23571838438510895,-0.06493952870368958,1242.3109071959661,271.375429082559
car_31,-0.23570935428142548,-0.06493106484413147,1242.3071044682151,271.41554786033106
car_31,-0.23570379614830017,-0.0649261400103569,1242.304847283751,271.43936115642634
car_31,-0.2357030063867569,-0.06492534279823303,1242.3044871488353,271.4431605797896
car_31,-0.2352285236120224,-0.0644969791173935,1242.1123537126764,273.51871029451723
car_31,-0.2343079149723053,-0.06370148062705994,1241.749381653674,277.5285063389945
car_31,-0.23299694061279297,-0.06264884024858475,1241.2338461821187,283.2236887734527
car_31,-0.23129607737064362,-0.06156381964683533,1240.5582983037948,290.68654753399437
car_31,-0.2291346937417984,-0.06050262972712517,1239.5712486848092,300.3972782187853
car_31,-0.22658954560756683,-0.05956648290157318,1238.5398891562488,312.64999918770155
car_31,-0.22393077611923218,-0.059235718101263046,1237.4673297509419,327.3379280852259
car_31,-0.2217189520597458,-0.060213200747966766,1236.350032772551,342.6385058386152
car_31,-0.22010205686092377,-0.06295742839574814,1235.25827002011,357.5894107502464
car_31,-0.21870200335979462,-0.06755921989679337,1234.1191694696734,373.02627432241457
car_31,-0.21720609068870544,-0.07251018285751343,1232.920400564722,388.0809435573233
car_31,-0.21570385992527008,-0.07805740088224411,1231.778020862721,403.3245542376537
car_31,-0.214170441031456,-0.08334793895483017,1230.6811235068783,418.202328391499
car_31,-0.21244682371616364,-0.08819554001092911,1229.5063273611079,434.13668327026625
car_31,-0.2107747346162796,-0.09155679494142532,1228.4108161265992,448.9956567587201
car_31,-0.20885123312473297,-0.09401074796915054,1227.2348009642797,464.9465457760865
car_31,-0.20698124170303345,-0.09527494758367538,1225.5736516025502,479.79501542072103
car_31,-0.20476368069648743,-0.09660860151052475,1225.857307984917,494.86114828657526
car_31,-0.2017824351787567,-0.09835591167211533,1224.7656022430829,509.6747539532701
car_31,-0.19803045690059662,-0.10037586838006973,1223.5696325256365,525.5957864779148
car_31,-0.19370369613170624,-0.10251190513372421,1220.0557149797717,540.3273440138198
car_31,-0.18892993032932281,-0.10477262735366821,1218.8572344867105,555.5356762518894
car_31,-0.18345271050930023,-0.1073937863111496,1217.513857924066,571.0960074129373
car_31,-0.17829616367816925,-0.10973130911588669,1216.0283894308652,586.7001813011108
car_31,-0.17355267703533173,-0.11184994876384735,1214.8658729883987,602.1228351991865
car_31,-0.1692371666431427,-0.11388259381055832,1215.3611619958217,616.8575119610023
car_31,-0.1646992564201355,-0.11616995930671692,1215.133698078655,632.1335935278214
car_31,-0.1608107089996338,-0.11902771890163422,1214.0220533291629,647.8351432240828
car_31,-0.15778517723083496,-0.12257352471351624,1212.1804317415956,662.7725152691822
car_31,-0.15504245460033417,-0.12667308747768402,1209.8364764314008,677.6446946794687
car_31,-0.15272006392478943,-0.13088566064834595,1208.2531559908523,692.4205329210328
car_31,-0.15064109861850739,-0.13523529469966888,1207.1609787993036,708.127765425803
car_31,-0.14887453615665436,-0.13929146528244019,1206.0704665899405,723.8403211132271
car_31,-0.14747068285942078,-0.14271068572998047,1205.0579416375078,738.5986076849797
car_31,-0.14462831616401672,-0.14828696846961975,1203.9584530473521,754.4794562518803
car_31,-0.14106085896492004,-0.1531049907207489,1202.8545419220163,770.4241832547256
car_31,-0.1382002979516983,-0.15577173233032227,1201.873838948458,784.589310161579
car_31,-0.1364087462425232,-0.15704703330993652,1201.199026779122,794.2665764312467
car_31,-0.13549266755580902,-0.15760847926139832,1200.7733282026347,799.451563877197
car_31,-0.13535799086093903,-0.15768635272979736,1200.7107661283517,800.2304617020226
car_31,-0.13531936705112457,-0.15770843625068665,1200.6927951873004,800.454278121806
car_31,-0.13529285788536072,-0.1577235907316208,1200.6804684767671,800.6078016984461
car_31,-0.13529233634471893,-0.15772390365600586,1200.6801567172602,800.6116845213968
car_31,-0.1352921724319458,-0.15772399306297302,1200.6800991396362,800.6124016245315
car_31,-0.1352921426296234,-0.1577240228652954,1200.6800871273529,800.6125512320601
car_31,-0.1352921426296234,-0.1577240228652954,1200.6800871273529,800.6125512320601
car_31,-0.1352921426296234,-0.1577240228652954,1200.6800871273529,800.6125512320601
car_31,-0.1352921426296234,-0.1577240228652954,1200.6800871273529,800.6125512320601
car_31,-0.1352921426296234,-0.1577240228652954,1200.6800871273529,800.6125512320601
car_31,-0.1352921426296234,-0.1577240228652954,1200.6800871273529,800.6125512320601
car_31,-0.1349056363105774,-0.1579398363828659,1200.4906502779038,802.8715504780763
car_31,-0.13416112959384918,-0.15833084285259247,1200.1058633567113,807.3107764320448
car_31,-0.13319240510463715,-0.15879392623901367,1199.5896562403418,813.2661764272132
car_31,-0.13185781240463257,-0.15935268998146057,1198.8523902894212,821.7718972925717
car_31,-0.1303526759147644,-0.15987977385520935,1198.0230359051682,831.6974437362268
car_31,-0.12964490056037903,-0.16009610891342163,1197.0406754858225,836.0724809345575
car_31,-0.12957172095775604,-0.1601289063692093,1194.9522314134963,835.3071277968085
car_31,-0.13000953197479248,-0.16000333428382874,1194.9723322669236,832.251426475905
car_31,-0.13058383762836456,-0.1598435342311859,1192.4190891288415,826.7082468103135
car_31,-0.1316370666027069,-0.15948057174682617,1192.942270194035,819.7874461606201
car_31,-0.133091539144516,-0.1588936746120453,1193.580372002383,810.4498896984629
car_31,-0.13496941328048706,-0.15797379612922668,1194.3963329711473,799.0186545092143
car_31,-0.13735760748386383,-0.15649083256721497,1195.3827527447838,785.6005412444448
car_31,-0.14042529463768005,-0.15389013290405273,1196.4614286712435,770.0231918358656
car_31,-0.14393621683120728,-0.14952877163887024,1197.567733658943,754.0468462782059
car_31,-0.14728276431560516,-0.14343491196632385,1198.6654278148878,738.1948512614724
car_31,-0.14878448843955994,-0.13965032994747162,1202.1617339618565,723.0485570130746
car_31,-0.15053841471672058,-0.13557642698287964,1203.9887979450782,707.5919503971068
car_31,-0.15245552361011505,-0.13151618838310242,1205.0072666857434,692.8757500914635
car_31,-0.1548272967338562,-0.12713363766670227,1206.4302208814204,677.4292815425507
car_31,-0.15762858092784882,-0.1228901743888855,1207.9472558275706,661.6773894428449
car_31,-0.16023626923561096,-0.11980368196964264,1205.8317052921923,646.943131491175
car_31,-0.163662850856781,-0.11682306230068207,1206.9346742946657,631.7902564081437
car_31,-0.16849341988563538,-0.11431616544723511,1209.0659454544461,616.3793845322335
car_31,-0.17277969419956207,-0.11223648488521576,1211.5955469502915,603.183747758236
car_31,-0.17587891221046448,-0.1108204796910286,1212.2165751945386,593.0617939071949
car_31,-0.1776208132505417,-0.1100476011633873,1212.744588074772,587.445770082883
car_31,-0.17810626327991486,-0.1098349541425705,1212.8924345257128,585.8795217432307
car_31,-0.17814020812511444,-0.10982000827789307,1212.902775053455,585.7699767774631
car_31,-0.1786334365606308,-0.10960528254508972,1213.053761954987,584.1778369489386
car_31,-0.17954997718334198,-0.1092085987329483,1213.3368554267124,581.217663907637
car_31,-0.18115483224391937,-0.10852084308862686,1213.8333552130264,576.0260030985718
car_31,-0.18366344273090363,-0.10730352252721786,1214.4965895715825,569.1007995861603
car_31,-0.18669827282428741,-0.10583650320768356,1215.2647436843347,560.6680946376971
car_31,-0.19026635587215424,-0.10414503514766693,1216.0518604264573,550.0274423830762
car_31,-0.19409339129924774,-0.10231843590736389,1215.8933923883815,537.062374731216
car_31,-0.19786103069782257,-0.10043605417013168,1215.186956933682,522.5279835888102
car_31,-0.20150695741176605,-0.09847350418567657,1216.4786082701037,507.3188963178403
car_31,-0.20474322140216827,-0.09658199548721313,1217.93770470777,491.53114933374945
car_31,-0.207074835896492,-0.09519368410110474,1220.3980802440747,476.81396515126534
car_31,-0.20898884534835815,-0.09383407235145569,1220.9997411628417,461.1526529892808
car_31,-0.21090425550937653,-0.09128710627555847,1222.1771706822044,445.1783677033314
car_31,-0.21264688670635223,-0.08762741088867188,1223.3202313089098,429.6703680737536
car_31,-0.21427848935127258,-0.08291802555322647,1224.4323755476792,414.5818136787149
car_31,-0.21591688692569733,-0.0772111713886261,1225.6052000244756,398.670005392447
car_31,-0.21745465695858002,-0.07160954177379608,1226.7944938909486,383.1240832136724
car_31,-0.2190151959657669,-0.06674479693174362,1228.0007752937447,367.74707674718655
car_31,-0.22037744522094727,-0.06237170100212097,1229.1120548393194,352.53109527700946
car_31,-0.22217699885368347,-0.05998741835355759,1230.2397286452585,337.09063854953484
car_31,-0.22447200119495392,-0.059376683086156845,1231.327054319504,322.2026408560218
car_31,-0.22639070451259613,-0.059673506766557693,1232.086570645624,311.80310962145495
car_31,-0.22762657701969147,-0.0600605383515358,1232.5351712592833,305.6607319882744
car_31,-0.22834599018096924,-0.06033490598201752,1232.7863073810622,302.2220989362236
car_31,-0.22849880158901215,-0.06039709970355034,1232.8388456967673,301.5027281519555
car_31,-0.2285163700580597,-0.06040425971150398,1232.8448633047337,301.4203332121069
car_31,-0.2285221368074417,-0.06040675938129425,1232.84685381423,301.3930785436192
car_31,-0.22852416336536407,-0.06040754169225693,1232.8475667261268,301.3833171345707
car_31,-0.22852449119091034,-0.06040764972567558,1232.8476475757427,301.38221011675375
car_31,-0.22852449119091034,-0.06040765345096588,1232.847661355541,301.38202143951315
car_31,-0.22852449119091034,-0.06040765345096588,1232.847661355541,301.38202143951315
car_31,-0.22852449119091034,-0.06040765345096588,1232.847661355541,301.38202143951315
car_31,-0.22852449119091034,-0.06040765345096588,1232.847661355541,301.38202143951315
car_31,-0.22870264947414398,-0.060483623296022415,1232.85,300.5310716776894
car_31,-0.22943171858787537,-0.06080963462591171,1232.9500093680088,297.117536295897
car_31,-0.23058687150478363,-0.061370208859443665,1233.4203620806627,291.9117592136212
car_31,-0.2322291135787964,-0.062269970774650574,1234.0768756233813,284.6591750506043
car_31,-0.2342793494462967,-0.0638774037361145,1234.88192039827,275.7657484798429
car_31,-0.2365301102399826,-0.06624013185501099,1236.0469179512822,264.8338766984812
car_31,-0.23599277436733246,-0.07025536894798279,1237.1401660214933,251.43379791163463
car_31,-0.2355482131242752,-0.07331134378910065,1238.0350675360983,239.81464638596185
car_31,-0.23518110811710358,-0.07644833624362946,1238.9536311201323,227.88827315419013
car_31,-0.2348877340555191,-0.07964153587818146,1239.883756603753,215.81178344476132
car_31,-0.23466575145721436,-0.08262193202972412,1240.7403741849746,204.69711865975745
car_31,-0.235384002327919,-0.08429212868213654,1241.2835257961303,197.6418055440152
car_31,-0.23624207079410553,-0.08644118905067444,1241.6675926615967,189.0181048593534
car_31,-0.23721233010292053,-0.08920718729496002,1241.1727340640086,178.52316788935715
car_31,-0.23826663196086884,-0.0927063599228859,1241.7883012983004,165.81929115965053
car_31,-0.23855482041835785,-0.09539400041103363,1242.9608622751186,151.09519212736592
car_31,-0.2386702597141266,-0.0982295572757721,1244.1586729465737,136.03072178335145
car_31,-0.23859642446041107,-0.10119257867336273,1245.3850573215898,120.5996391067215
car_31,-0.23842661082744598,-0.10329531878232956,1246.2549088337546,109.6546606203256
car_31,-0.2382739633321762,-0.1045820415019989,1246.8075864243574,102.87501980358849
car_31,-0.2381526082754135,-0.10543318837881088,1247.2718172328928,98.33345754405907
car_31,-0.2381487637758255,-0.10545996576547623,1247.3164062223818,98.19255633727353
car_31,-0.2381475269794464,-0.10546903312206268,1247.3315366000966,98.14474434369505
car_31,-0.23814697563648224,-0.10547225177288055,1247.3370775871224,98.12723482469345
car_31,-0.2381468415260315,-0.10547269135713577,1247.3376766827594,98.12534168248098
car_31,-0.23814693093299866,-0.10547274351119995,1247.3378535347679,98.12478283013357
car_31,-0.23814691603183746,-0.1054728552699089,1247.3379656021177,98.12442869730842
car_31,-0.23814691603183746,-0.1054728552699089,1247.3379656021177,98.12442869730842
car_31,-0.23814691603183746,-0.1054728552699089,1247.3379656021177,98.12442869730842
car_31,-0.23814691603183746,-0.1054728552699089,1247.3379656021177,98.12442869730842
car_31,-0.23814691603183746,-0.1054728552699089,1247.3379656021177,98.12442869730842
car_31,-0.23814691603183746,-0.1054728552699089,1247.3379656021177,98.12442869730842
car_31,-0.2381017655134201,-0.10577274858951569,1247.7447277920894,96.52916565316784
car_31,-0.23797746002674103,-0.10646962374448776,1247.423251577263,92.66721029536448
car_31,-0.2378862202167511,-0.10673188418149948,1242.4292238231455,90.76058680638361
car_31,-0.23782522976398468,-0.10672315210103989,1235.1506881843925,90.15717346214907
car_31,-0.23775312304496765,-0.10670601576566696,1226.5935624613596,89.48852571745338
car_31,-0.23767615854740143,-0.1066880077123642,1217.6585574573276,88.7933016618718
car_31,-0.2375973016023636,-0.10667023807764053,1208.7369496692206,88.09996166698343
car_31,-0.23751743137836456,-0.10665315389633179,1199.941998013832,87.41646471434677
car_31,-0.23744025826454163,-0.10663740336894989,1191.6464273302233,86.77190287528052
car_31,-0.23735705018043518,-0.10662095248699188,1182.9077275843592,86.09451740649426
car_31,-0.23726661503314972,-0.10660409182310104,1173.6643409658786,85.37751557887498
car_31,-0.23717498779296875,-0.10658806562423706,1164.5487308184859,84.67014910768268
car_31,-0.23708821833133698,-0.10657475888729095,1156.1384078257017,84.01167562442203
car_31,-0.23699361085891724,-0.10656121373176575,1147.213112254843,83.31288314419072
car_31,-0.23690062761306763,-0.10654871165752411,1138.648430343492,82.64232436350828
car_31,-0.23680731654167175,-0.10653692483901978,1130.270316284805,81.98637262989331
car_31,-0.2367096096277237,-0.10652535408735275,1121.7048053131573,81.31631582533304
car_31,-0.23661191761493683,-0.10651320964097977,1113.3385926125873,80.66968714070366
car_31,-0.23649804294109344,-0.10650008916854858,1103.832127352887,79.93492777629781
car_31,-0.23638878762722015,-0.10648944228887558,1094.9739223020683,79.24446579903909
car_31,-0.23627477884292603,-0.10647916793823242,1085.9599722265066,78.54304153509999
car_31,-0.23617394268512726,-0.10647028684616089,1078.1759697756077,77.94057600827352
car_32,-0.08469124138355255,-0.17941009998321533,865.5321877800966,828.6730173788092
car_32,-0.08524453639984131,-0.17884612083435059,865.3761530193491,830.8731342141992
car_32,-0.08639553189277649,-0.17763751745224,865.0815977440866,835.3712783209489
car_32,-0.0881982147693634,-0.17563828825950623,864.6304229007035,842.2611548002249
car_32,-0.09014607965946198,-0.17330284416675568,864.1429910035912,849.7047115774166
car_32,-0.09203790873289108,-0.17080451548099518,863.6535868103537,857.178387225116
car_32,-0.09380500018596649,-0.1681729406118393,863.1627121628572,864.6745181323674
car_32,-0.09542286396026611,-0.16534507274627686,862.6550990071156,872.4262622590795
car_32,-0.09673343598842621,-0.16246233880519867,862.0883555708191,880.0264281356481
car_32,-0.09762752056121826,-0.15964555740356445,861.4664523477518,887.1949140413947
car_32,-0.09806174039840698,-0.15680307149887085,860.851038936899,894.288593891046
car_32,-0.09782624989748001,-0.15350815653800964,860.1519300509156,902.3470055696959
car_32,-0.09718979895114899,-0.15146464109420776,859.7266655875524,907.2488973733722
car_32,-0.0952916368842125,-0.14826026558876038,858.6246698628102,914.2683126481635
car_32,-0.09132260084152222,-0.14424894750118256,856.8660550377675,922.2087599366922
car_32,-0.08614969253540039,-0.1402938961982727,856.0175020341119,930.5145859066366
car_32,-0.08124364912509918,-0.13677972555160522,855.3432119540502,937.7863416720079
car_32,-0.07649973034858704,-0.1331041157245636,854.6260052118628,945.5209241857934
car_32,-0.07285535335540771,-0.12972086668014526,853.9349453670457,952.9735303553899
car_32,-0.06994802504777908,-0.12628388404846191,853.2046020148107,960.8618138979397
car_32,-0.06785017251968384,-0.12312747538089752,852.5312908241574,968.142514988572
car_32,-0.06580813229084015,-0.11941656470298767,851.7713022126821,976.3604831275956
car_32,-0.06434613466262817,-0.11648204922676086,851.2064084637309,982.4682008857716
car_32,-0.06258337199687958,-0.11286148428916931,849.5132641635679,988.4204845737311
car_32,-0.06059776991605759,-0.10892537236213684,843.391743984527,989.7507209129594
car_32,-0.058610763400793076,-0.10532581806182861,835.9308327306119,989.1092830175596
car_32,-0.05647825822234154,-0.10192932188510895,827.9978656553908,988.4227084723965
car_32,-0.05443093925714493,-0.09915883094072342,820.0466101992283,987.7345511226273
car_32,-0.05247391015291214,-0.09698407351970673,811.7969773089942,987.0205700994278
car_32,-0.049999434500932693,-0.09487765282392502,803.185702943408,989.4795232510112
car_32,-0.0484749935567379,-0.0938800498843193,795.3251574359716,988.7992165756741
car_32,-0.047092195600271225,-0.09306477755308151,787.8489338324573,988.1521718102731
car_32,-0.045812491327524185,-0.09227865189313889,780.7079501657801,987.531410484396
car_32,-0.044517770409584045,-0.09132817387580872,773.2714876720798,986.8673383910402
car_32,-0.04322091490030289,-0.09007112681865692,765.5680437065595,986.1864560421673
car_32,-0.04191521555185318,-0.08830220997333527,757.3662258110083,985.4753704340603
car_32,-0.04071484133601189,-0.08597904443740845,749.0261886830882,984.7524756972641
car_32,-0.03983091562986374,-0.08359573781490326,741.8694265887087,984.1298337750419
car_32,-0.039102308452129364,-0.08089631795883179,734.5042770570426,983.4890994932656
car_32,-0.038576140999794006,-0.07807789742946625,726.927172421478,982.8321447786816
car_32,-0.03829764947295189,-0.07557366043329239,719.6503636607654,982.2012264988894
car_32,-0.038234975188970566,-0.07343834638595581,712.2602369302618,981.5604832558582
car_32,-0.03839026391506195,-0.07172082364559174,704.2210935754431,980.8634685804404
car_32,-0.03875178098678589,-0.07063807547092438,695.9133925667469,980.1431692566856
car_32,-0.03922300785779953,-0.07020755112171173,688.31941951457,979.4847520064294
car_32,-0.03953671455383301,-0.07028035819530487,680.6620025233655,978.820834001352
car_32,-0.03977769613265991,-0.07069364190101624,672.5963231209909,978.1215185814696
car_32,-0.040099531412124634,-0.07136194407939911,664.2710274311951,977.3996937530192
car_32,-0.04045700281858444,-0.07215748727321625,656.4423332556639,976.7209255697858
car_32,-0.04089439660310745,-0.07232750952243805,648.4531569701162,976.0282431694665
car_32,-0.04119303449988365,-0.07246838510036469,643.4229879195751,975.5582162476323
car_32,-0.04132544994354248,-0.07253987342119217,641.2666166561202,975.3375215341018
car_32,-0.041328683495521545,-0.07254166901111603,641.214573890049,975.33219519557
car_32,-0.041330642998218536,-0.07254278659820557,641.1830472950089,975.3289685930926
car_32,-0.04133155196905136,-0.07254332304000854,641.1681247338717,975.3274413373684
car_32,-0.04144824296236038,-0.07261358946561813,639.1748792928682,974.800278842851
car_32,-0.041641756892204285,-0.0727432519197464,635.7055855582794,973.3370031112376
car_32,-0.04182329773902893,-0.07281680405139923,631.5117129556949,970.3274534197501
car_32,-0.041992466896772385,-0.07288742065429688,626.4383089342765,964.815316309097
car_32,-0.042218998074531555,-0.07293298840522766,620.5764392774217,960.1085952499659
car_32,-0.042673446238040924,-0.07292871177196503,612.2522570249002,959.9241018137068
car_32,-0.043161362409591675,-0.07315866649150848,604.1518752111909,959.2059987173577
car_32,-0.043680645525455475,-0.0732392892241478,595.8911421962896,958.4736804029205
car_32,-0.044166386127471924,-0.07333637773990631,587.5843059984536,957.7372750171356
car_32,-0.04461893439292908,-0.07357899844646454,579.373667960607,957.0093976486886
car_32,-0.044828496873378754,-0.07362623512744904,571.4369637709333,956.3058046595575
car_32,-0.045109376311302185,-0.07395241409540176,563.6304882640469,955.613756511459
car_32,-0.04544862359762192,-0.07451780140399933,556.2836754679253,954.962457703758
car_32,-0.04581901431083679,-0.07500471919775009,549.1000996369257,954.3256299386312
car_32,-0.04643560200929642,-0.07598184049129486,541.6019489591298,953.6609149483447
car_32,-0.047390811145305634,-0.07759013772010803,533.6362033196999,952.9547474194608
car_32,-0.04874323308467865,-0.07988588511943817,525.3308652873998,952.2184748468363
car_32,-0.05020855367183685,-0.08232414722442627,518.1849205330963,951.5849830963956
car_32,-0.05206926539540291,-0.0854092538356781,510.46770274974995,950.9008476923037
car_32,-0.0539979487657547,-0.08862926065921783,503.34550201327716,950.2694608614972
car_32,-0.0562480092048645,-0.09219606220722198,495.97997230439285,949.6165027896631
car_32,-0.05900632590055466,-0.09632398933172226,487.85356047874575,948.8960921191033
car_32,-0.06190057843923569,-0.10040619969367981,480.02223989008286,948.2019441309884
car_32,-0.06479494273662567,-0.10427376627922058,472.64710406939787,947.5482615920779
car_32,-0.06807459890842438,-0.10844238102436066,464.6277968959905,946.8374840279938
car_32,-0.07106978446245193,-0.11208972334861755,457.4704231158649,946.2031024547891
car_32,-0.0730971246957779,-0.11315728724002838,449.85131938680144,945.5277962379371
car_32,-0.07510264217853546,-0.11383190751075745,442.07138970165687,944.8382354877652
car_32,-0.07725130021572113,-0.1144501119852066,433.9716182955185,944.1203261141495
car_32,-0.07953329384326935,-0.11525018513202667,425.6736632321335,943.3355879127539
car_32,-0.08170371502637863,-0.11640149354934692,417.53132680604756,941.4463018284002
car_32,-0.08347878605127335,-0.11737017333507538,410.3618046165172,939.5506140448572
car_32,-0.08464358747005463,-0.11805896461009979,404.8887137997681,937.3717194424044
car_32,-0.08523622155189514,-0.11840735375881195,402.12510197987416,936.3841157605854
car_32,-0.08527746796607971,-0.11843080818653107,401.943775207828,936.3304938357779
car_32,-0.08530070632696152,-0.11844388395547867,401.8409132739949,936.3000755207145
car_32,-0.08530352264642715,-0.1184454932808876,401.82852237694567,936.2964112865676
car_32,-0.08530524373054504,-0.11844637244939804,401.8208116967469,936.2941310854193
car_32,-0.08530541509389877,-0.11844655871391296,401.8200992064503,936.2939203878997
car_32,-0.08530546724796295,-0.11844657361507416,401.81998401704624,936.293886324107
car_32,-0.08530546724796295,-0.11844657361507416,401.81998401704624,936.293886324107
car_32,-0.08565361797809601,-0.11864862591028214,400.2231209628017,935.7492712032182
car_32,-0.08635801076889038,-0.11907945573329926,396.71212167560344,934.3119203623426
car_32,-0.08694902807474136,-0.11948145180940628,393.1870235715294,932.2282667139348
car_32,-0.0872306376695633,-0.11978475004434586,389.44483746211677,927.1639014200088
car_32,-0.08605130016803741,-0.11929764598608017,390.3041886715151,918.4191843046872
car_32,-0.0839591696858406,-0.1184024065732956,393.3312192627452,907.4399712341663
car_32,-0.08143825829029083,-0.11732491850852966,396.80046048989385,894.8517251883723
car_32,-0.07874838262796402,-0.11617352068424225,400.29056739294884,882.1877674105239
car_32,-0.07620154321193695,-0.11573296785354614,403.81316326347405,869.4059224378941
car_32,-0.0737985223531723,-0.11521387845277786,406.8898110606292,856.1336031250902
car_32,-0.0711805522441864,-0.11343028396368027,409.53070616603605,843.2065811027038
car_32,-0.06822080910205841,-0.10974222421646118,410.52230891314184,830.1528614849368
car_32,-0.06666865944862366,-0.10776036977767944,408.59943022038567,817.7186234671188
car_32,-0.0676819235086441,-0.10922658443450928,401.0832051082584,806.6284246171343
car_32,-0.07061772048473358,-0.11322629451751709,390.12773638439256,798.1234447741869
car_32,-0.0723787322640419,-0.1156453862786293,381.4813758533815,788.4884600731253
car_32,-0.07257146388292313,-0.11601370573043823,376.87051700066905,779.4742602250626
car_32,-0.07212042808532715,-0.11548950523138046,375.4500174403403,774.0043202756909
car_32,-0.07198812067508698,-0.1153285801410675,375.24675411534406,772.8615286929341
car_32,-0.07195382565259933,-0.11528664827346802,375.1942021747326,772.5660700046077
car_32,-0.07194800674915314,-0.11527964472770691,375.1850878033109,772.514826983059
car_32,-0.07194612920284271,-0.11527740955352783,375.18227070668604,772.4989886398123
car_32,-0.07194611430168152,-0.11527740210294724,375.18222137886005,772.4987113078131
car_32,-0.07194611430168152,-0.11527740210294724,375.18222137886005,772.4987113078131
car_32,-0.07178762555122375,-0.11508282274007797,374.9676490713839,771.1910471826579
car_32,-0.07130318135023117,-0.11447520554065704,374.63232933233326,767.8850779244124
car_32,-0.0703868418931961,-0.11329825967550278,374.38234558439837,762.4338165162847
car_32,-0.06868214160203934,-0.11102205514907837,375.0925102143543,754.7240035359772
car_32,-0.06634493172168732,-0.10775633156299591,376.86493487412514,745.4685634416646
car_32,-0.06276291608810425,-0.10242143273353577,382.0445018233529,735.1415105873784
car_32,-0.05864042043685913,-0.09580230712890625,391.40858053934693,726.0948624963511
car_32,-0.055222563445568085,-0.09041143953800201,403.3374278661861,719.0112322872332
car_32,-0.05354619771242142,-0.08769615739583969,414.1242071659878,710.3137846552063
car_32,-0.052621565759181976,-0.08583599328994751,421.98114376732775,698.9452795678941
car_32,-0.05210065096616745,-0.08498935401439667,424.0477753444753,685.580206528007
car_32,-0.05183227360248566,-0.08467588573694229,423.4303057748435,672.7541823669783
car_32,-0.05137472599744797,-0.08379608392715454,423.89738807005676,659.0767612895824
car_32,-0.051208823919296265,-0.0835522711277008,422.45218450096445,645.7412161990956
car_32,-0.05099555104970932,-0.08302132785320282,421.0174169274084,632.501968745851
car_32,-0.05104230344295502,-0.08243314921855927,419.546215471002,618.9265294245787
car_32,-0.051414720714092255,-0.08221837878227234,418.073583044954,605.3378859010852
car_32,-0.051875680685043335,-0.08278831094503403,416.6985497740666,592.6498337975632
car_32,-0.05211601406335831,-0.08373448997735977,416.2915445986338,584.4009848856823
car_32,-0.05255284905433655,-0.08571437001228333,419.1023752874416,577.1145666634088
car_32,-0.05335312336683273,-0.08902938663959503,427.1835849557699,574.2637342526915
car_32,-0.05429048836231232,-0.09200514853000641,435.1017596330887,574.3028236983241
car_32,-0.05566742271184921,-0.09539364278316498,444.38168467524207,575.0824484843209
car_32,-0.05767042562365532,-0.09928791224956512,455.1756989203751,576.023032658326
car_32,-0.06035250425338745,-0.10382580757141113,467.2911204457947,577.0787635003848
car_32,-0.06371445953845978,-0.10960566997528076,480.39807866451054,578.2208962778569
car_32,-0.06743267178535461,-0.11663372069597244,493.4975162161859,579.3623737087421
car_32,-0.07178865373134613,-0.12475642561912537,507.2600138774168,580.5616298150393
car_32,-0.07742363214492798,-0.13278411328792572,520.9593682938781,581.837227564691
car_32,-0.08420370519161224,-0.13988278806209564,534.2799659556706,583.8994472152895
car_32,-0.09008432179689407,-0.1456129252910614,547.0935019337697,587.1514531295005
car_32,-0.09421619027853012,-0.15059998631477356,559.5228315849356,590.5336329565741
car_32,-0.09649792313575745,-0.15538378059864044,572.7765956311744,594.3569554399265
car_32,-0.09706985950469971,-0.15957650542259216,585.1540838379107,597.8469688651041
car_32,-0.09657087177038193,-0.16365094482898712,598.1574875428882,601.6259600528272
car_32,-0.09536968171596527,-0.16748583316802979,611.3656487336801,605.4804500045785
car_32,-0.09399931132793427,-0.17056778073310852,622.9060714091696,608.8435169217628
car_32,-0.0930645540356636,-0.17235606908798218,630.1418620539773,610.9590815767738
car_32,-0.0921555608510971,-0.17394933104515076,637.0310787549856,612.9754376843861
car_32,-0.09061712771654129,-0.17667850852012634,645.6550847461489,612.1661223647266
car_32,-0.08971349895000458,-0.17806118726730347,653.2887889231733,614.4003772458069
car_32,-0.08891713619232178,-0.17925286293029785,660.6598527868988,616.5577617912875
car_32,-0.08818386495113373,-0.18034876883029938,668.3868261875099,618.8193149817102
car_32,-0.08762969076633453,-0.1811990737915039,675.3280097303058,620.8508808966749
car_32,-0.0873323604464531,-0.18185356259346008,682.6101750110687,622.8986876725381
car_32,-0.08728200942277908,-0.1821468025445938,686.7009089558425,623.9624772877814
car_32,-0.08727464824914932,-0.1822158396244049,687.7128394367326,624.2272395865508
car_32,-0.08727390319108963,-0.18222454190254211,687.8417427542212,624.2609659534326
car_32,-0.08727359771728516,-0.18222671747207642,687.873396315237,624.2692478164034
car_32,-0.08727359026670456,-0.1822277158498764,687.8884293652674,624.2731810756131
car_32,-0.08726999163627625,-0.18237534165382385,690.069880251558,624.7934052545303
car_32,-0.08730306476354599,-0.18265309929847717,694.3707019652255,625.7375486694314
car_32,-0.08743903040885925,-0.18302196264266968,700.8402564332716,627.1577859298922
car_32,-0.0877763107419014,-0.18339872360229492,708.7678278398826,628.7601785064282
car_32,-0.08834145218133926,-0.18366971611976624,715.9564105118309,629.692588811158
car_32,-0.08914057910442352,-0.18384161591529846,723.02804383499,630.3600881706658
car_32,-0.09035332500934601,-0.18390092253684998,731.3154766342655,631.0817149722353
car_32,-0.0918511152267456,-0.18379142880439758,739.6034157574596,631.8031131790533
car_32,-0.09354977309703827,-0.1835128366947174,747.5419578820631,632.48871454436
car_32,-0.09546595811843872,-0.18305805325508118,755.3760776707383,633.1688713007682
car_32,-0.09749174863100052,-0.1824512481689453,762.8122871225632,633.81624343567
car_32,-0.09960728883743286,-0.18170425295829773,769.9437385145962,634.4370843281324
car_32,-0.10217741131782532,-0.18066567182540894,778.0053651537893,635.1389032429984
car_32,-0.10455198585987091,-0.1795967072248459,785.0502225856706,635.7522055477951
car_32,-0.10725795477628708,-0.1782689094543457,792.7684483757178,636.4241291050492
car_32,-0.11005504429340363,-0.1767507791519165,800.8503392470694,637.1277121578565
car_32,-0.11190210282802582,-0.17532485723495483,808.9631625526271,637.8316656295293
car_32,-0.113606296479702,-0.1739749014377594,816.5521028174888,638.4854657168779
car_32,-0.1154792457818985,-0.17248976230621338,824.6465430707651,639.1881206014192
car_32,-0.1175280511379242,-0.17092078924179077,832.7204071326225,639.8904130643141
car_32,-0.11919549107551575,-0.16966697573661804,840.123887877242,640.534393280763
car_32,-0.12082316726446152,-0.16850189864635468,847.819095503321,641.203748904638
car_32,-0.1224205419421196,-0.16741424798965454,855.7488852968771,641.8935092921907
car_32,-0.12394740432500839,-0.16642805933952332,863.749988005657,642.5894727223617
car_32,-0.12524119019508362,-0.16563266515731812,870.9057009028105,643.2119012393406
car_32,-0.12665706872940063,-0.16480153799057007,879.1893256427574,643.9324394074027
car_32,-0.12790152430534363,-0.16410022974014282,886.8662266641034,644.5769253140322
car_32,-0.12917646765708923,-0.16340108215808868,895.1850898307215,645.2715095825359
car_32,-0.13027819991111755,-0.1628035306930542,902.7737421527978,645.9047768138635
car_32,-0.1313241720199585,-0.16223250329494476,910.3398874883604,646.5383454036412
car_32,-0.1323946863412857,-0.16163381934165955,918.47846570559,647.2367677739279
car_32,-0.1332901120185852,-0.1611144095659256,925.5662566680797,647.8450155086047
car_32,-0.13425414264202118,-0.16070926189422607,933.611218407122,648.5354040625602
car_32,-0.13514703512191772,-0.16032984852790833,941.2610033403766,649.1918800197437
car_32,-0.1360313892364502,-0.15992441773414612,948.9877174657381,649.854957752724
car_32,-0.13689075410366058,-0.15949437022209167,956.6173638325309,650.5097054933876
car_32,-0.1377616673707962,-0.1590137481689453,964.4457957460269,651.1815122668455
car_32,-0.13864542543888092,-0.15847086906433105,972.4647899206363,651.8696723814575
car_32,-0.1394823044538498,-0.15789663791656494,980.1190488451693,652.5357454909658
car_32,-0.1403924971818924,-0.15719656646251678,988.4108535709807,653.2310318219868
car_32,-0.1409318894147873,-0.15674057602882385,993.2642709750146,653.6082813759901
car_32,-0.14102640748023987,-0.1566571593284607,994.1198379644921,653.6778549553543
car_32,-0.14102740585803986,-0.15665629506111145,994.1285570639911,653.6785639810279
car_32,-0.14102771878242493,-0.156655952334404,994.1321266138377,653.6788542521142
car_32,-0.14102774858474731,-0.156655952334404,994.1322667802414,653.6788656502614
car_32,-0.14102774858474731,-0.156655952334404,994.1322667802414,653.6788656502614
car_32,-0.14102774858474731,-0.156655952334404,994.1322667802414,653.6788656502614
car_32,-0.14102774858474731,-0.156655952334404,994.1322667802414,653.6788656502614
car_32,-0.14102774858474731,-0.156655952334404,994.1322667802414,653.6788656502614
car_32,-0.14102774858474731,-0.156655952334404,994.1322667802414,653.6788656502614
car_32,-0.14102774858474731,-0.156655952334404,994.1322667802414,653.6788656502614
car_32,-0.14102774858474731,-0.156655952334404,994.1322667802414,653.6788656502614
car_32,-0.14102774858474731,-0.156655952334404,994.1322667802414,653.6788656502614
car_32,-0.14102774858474731,-0.156655952334404,994.1322667802414,653.6788656502614
car_32,-0.14102774858474731,-0.156655952334404,994.1322667802414,653.6788656502614
car_32,-0.14102774858474731,-0.156655952334404,994.1322667802414,653.6788656502614
car_32,-0.14102774858474731,-0.156655952334404,994.1322667802414,653.6788656502614
car_32,-0.14102774858474731,-0.156655952334404,994.1322667802414,653.6788656502614
car_32,-0.14102774858474731,-0.156655952334404,994.1322667802414,653.6788656502614
car_32,-0.14102774858474731,-0.156655952334404,994.1322667802414,653.6788656502614
car_32,-0.14102774858474731,-0.156655952334404,994.1322667802414,653.6788656502614
car_32,-0.14102774858474731,-0.156655952334404,994.1322667802414,653.6788656502614
car_32,-0.14102774858474731,-0.156655952334404,994.1322667802414,653.6788656502614
car_32,-0.14102774858474731,-0.156655952334404,994.1322667802414,653.6788656502614
car_32,-0.14133340120315552,-0.15638265013694763,996.6272158749622,653.7488820603345
car_32,-0.14192835986614227,-0.15583309531211853,1000.5442281712642,653.3623135327721
car_32,-0.14323079586029053,-0.15455272793769836,1004.6097325627832,650.0346953367639
car_32,-0.14500321447849274,-0.15255138278007507,1005.522707783295,643.1092372205266
car_32,-0.14740435779094696,-0.1491474211215973,1006.3915907012736,633.8672737203461
car_32,-0.15031345188617706,-0.14381912350654602,1007.4391546041613,623.0459917793488
car_32,-0.15172764658927917,-0.14046862721443176,1008.5284423259294,610.7350685189847
car_32,-0.15342725813388824,-0.13673651218414307,1009.4568802914381,597.6144347703031
car_32,-0.15531790256500244,-0.1329422891139984,1010.4588464224141,584.9253286466666
car_32,-0.15691182017326355,-0.13004466891288757,1011.2322099312025,575.3804421701658
car_32,-0.1580999791622162,-0.12806493043899536,1011.7471744704047,568.7934363476064
car_32,-0.1595604121685028,-0.12577031552791595,1014.3819519555357,562.1447337117665
car_32,-0.16058485209941864,-0.12412343919277191,1021.9294077677722,560.3960720890963
car_32,-0.1611337959766388,-0.12320073693990707,1029.1649559640675,561.0134488533959
car_32,-0.16168566048145294,-0.12232056260108948,1036.217821169939,561.5835397004656
car_32,-0.16229167580604553,-0.12140382081270218,1043.8259946523935,562.198516725924
car_32,-0.16294404864311218,-0.12047221511602402,1051.88297361535,562.8497711916965
car_32,-0.16361571848392487,-0.11957114189863205,1060.048584068698,563.5098064602446
car_32,-0.16425614058971405,-0.11876413226127625,1067.7361569486363,564.1312014262772
car_32,-0.1650344431400299,-0.1179630309343338,1076.0794256176578,564.8055970036793
car_32,-0.16589456796646118,-0.11735685914754868,1083.3300303526,565.3916713542384
car_32,-0.16684001684188843,-0.11670617759227753,1091.2613574724055,566.032769243413
car_32,-0.1677415817975998,-0.11610016971826553,1098.8015265542929,566.6422493984235
car_32,-0.16871961951255798,-0.1154576763510704,1106.9755575133777,567.3034990579307
car_32,-0.16964781284332275,-0.11486195027828217,1114.7391780076866,567.9321059010102
car_32,-0.1705876588821411,-0.11427193880081177,1122.621488574436,568.5717609877923
car_32,-0.17145143449306488,-0.11374130845069885,1129.8908507899455,569.1616748816228
car_32,-0.17241860926151276,-0.1131598949432373,1138.0649507572127,569.8250088849778
car_32,-0.17328079044818878,-0.11265329271554947,1145.3849475441011,570.4190318101482
car_32,-0.17411328852176666,-0.1121746376156807,1152.4826327300805,570.9950139914063
car_32,-0.17507971823215485,-0.11163163930177689,1160.763137551857,571.666982824088
car_32,-0.17604486644268036,-0.11110302060842514,1169.0651230400556,572.3374580824934
car_32,-0.17686162889003754,-0.11066631227731705,1176.1211142734523,572.906914420136
car_32,-0.17769770324230194,-0.11022926867008209,1183.3676384121522,573.4907864141528
car_32,-0.17864182591438293,-0.10974745452404022,1191.587323660812,574.1539553118218
car_32,-0.17946574091911316,-0.10933688282966614,1198.787268346906,574.7348509588338
car_32,-0.1801595538854599,-0.10899778455495834,1204.8856999638067,575.2323785116128
car_32,-0.18041209876537323,-0.10887594521045685,1207.1070932211958,575.4123861829446
car_32,-0.18041938543319702,-0.10887249559164047,1207.1704226599654,575.4175099239454
car_32,-0.1804208755493164,-0.10887174308300018,1207.1839328595154,575.4186029821615
car_32,-0.1804213523864746,-0.1088714599609375,1207.1882049699973,575.418948622168
car_32,-0.18042176961898804,-0.10887126624584198,1207.1914299704076,575.4192095445313
car_32,-0.18042171001434326,-0.10887125879526138,1207.192216409339,575.4192731722766
car_32,-0.18042171001434326,-0.10887125879526138,1207.192216409339,575.4192731722766
car_32,-0.18042171001434326,-0.10887125879526138,1207.192216409339,575.4192731722766
car_32,-0.18059994280338287,-0.10878580063581467,1208.7595653638798,575.545722894263
car_32,-0.1810499131679535,-0.10857151448726654,1212.718708143081,575.8635502730777
car_32,-0.18174634873867035,-0.10823120176792145,1218.5493348779758,576.3316144261904
car_32,-0.18277545273303986,-0.10768722742795944,1225.9891116399315,576.9342448737412
car_32,-0.18382132053375244,-0.10714936256408691,1233.7252736531946,577.5736496953764
car_32,-0.18476726114749908,-0.10667554289102554,1240.8510807405387,578.1594838871488
car_32,-0.18580859899520874,-0.10616692155599594,1248.8615524594825,578.8180490388096
car_32,-0.186782106757164,-0.10570309311151505,1256.5213537596344,579.4474080385565
car_32,-0.1881621927022934,-0.10506819188594818,1263.7774449050294,578.5637857980678
car_32,-0.18921266496181488,-0.10459189862012863,1272.0969977741904,579.0763728715166
car_32,-0.190041184425354,-0.10422276705503464,1279.2056939550673,579.6606966334662
car_32,-0.19086648523807526,-0.10386085510253906,1286.4643116677128,580.2571147202066
car_32,-0.19171114265918732,-0.10349550098180771,1294.0930813606574,580.8826343904435
car_32,-0.19260211288928986,-0.10311531275510788,1302.407061603739,581.5747753179583
car_32,-0.19337709248065948,-0.10278812050819397,1309.8579838166395,582.1950664493413
car_32,-0.19413457810878754,-0.10247096419334412,1317.3408749156906,582.8133828823563
car_32,-0.19493936002254486,-0.10213619470596313,1325.531231375883,583.4870852502667
car_32,-0.19552713632583618,-0.10189267247915268,1331.688062633788,583.9935188612376
car_32,-0.19575105607509613,-0.10179993510246277,1334.0413165629006,584.1750215271687
car_32,-0.19580668210983276,-0.10177698731422424,1334.6277043415973,584.2197721734376
car_32,-0.19581903517246246,-0.10177185386419296,1334.7584143022918,584.2297474072801
car_33,-0.21361024677753448,-0.08669829368591309,1353.1716426876267,474.3348977893498
car_33,-0.21385422348976135,-0.0860004872083664,1353.3516557307473,471.92755918283956
car_33,-0.21433772146701813,-0.08452312648296356,1353.712870239712,467.0969890331064
car_33,-0.21498554944992065,-0.082350954413414,1354.2076307642692,460.48049007783305
car_33,-0.2157922089099884,-0.07935314625501633,1354.8447414339666,451.9603235099376
car_33,-0.21665926277637482,-0.07581911236047745,1355.560985023887,442.3819017701081
car_33,-0.21748004853725433,-0.07228752225637436,1356.2708763148682,432.88843017728254
car_33,-0.21820096671581268,-0.0691976249217987,1356.9130899982438,424.30002032199246
car_33,-0.2190074473619461,-0.06600064039230347,1357.63106034403,414.6977163489319
car_33,-0.21983827650547028,-0.06311072409152985,1358.3544976858027,405.0174357280679
car_33,-0.22042860090732574,-0.060645200312137604,1357.7361086259475,396.36287087478684
car_33,-0.2205030769109726,-0.060464516282081604,1350.6791826046708,392.9207870804004
car_33,-0.22032369673252106,-0.06113877892494202,1342.0382596635095,392.2528266298131
car_33,-0.2201431691646576,-0.06185755133628845,1333.311778223361,391.58143615351514
car_33,-0.21995951235294342,-0.06262892484664917,1324.4099448259349,390.89655460009476
car_33,-0.2197829782962799,-0.06340641528367996,1315.854402064304,390.2383156558977
car_33,-0.2195996791124344,-0.06424638628959656,1307.0132647174144,389.55810388268117
car_33,-0.21939794719219208,-0.06502403318881989,1298.4431403514466,388.89874307162995
car_33,-0.219158336520195,-0.06580033898353577,1289.3527650500669,388.19935564438566
car_33,-0.21891888976097107,-0.06659126281738281,1280.349044440347,387.50663518080887
car_33,-0.21866923570632935,-0.06743019819259644,1271.0561774827654,386.7916686257756
car_33,-0.21843868494033813,-0.06821401417255402,1262.578507566673,386.1394209951698
car_33,-0.21819980442523956,-0.06903403997421265,1253.9021845158995,385.4718895616217
car_33,-0.217958465218544,-0.06986715644598007,1245.2625135019084,384.80717803075726
car_33,-0.21784113347530365,-0.07027299702167511,1241.1094316708652,384.4876518153206
car_33,-0.2178196758031845,-0.07035048305988312,1235.061290566066,382.4372838652998
car_33,-0.21819253265857697,-0.06913693249225616,1229.02701500471,376.3233956314762
car_33,-0.2191898375749588,-0.06616087257862091,1228.136926339959,365.8828547297902
car_33,-0.22030296921730042,-0.06254182755947113,1229.0570284426874,353.28453363089443
car_33,-0.22196151316165924,-0.060144852846860886,1230.1214691564683,338.70988385758756
car_33,-0.22429729998111725,-0.059375908225774765,1231.2526229451446,323.2217781357123
car_33,-0.2268979698419571,-0.05981803685426712,1232.2737334584835,309.24041879922333
car_33,-0.22886818647384644,-0.060555942356586456,1232.85,299.74340821227156
car_33,-0.22995474934577942,-0.061055876314640045,1233.161657462502,294.74547669917155
car_33,-0.2300693243741989,-0.06111149117350578,1233.20896967644,294.2296209472036
car_33,-0.23010633885860443,-0.061129529029130936,1233.224222897575,294.06331163289286
car_33,-0.2301277369260788,-0.061140064150094986,1233.2330603439611,293.96695495939105
car_33,-0.23013480007648468,-0.06114359572529793,1233.235983487237,293.93508326818977
car_33,-0.23014062643051147,-0.06114639714360237,1233.2383909610774,293.908834037286
car_33,-0.2301413118839264,-0.06114678829908371,1233.238665363967,293.90584216061916
car_33,-0.23014134168624878,-0.0611468181014061,1233.2387068099779,293.9053902654009
car_33,-0.23069792985916138,-0.06143380329012871,1233.2167884805006,291.3466028259609
car_33,-0.23142783343791962,-0.06188049912452698,1231.309312968248,287.49508667816207
car_33,-0.23144517838954926,-0.062047481536865234,1225.4277891247161,285.7645627295482
car_33,-0.23105688393115997,-0.06205578148365021,1217.1598273052264,285.1876635403672
car_33,-0.2306467443704605,-0.062071800231933594,1208.4760013619255,284.5834100515658
car_33,-0.23019364476203918,-0.06209912896156311,1198.923695327044,283.9185289441297
car_33,-0.2303989678621292,-0.06243763864040375,1190.7082806097478,280.64532035301187
car_33,-0.23009824752807617,-0.06252321600914001,1182.230895892651,279.5759848872014
car_33,-0.22969423234462738,-0.06257423013448715,1173.3874227780548,278.86010066783626
car_33,-0.22930334508419037,-0.0626325011253357,1164.8495271780125,278.1665240832135
car_33,-0.22886024415493011,-0.06270942091941833,1155.2104997666731,277.38630667273907
car_33,-0.2284134179353714,-0.06279870867729187,1145.5476133313973,276.6114283659273
car_33,-0.22797910869121552,-0.06289933621883392,1136.1549489350218,275.85488283358
car_33,-0.22754621505737305,-0.06301460415124893,1126.7660480869154,275.091585389494
car_33,-0.22712545096874237,-0.06314106285572052,1117.6453409563653,274.3500915177796
car_33,-0.22671730816364288,-0.06327791512012482,1108.8038614310663,273.6337849063169
car_33,-0.2262888103723526,-0.06343767046928406,1099.5332627565613,272.8879565732924
car_33,-0.22588296234607697,-0.06360587477684021,1090.7356493561895,272.1801803478974
car_33,-0.22548753023147583,-0.06378697603940964,1082.1446080063085,271.489023037146
car_33,-0.2250712662935257,-0.0639973133802414,1073.0757816115097,270.75942747271694
car_33,-0.22467853128910065,-0.06421633064746857,1064.4655489865,270.06273328128145
car_33,-0.2242453396320343,-0.06448183953762054,1054.934133017469,269.29323653366686
car_33,-0.22392745316028595,-0.06469471007585526,1047.8921299661822,268.71993723264563
car_33,-0.22378025949001312,-0.06479853391647339,1044.6189327490447,268.45352595607426
car_33,-0.2237565964460373,-0.06495372951030731,1040.0220341302345,267.1122443999321
car_33,-0.22450973093509674,-0.06516257673501968,1036.0803855003087,261.9911317730632
car_33,-0.2261289656162262,-0.06558781862258911,1035.3175806204156,253.9411186524053
car_33,-0.22854824364185333,-0.06658132374286652,1036.07443683206,243.31468345078915
car_33,-0.23146800696849823,-0.06854288280010223,1036.9133978971356,231.1369322100034
car_33,-0.23318183422088623,-0.07232116162776947,1037.8397938710052,216.94713581454994
car_33,-0.23274387419223785,-0.07676795870065689,1038.822293690173,201.8979853585858
car_33,-0.23235391080379486,-0.08114492893218994,1039.8053507189813,186.84030000872139
car_33,-0.23207511007785797,-0.08570227026939392,1040.7968583578495,171.3277267574407
car_33,-0.2338613122701645,-0.0898783728480339,1041.801168140381,155.31557191632842
car_33,-0.23547936975955963,-0.09437958151102066,1044.7330639533363,139.7970647597941
car_33,-0.23597846925258636,-0.09715371578931808,1051.7989862426348,125.34223901154938
car_33,-0.23625947535037994,-0.0997576043009758,1059.0027383295974,112.15975811048952
car_33,-0.2363593727350235,-0.1022593230009079,1065.8537099109728,99.59644925162532
car_33,-0.2363346666097641,-0.10400103032588959,1070.663487785112,90.77297841317552
car_33,-0.23629052937030792,-0.10494264215230942,1073.386527489941,85.93812409649959
car_33,-0.23627512156963348,-0.10519367456436157,1074.131310341701,84.63770690202328
car_33,-0.23627378046512604,-0.10521402955055237,1074.191946413046,84.53159377716966
car_33,-0.2362728863954544,-0.10522738099098206,1074.2315219056181,84.46233666516846
car_33,-0.23627282679080963,-0.10522779822349548,1074.2327496368282,84.46018813555065
car_33,-0.2362728863954544,-0.10522793233394623,1074.2331451693924,84.45949595356332
car_33,-0.2362728863954544,-0.10522807389497757,1074.2332998305244,84.45922529658236
car_33,-0.2362728863954544,-0.10522807389497757,1074.2332998305244,84.45922529658236
car_33,-0.23625703155994415,-0.10545895248651505,1074.9197844106393,83.25698207189724
car_33,-0.2362058311700821,-0.10609782487154007,1076.8322761709776,79.9011003037563
car_33,-0.23611725866794586,-0.10698202252388,1079.526950595922,75.17270933168416
car_33,-0.23596259951591492,-0.10818426311016083,1083.3036740366622,68.54562857717772
car_33,-0.23572282493114471,-0.10962259769439697,1088.049302641752,60.22122037693389
car_33,-0.2354363650083542,-0.11088784039020538,1090.4974330842724,52.25445110117598
car_33,-0.2351311892271042,-0.1121143251657486,1095.2470779100677,44.1525207244209
car_33,-0.2347879558801651,-0.11328523606061935,1100.1637828188675,35.76561974230885
car_33,-0.23455967009067535,-0.11397642642259598,1103.280871821727,30.448498356271358
car_33,-0.2345266193151474,-0.11418204009532928,1108.3338637204608,29.170433233157045
car_33,-0.23479096591472626,-0.11350759118795395,1108.7550083938602,34.756948032193655
car_33,-0.23506616055965424,-0.11262467503547668,1104.949203755105,41.2469334950963
car_33,-0.23536042869091034,-0.11155116558074951,1100.633881802794,48.605791712107504
car_33,-0.2356380671262741,-0.11036325991153717,1096.1828110462122,56.19614046790022
car_33,-0.23573994636535645,-0.10974850505590439,1091.987301736353,59.7663578174667
car_33,-0.23578037321567535,-0.10953643918037415,1091.2669547736716,61.03255775808025
car_33,-0.23580431938171387,-0.10940780490636826,1090.833083375094,61.79573522042254
car_33,-0.235809788107872,-0.10937823355197906,1090.7340913449682,61.97042703829146
car_33,-0.2358100563287735,-0.10937654972076416,1090.7286915072468,61.97995616368213
car_33,-0.2358102649450302,-0.10937534272670746,1090.7245739758196,61.98722239561276
car_33,-0.2358103096485138,-0.10937522351741791,1090.7241085059313,61.98804381306254
car_33,-0.2358103096485138,-0.10937522351741791,1090.7241085059313,61.98804381306254
car_33,-0.2358103096485138,-0.10937522351741791,1090.7241085059313,61.98804381306254
car_33,-0.2358103096485138,-0.10937522351741791,1090.7241085059313,61.98804381306254
car_33,-0.23584680259227753,-0.10917165875434875,1090.0456459628872,63.18348915946202
car_33,-0.23591646552085876,-0.10876186192035675,1088.6917508178808,65.55919196107692
car_33,-0.23603972792625427,-0.10795187205076218,1086.079306662224,70.14329208326728
car_33,-0.23617975413799286,-0.10683085024356842,1082.579780903413,76.28396935816218
car_33,-0.23630742728710175,-0.10542679578065872,1078.3431067896533,83.71813336909892
car_33,-0.2363966703414917,-0.10363943129777908,1073.1483049208143,92.90466701514335
car_33,-0.23639611899852753,-0.10135433077812195,1066.8562932173388,104.43034789222602
car_33,-0.2362309694290161,-0.09874221682548523,1059.6946576952382,117.55836506666651
car_33,-0.2358478158712387,-0.0959479808807373,1051.9094639720574,131.82291457363212
car_33,-0.23489588499069214,-0.09247305244207382,1046.1749036838332,146.57253394011562
car_33,-0.2332274466753006,-0.08812497556209564,1044.5787508737897,162.12591284820772
car_33,-0.23218972980976105,-0.08405420184135437,1043.6371985582355,177.2984893344101
car_33,-0.23254048824310303,-0.07948800176382065,1042.6239835302463,192.88638139138664
car_33,-0.2329694777727127,-0.0750955268740654,1041.6300340373755,208.11625265311784
car_33,-0.2334388941526413,-0.07026966661214828,1040.619139616504,223.60576394066442
car_33,-0.22979792952537537,-0.06714832037687302,1039.60033763263,238.99435605823115
car_33,-0.22619518637657166,-0.06549462676048279,1038.4874077803988,254.61572277532287
car_33,-0.22313573956489563,-0.06504993140697479,1037.4903228261537,269.6337364560937
car_33,-0.22053588926792145,-0.06623141467571259,1036.4222497881797,285.3266424024547
car_33,-0.21850836277008057,-0.0697108656167984,1035.2044242250918,301.44727494741704
car_33,-0.2167070060968399,-0.07443366944789886,1034.0547902531532,316.6652399701212
car_33,-0.2147083729505539,-0.07978896051645279,1032.85416114374,332.55823916662644
car_33,-0.21282196044921875,-0.08499619364738464,1031.7135176503534,347.6571951903961
car_33,-0.21078811585903168,-0.08972730487585068,1030.487507433706,363.6887211889485
car_33,-0.20875655114650726,-0.09297039359807968,1029.2924561069058,379.32869598682737
car_33,-0.20652829110622406,-0.09493514150381088,1028.0763427287043,395.4244408402628
car_33,-0.20396320521831512,-0.09632247686386108,1026.8579903640996,411.5498195703786
car_33,-0.20042730867862701,-0.09839484840631485,1025.6871692635555,427.0461030922679
car_33,-0.19620381295681,-0.10093782097101212,1024.5064625462414,442.67322668886163
car_33,-0.19117529690265656,-0.10392376035451889,1023.2795962000466,458.69090599939994
car_33,-0.18569274246692657,-0.10717993974685669,1022.090624701922,474.12410989168336
car_33,-0.18005284667015076,-0.11048398911952972,1020.9110983289333,490.00594799597627
car_33,-0.1751202493906021,-0.11316388845443726,1019.7580221116694,505.53164561822933
car_33,-0.17015311121940613,-0.11593812704086304,1018.6152038337348,520.9193176683132
car_33,-0.16572099924087524,-0.11853082478046417,1017.5880907896408,534.7554542305536
car_33,-0.16209504008293152,-0.12237101048231125,1016.396485472479,550.4984683459794
car_33,-0.15899375081062317,-0.12657393515110016,1015.2153573432444,565.515493655499
car_33,-0.1561531126499176,-0.13127782940864563,1013.9676117290927,581.2245548524784
car_33,-0.15379074215888977,-0.13585777580738068,1012.755218902675,596.4404732551441
car_33,-0.1517525017261505,-0.14028556644916534,1011.6463804546793,611.9110480398507
car_33,-0.1494547426700592,-0.14543265104293823,1010.1784932009588,627.8834130113967
car_33,-0.14543472230434418,-0.15193305909633636,1008.7281578000892,643.1183131714604
car_33,-0.1415225863456726,-0.15607234835624695,1007.0926162471732,658.8522078491637
car_33,-0.13803598284721375,-0.1584291160106659,1005.4383382232351,673.8683590805502
car_33,-0.1347271203994751,-0.1599041223526001,1003.992019976061,689.0955103244132
car_33,-0.13146936893463135,-0.16106972098350525,1002.535624183428,704.486493004416
car_33,-0.1285642683506012,-0.16230720281600952,1004.3783724783981,719.6945811230225
car_33,-0.12494630366563797,-0.16375797986984253,1003.0398294003069,734.9200671643191
car_33,-0.12066364288330078,-0.16569384932518005,1001.6542193908339,750.6809240266891
car_33,-0.11606375128030777,-0.1682807207107544,1000.2691724978463,765.2040503598806
car_33,-0.11147607117891312,-0.171193927526474,999.0959447749814,776.8902182020413
car_33,-0.10877294838428497,-0.1730947643518448,998.2842548345102,784.0872636066392
car_33,-0.10601568967103958,-0.1749778836965561,998.5844914624895,791.8907811396049
car_33,-0.10663776844739914,-0.17444270849227905,1004.7348910654532,794.7732933090907
car_33,-0.10871763527393341,-0.17284715175628662,1013.4726666508234,795.5195417912315
car_33,-0.111233651638031,-0.17087824642658234,1024.5551856189852,796.4402948777102
car_33,-0.11435319483280182,-0.16869015991687775,1037.196660730515,797.4905684896953
car_33,-0.11722823232412338,-0.16674503684043884,1051.3118140919098,798.6641744379467
car_33,-0.12003128230571747,-0.16505557298660278,1067.2694612269977,799.991291893289
car_33,-0.12233570218086243,-0.16386619210243225,1082.3524051944764,801.2456646744228
car_33,-0.1244131475687027,-0.16293588280677795,1097.9997572638524,802.546976445849
car_33,-0.12614737451076508,-0.16221463680267334,1112.955083774311,803.7889568945704
car_33,-0.12794062495231628,-0.1614384800195694,1128.9695687394794,804.1902323959869
car_33,-0.1295044720172882,-0.16061455011367798,1145.093895913144,804.8564713443562
car_33,-0.13078950345516205,-0.15998920798301697,1160.720446668063,806.1559424071337
car_33,-0.13195312023162842,-0.15949773788452148,1175.5767051126643,807.3913575830531
car_33,-0.1328444927930832,-0.15905563533306122,1187.1942071405174,808.3555365712414
car_33,-0.13382978737354279,-0.15856286883354187,1193.0965559829096,805.4011766128959
car_33,-0.1351814568042755,-0.15785719454288483,1194.49571009272,797.7814093456354
car_33,-0.13691335916519165,-0.1567971110343933,1195.2159889578786,788.0088065200467
car_33,-0.13912294805049896,-0.1551079899072647,1196.0182744505719,776.4228601402725
car_33,-0.14187872409820557,-0.15229350328445435,1196.9334804650978,763.2062085775597
car_33,-0.14529559016227722,-0.14733459055423737,1197.9690590486923,748.2512355027073
car_33,-0.14775854349136353,-0.14223581552505493,1199.0455420656458,732.7212399666573
car_33,-0.14934736490249634,-0.13829514384269714,1203.2676018671323,718.0127571621391
car_33,-0.1512051671743393,-0.13411590456962585,1204.3607895030107,702.2169181943831
car_33,-0.1532660573720932,-0.129938006401062,1205.39702915812,687.2677246729612
car_33,-0.15578517317771912,-0.12556874752044678,1207.1435817549714,671.8793339463236
car_33,-0.15839971601963043,-0.1219014972448349,1207.5777108531993,657.3151520279831
car_33,-0.16095097362995148,-0.11905021220445633,1206.0854406794194,643.4704393287324
car_33,-0.16438442468643188,-0.11643745005130768,1207.1075522203887,629.3867497126556
car_33,-0.1685417890548706,-0.11429176479578018,1209.1068841700678,616.2364045403608
car_33,-0.17289818823337555,-0.11218126118183136,1211.619285632319,602.7968380706458
car_33,-0.1761656552553177,-0.11069216579198837,1212.2923175400317,592.1324097476696
car_33,-0.17843155562877655,-0.10969293862581253,1212.9916196642641,584.8287791817011
car_33,-0.1795048862695694,-0.10922526568174362,1213.767387001391,581.5703580377333
car_33,-0.1796541064977646,-0.10916049778461456,1213.8770640300595,581.117344223668
car_33,-0.17971237003803253,-0.10913535952568054,1213.9198559212234,580.9405951079907
car_33,-0.18047906458377838,-0.10879968106746674,1215.3336004712557,579.0074070917117
car_33,-0.18168982863426208,-0.10825531929731369,1219.3538333068525,576.8617084415231
car_33,-0.18280181288719177,-0.10767350345849991,1226.1815524520885,576.9500030543894
car_33,-0.1839045137166977,-0.10710722953081131,1234.3476559176836,577.6248176271519
car_33,-0.18506108224391937,-0.10653072595596313,1243.093209662025,578.3438160994116
car_33,-0.1862773448228836,-0.10594222694635391,1252.52850947319,579.11937401149
car_33,-0.18735012412071228,-0.10543737560510635,1261.0733969832252,579.82138332106
car_33,-0.18887121975421906,-0.10474571585655212,1269.2173773021402,578.8396725506136
car_33,-0.18997789919376373,-0.10425076633691788,1278.656628670585,579.615564321658
car_33,-0.1909986436367035,-0.10380333662033081,1287.6431181548294,580.353416611741
car_33,-0.19202075898647308,-0.1033627912402153,1296.9531930630956,581.1207394025607
car_33,-0.19291706383228302,-0.10298193991184235,1305.411122918125,581.82486417115
car_33,-0.19386370480060577,-0.10258409380912781,1314.6425558901185,582.5914311363315
car_33,-0.1947142779827118,-0.10222963988780975,1323.2140644217766,583.2964853818222
car_33,-0.1955963373184204,-0.1018640547990799,1332.4162084110876,584.051000115583
car_33,-0.19649864733219147,-0.10149062424898148,1342.0471429636143,584.7847675987229
car_33,-0.19732417166233063,-0.10114889591932297,1351.2057146891277,585.481912610665
car_33,-0.198101207613945,-0.1008259579539299,1360.1585483052686,586.1625272389051
car_33,-0.19881562888622284,-0.10052738338708878,1368.7257604442939,586.8234556059645
car_33,-0.19951637089252472,-0.10023215413093567,1377.4646467574748,587.5063563817217
car_33,-0.20025821030139923,-0.0999160185456276,1387.0829626885507,588.2579802357708
car_33,-0.20096294581890106,-0.09961123764514923,1396.5958149968574,589.0013626289264
car_33,-0.20161719620227814,-0.09932373464107513,1405.7791000921331,589.7189909731817
car_33,-0.20221702754497528,-0.09905526787042618,1414.520584253673,590.402094757949
car_33,-0.20281964540481567,-0.09878033399581909,1423.6328664119096,591.1141745735879
car_33,-0.2033936232328415,-0.09851288795471191,1432.6399442185548,591.8179995810951
car_33,-0.20393815636634827,-0.0982532799243927,1441.5017807004053,592.5104214729797
car_33,-0.20445570349693298,-0.09800081700086594,1450.2294981599232,593.1923639402697
car_33,-0.20500679314136505,-0.09772519767284393,1459.8635629894495,593.9449277369755
car_33,-0.2054702788591385,-0.09748610854148865,1468.0140615577332,594.4973533503562
car_33,-0.20647968351840973,-0.0968785434961319,1474.5624360427075,590.6179997730212
car_33,-0.20753557980060577,-0.09622150659561157,1475.7136588517756,582.6948173770471
car_33,-0.2086184173822403,-0.09546786546707153,1476.4277168358678,573.6158225540559
car_33,-0.20962513983249664,-0.09467010200023651,1477.155913424684,564.3570603704961
car_33,-0.21059462428092957,-0.09369110316038132,1477.8611209153646,555.3905964422719
car_33,-0.21155913174152374,-0.09239470213651657,1478.5449669528055,546.6957358399604
car_33,-0.21246324479579926,-0.0908505916595459,1479.219222015821,538.122821086721
car_33,-0.21343891322612762,-0.08873835951089859,1479.9636073663673,528.4777546709166
car_33,-0.21433433890342712,-0.08633796125650406,1480.6674986686642,519.2943437943178
car_33,-0.21516434848308563,-0.0836927518248558,1481.3440000657135,510.4682789354059
car_33,-0.21600382030010223,-0.08058992773294449,1482.0545138597408,501.14808689002604
car_33,-0.21681499481201172,-0.07718007266521454,1482.7790409604731,491.650571638142
car_33,-0.21753332018852234,-0.07384450733661652,1483.4613011175156,482.7261823540565
car_33,-0.21819016337394714,-0.07059640437364578,1484.1240134072793,474.0771107356094
car_33,-0.21881188452243805,-0.06746973097324371,1484.7815346730754,465.4957872769044
car_33,-0.21949924528598785,-0.06418593972921371,1485.5242528870854,455.8025567083455
car_33,-0.22015142440795898,-0.0614856481552124,1486.2120553428385,446.826032821526
car_33,-0.22069571912288666,-0.05888890102505684,1486.8761243929666,438.1592540958743
car_33,-0.22126956284046173,-0.05675554275512695,1487.550198347232,429.3399166150173
car_33,-0.22203382849693298,-0.055201124399900436,1488.2829622995307,419.7443931279323
car_33,-0.2229740470647812,-0.054348718374967575,1489.0038989905054,410.27655686503715
car_33,-0.22408296167850494,-0.05404256284236908,1489.7047713766285,401.1050821459474
car_33,-0.22527794539928436,-0.054111335426568985,1490.350516667665,392.6667619238915
car_33,-0.22666269540786743,-0.054445601999759674,1491.0180722297991,384.04860426961204
car_33,-0.2283097505569458,-0.05502915382385254,1491.7269869186457,374.8066763811258
car_33,-0.2300337702035904,-0.05576517805457115,1492.4135963282927,365.8555363478497
car_33,-0.23186318576335907,-0.05664418637752533,1493.1061738694502,356.82659140811796
car_33,-0.23364843428134918,-0.05759032815694809,1493.7649196059124,348.2387024998836
car_33,-0.23559880256652832,-0.05894903093576431,1494.4823303049786,338.8860144380994
car_33,-0.2375735193490982,-0.060626789927482605,1495.2216417481363,329.24781233523106
car_33,-0.2390851527452469,-0.06230511888861656,1495.8817462605375,320.64220943482746
car_33,-0.23863035440444946,-0.06473349034786224,1496.5530799572293,311.8902147145179
car_33,-0.2383478283882141,-0.06626996397972107,1493.702396453719,305.39561438042915
car_33,-0.2383241057395935,-0.06622287631034851,1485.6185471271772,304.3583527609319
car_33,-0.2383197396993637,-0.06605945527553558,1476.3128935059037,303.6364307834929
car_33,-0.23830646276474,-0.0658617913722992,1466.5819154039507,302.87941967486165
car_33,-0.23828639090061188,-0.06565499305725098,1457.8754345110074,302.2020921499649
car_33,-0.23826561868190765,-0.06543447077274323,1448.6590548311174,301.48017607454716
car_33,-0.23824459314346313,-0.06519968807697296,1438.9825634906572,300.72213097661586
car_33,-0.23822598159313202,-0.06498504430055618,1430.2377360224255,300.0363617967532
car_33,-0.23824673891067505,-0.06453271955251694,1421.5487520116822,300.17142446474656
car_33,-0.23825997114181519,-0.06415516138076782,1412.339528646341,300.0175871141546
car_33,-0.23825374245643616,-0.06389071047306061,1403.0029466003334,299.4259180073232
car_33,-0.2382495105266571,-0.0636453628540039,1394.4139337667243,298.87847473884443
car_33,-0.2381194829940796,-0.06343930214643478,1385.8482960193958,298.3318994368718
car_33,-0.23797792196273804,-0.06341752409934998,1380.8510706870231,297.72388979166686
car_33,-0.23806069791316986,-0.06365885585546494,1374.1356552781215,295.5715498638381
car_33,-0.23773552477359772,-0.06354445964097977,1365.6150489040226,294.92348776359717
car_33,-0.23731394112110138,-0.06336717307567596,1356.1752186517317,294.4713781609123
car_33,-0.23693108558654785,-0.06324039399623871,1346.5876996635127,293.7642176360686
car_33,-0.2365691214799881,-0.06312550604343414,1337.6563927454604,293.1054582953601
car_33,-0.23620612919330597,-0.06301498413085938,1328.819912381841,292.4536932141763
car_33,-0.2358030527830124,-0.06289835274219513,1319.1451965045205,291.7399407014406
car_33,-0.23544389009475708,-0.06279948353767395,1310.6304897163016,291.1115490565536
car_33,-0.23506280779838562,-0.06270073354244232,1301.683588422839,290.4473986665337
car_33,-0.23469224572181702,-0.06261023879051208,1293.0763349148856,289.80786302964367
car_33,-0.23429732024669647,-0.06251979619264603,1284.014184990013,289.1365505697325
car_33,-0.23391467332839966,-0.062438152730464935,1275.3313121556089,288.495533112159
car_33,-0.23372726142406464,-0.06240059435367584,1271.1084239414492,288.1837762641338
car_33,-0.23366345465183258,-0.062388062477111816,1269.6747126333107,288.078199232955
car_33,-0.23366142809391022,-0.062387701123952866,1269.6290575914377,288.0748460377892
car_33,-0.23366068303585052,-0.06238746643066406,1269.6110489859554,288.07352337184983
car_33,-0.233660489320755,-0.062387555837631226,1269.609420662604,288.07340377747937
car_33,-0.2336604744195938,-0.06238752231001854,1269.6085388173012,288.0733390091803
car_33,-0.2336605042219162,-0.06238751858472824,1269.608405779214,288.07332923802136
car_33,-0.2336605042219162,-0.06238751858472824,1269.608405779214,288.07332923802136
car_33,-0.2336605042219162,-0.06238751858472824,1269.608405779214,288.07332923802136
car_33,-0.2336605042219162,-0.06238751858472824,1269.608405779214,288.07332923802136
car_33,-0.2336605042219162,-0.06238751858472824,1269.608405779214,288.07332923802136
car_33,-0.2336605042219162,-0.06238751858472824,1269.608405779214,288.07332923802136
car_34,-0.12883184850215912,-0.16219769418239594,1004.4831658800875,718.5025907412727
car_34,-0.12843886017799377,-0.16235822439193726,1004.3294855536304,720.2506537685989
car_34,-0.12712755799293518,-0.16291673481464386,1000.7921380511389,723.9166151388995
car_34,-0.12585537135601044,-0.1634252369403839,1000.3275374161826,729.1988424107366
car_34,-0.12413221597671509,-0.16413649916648865,999.7289341085146,736.0045987504233
car_34,-0.12191811949014664,-0.16512805223464966,999.0107709351148,744.1696782073625
car_34,-0.1188332810997963,-0.16670730710029602,998.0969733299257,754.5590024310038
car_34,-0.11469296365976334,-0.16918697953224182,996.8922380216469,766.7521912082458
car_34,-0.1105114072561264,-0.17193248867988586,995.8301067616749,777.3178462746927
car_34,-0.10808438807725906,-0.17363083362579346,995.1124028309538,783.651279321346
car_34,-0.10681350529193878,-0.17450851202011108,994.715658678289,786.8467944807519
car_34,-0.10582751035690308,-0.17521962523460388,992.3474686252766,787.7659799201771
car_34,-0.10647720098495483,-0.17479334771633148,991.6899923627036,785.5157841124247
car_34,-0.10824136435985565,-0.17357829213142395,992.1995632194705,781.056158036934
car_34,-0.11057944595813751,-0.17194309830665588,992.8580363471159,774.9243987349842
car_34,-0.11391718685626984,-0.16972997784614563,993.7049892414007,766.510347055954
car_34,-0.11770054697990417,-0.16740095615386963,994.769291816769,755.9370354447611
car_34,-0.12167975306510925,-0.1652863323688507,995.9185445670927,742.8778061992921
car_34,-0.12514439225196838,-0.16375155746936798,997.0529776111607,729.9859773845142
car_34,-0.1283535659313202,-0.16245749592781067,998.227793256306,716.6352360028754
car_34,-0.1312500536441803,-0.16120633482933044,999.4025892347183,703.5891048201726
car_34,-0.1340762823820114,-0.16016079485416412,1000.6625855674457,690.3210295584635
car_34,-0.13634081184864044,-0.15928591787815094,1001.6632163445174,679.7841382084447
car_34,-0.13800427317619324,-0.15847989916801453,1002.387679881359,672.2455466679193
car_34,-0.13875742256641388,-0.1580531895160675,1003.0812615125152,669.1146012153658
car_34,-0.13898776471614838,-0.15788736939430237,1005.5457426755155,669.4652075331951
car_34,-0.13849370181560516,-0.1581748127937317,1005.6379653181101,671.8267183375108
car_34,-0.13757744431495667,-0.15866988897323608,1005.2377428942492,675.930888485416
car_34,-0.13634201884269714,-0.15925563871860504,1004.7038013341205,681.5735066154905
car_34,-0.134633406996727,-0.1599382609128952,1003.9503292717578,689.5360917316737
car_34,-0.13249212503433228,-0.16063809394836426,1002.9903064566133,699.6814756960046
car_34,-0.12992703914642334,-0.16176801919937134,1001.8821103383708,711.5904132966693
car_34,-0.126816064119339,-0.1630408763885498,1000.6765913524426,725.230310982387
car_34,-0.12344317883253098,-0.1644340604543686,999.4994203515721,738.6140308841049
car_34,-0.11975838243961334,-0.16620783507823944,998.3612709156312,751.5540992732069
car_34,-0.11568418145179749,-0.16857166588306427,997.157066546055,764.1177834414268
car_34,-0.11130832135677338,-0.17137101292610168,996.0488775678175,775.1416021856409
car_34,-0.10832077264785767,-0.17346656322479248,995.1840948432878,783.0492145790229
car_34,-0.10415749251842499,-0.17624740302562714,994.1000444031256,792.9993848692818
car_34,-0.09755121171474457,-0.17995470762252808,992.8251219105467,804.6712198751214
car_34,-0.09324784576892853,-0.18212777376174927,991.904178664695,812.8123024889613
car_34,-0.09084200859069824,-0.18323680758476257,991.363276535805,817.7092697625129
car_34,-0.08751686662435532,-0.1846313178539276,987.8672021752084,823.0511547919929
car_34,-0.08512189239263535,-0.18550914525985718,980.853416534235,824.221448134595
car_34,-0.0834355354309082,-0.18603822588920593,973.5162539323901,823.8111974330008
car_34,-0.08075450360774994,-0.18670320510864258,963.9424122771635,826.2123256543188
car_34,-0.07909353077411652,-0.1869470775127411,952.0912804514239,825.2198081335191
car_34,-0.07777614891529083,-0.18696752190589905,938.3999603247427,824.0731771358708
car_34,-0.07712368667125702,-0.18678362667560577,925.9253960786402,823.0284479268253
car_34,-0.07696883380413055,-0.18641090393066406,913.1134340141222,821.9554620709733
car_34,-0.07732750475406647,-0.18580874800682068,899.5859063253164,820.8025428593093
car_34,-0.07873841375112534,-0.18470832705497742,886.0047395125596,819.6444031046198
car_34,-0.08042579144239426,-0.1833670735359192,875.570437498083,818.7546135790209
car_34,-0.0815996527671814,-0.18235942721366882,869.6140854000131,818.6142863117401
car_34,-0.08306067436933517,-0.1810118854045868,866.2742750070445,822.1690858782235
car_34,-0.08455158770084381,-0.17955079674720764,865.5773137736537,828.1164634582711
car_34,-0.08634482324123383,-0.17769178748130798,865.0944306652194,835.1753071962945
car_34,-0.0882805660367012,-0.1755436211824417,864.6099352639903,842.5740208395807
car_34,-0.09028095752000809,-0.17313304543495178,864.1088260658578,850.2264432394486
car_34,-0.09232834726572037,-0.17039524018764496,863.5757972143886,858.3663096357562
car_34,-0.09396076947450638,-0.1679220199584961,863.1169458095283,865.3734146377194
car_34,-0.09555327892303467,-0.16509011387825012,862.6101278863251,873.1130147939891
car_34,-0.09676213562488556,-0.16238820552825928,862.071803598436,880.2172175966753
car_34,-0.09772102534770966,-0.15923742949962616,861.3773695874631,888.221743438459
car_34,-0.09808371216058731,-0.15617330372333527,860.7162226733798,895.8425792203664
car_34,-0.0976746454834938,-0.1528812199831009,860.0207237803927,903.85937962743
car_34,-0.09705225378274918,-0.15114614367485046,859.6610490117669,908.0052393269997
car_34,-0.09513804316520691,-0.14806468784809113,858.5287323504538,914.656524907466
car_34,-0.09138893336057663,-0.14430519938468933,856.8843724488843,922.094434025929
car_34,-0.08653782308101654,-0.1405733823776245,856.0714659322515,929.9326222992476
car_34,-0.0818091481924057,-0.13719062507152557,855.4221020633613,936.9355659833581
car_34,-0.07705661654472351,-0.13356615602970123,854.7177809198871,944.53118615808
car_34,-0.07298219203948975,-0.12985242903232574,853.9624361910543,952.6770606847083
car_34,-0.0700063407421112,-0.1263623833656311,853.2214228314265,960.6799257315461
car_34,-0.0679321363568306,-0.12326356768608093,852.559992239587,967.8321586043005
car_34,-0.06617170572280884,-0.12011778354644775,851.9111388731518,974.8483904421851
car_34,-0.06465281546115875,-0.11710837483406067,851.3243829177686,981.1931457107681
car_34,-0.06320057064294815,-0.11412657797336578,850.4944769315687,986.8289837843439
car_34,-0.061181776225566864,-0.11005421727895737,845.5626258958881,989.8424422569133
car_34,-0.05965219810605049,-0.10716328024864197,839.8087423662515,989.4436064885358
car_34,-0.05761127918958664,-0.103671133518219,832.229282433379,988.7889249235926
car_34,-0.05548367276787758,-0.10052154958248138,824.200749450328,988.0940794352781
car_34,-0.053618043661117554,-0.09819825738668442,816.7134353120326,987.4460748173022
car_34,-0.05184141546487808,-0.09638168662786484,808.9530687271081,986.7744383277237
car_34,-0.050276994705200195,-0.09509072452783585,801.5138322398365,986.130594686476
car_34,-0.04884696751832962,-0.09411786496639252,794.2343248104822,985.5005751168837
car_34,-0.04740874841809273,-0.09325159341096878,786.5383219832477,984.8345091177966
car_34,-0.04548410698771477,-0.09205769002437592,778.8412863337886,987.3647184100997
car_34,-0.04410180449485779,-0.09096628427505493,770.8329586110383,986.6495790599541
car_34,-0.04292009025812149,-0.08971697092056274,763.7299891865707,986.0264319485285
car_34,-0.041668813675642014,-0.08789028227329254,755.7368813248924,985.3350957432027
car_34,-0.04058312997221947,-0.08566780388355255,748.032805880027,984.666050890928
car_34,-0.03965979442000389,-0.08303803950548172,740.3068371309859,983.9938877018359
car_34,-0.038985997438430786,-0.08036479353904724,733.0874281887012,983.3662550046807
car_34,-0.03850255534052849,-0.0775534063577652,725.4705802600387,982.7058544430312
car_34,-0.038264691829681396,-0.0750487893819809,717.978398146797,982.0562627324042
car_34,-0.038245830684900284,-0.07310337573289871,710.9087014443619,981.4433016077097
car_34,-0.03844071179628372,-0.07147868722677231,702.7495936991116,980.7358857070658
car_34,-0.038823846727609634,-0.07052887976169586,694.6137855884049,980.0304899454457
car_34,-0.03931305184960365,-0.0701814815402031,687.0451492904972,979.3742694578013
car_34,-0.039580680429935455,-0.07034486532211304,678.9848791872131,978.6754230382444
car_34,-0.039817437529563904,-0.07077157497406006,671.458504320454,978.0228667267959
car_34,-0.04012604057788849,-0.07141979038715363,663.6564116267414,977.3464049613482
car_34,-0.040485676378011703,-0.07218100130558014,655.7744542191275,976.6630187171121
car_34,-0.04091031476855278,-0.07233425229787827,648.1791929670446,976.0044897765677
car_34,-0.041218750178813934,-0.07248187065124512,643.0001388565313,975.5149395844637
car_34,-0.041311174631118774,-0.07253190875053406,641.4963552357223,975.3610342245515
car_34,-0.041327301412820816,-0.07254087924957275,641.2367505456217,975.3344648746051
car_34,-0.041330646723508835,-0.07254272699356079,641.1834810809105,975.329012989091
car_34,-0.041331660002470016,-0.07254332304000854,641.1666133455021,975.3272866536973
car_34,-0.04133167862892151,-0.07254341244697571,641.1658816525043,975.3272117682733
car_34,-0.041331708431243896,-0.07254339754581451,641.1655789056704,975.3271807835227
car_34,-0.0413316935300827,-0.07254339754581451,641.165453188418,975.3271679169383
car_34,-0.0413316935300827,-0.07254339754581451,641.165453188418,975.3271679169383
car_34,-0.041331708431243896,-0.07254336774349213,641.1653400592847,975.3271563386901
car_34,-0.041331708431243896,-0.07254336774349213,641.1653400592847,975.3271563386901
car_34,-0.041331708431243896,-0.07254336774349213,641.1653400592847,975.3271563386901
car_34,-0.041331708431243896,-0.07254336774349213,641.1653400592847,975.3271563386901
car_34,-0.041331708431243896,-0.07254336774349213,641.1653400592847,975.3271563386901
car_34,-0.041484296321868896,-0.07263172417879105,638.7906480019512,975.198391352511
car_34,-0.041748177260160446,-0.07270723581314087,634.6295741469746,975.6226062805335
car_34,-0.042008548974990845,-0.0724761113524437,630.8986765783468,980.45434994309
car_34,-0.04219831898808479,-0.07227564603090286,630.0910740047171,988.8143813288856
car_34,-0.04245980829000473,-0.07215617597103119,629.1923588574077,999.1693658848924
car_34,-0.04276387766003609,-0.0717749297618866,628.1788520039954,1011.0598282891257
car_34,-0.043030813336372375,-0.07131214439868927,627.0452466022973,1024.2381887338106
car_34,-0.04315449297428131,-0.07084106653928757,625.9133475406361,1036.9846264015582
car_34,-0.043051742017269135,-0.07016614079475403,624.6710022871871,1050.3005349485225
car_34,-0.043009355664253235,-0.06986349076032639,623.1722445114627,1063.8421376988974
car_34,-0.04299042373895645,-0.06957917660474777,621.8489933247339,1077.5035654680921
car_34,-0.04320613294839859,-0.06983090192079544,620.5360299834409,1091.0587801019926
car_34,-0.04374948889017105,-0.07082405686378479,619.2282547687834,1104.5604318009052
car_34,-0.04457559436559677,-0.07241219282150269,617.9989675984353,1117.2517621044296
car_34,-0.04574619233608246,-0.0746203362941742,616.8140736834423,1130.4488464696512
car_34,-0.0467829555273056,-0.07648763805627823,615.9804576554196,1139.8581676135395
car_34,-0.047525301575660706,-0.07788453251123428,615.4248256912226,1146.1297835772348
car_34,-0.048171624541282654,-0.07906922698020935,613.3750193442842,1147.6775777523862
car_34,-0.048180077224969864,-0.07907596230506897,612.2893997980703,1145.3466597505171
car_34,-0.04765831679105759,-0.07810983061790466,612.6535484073245,1141.2363846437636
car_34,-0.04691571742296219,-0.07671301066875458,613.2065459831015,1134.9945039608554
car_34,-0.046039607375860214,-0.0751485675573349,613.8954382208497,1127.2187318060421
car_34,-0.04511929303407669,-0.07343947142362595,614.743777018209,1117.6152914455654
car_34,-0.04426062852144241,-0.07180149853229523,615.8203637583443,1106.5103270159077
car_34,-0.04354945570230484,-0.07045638561248779,617.0990033056847,1093.3211930964396
car_34,-0.04316609352827072,-0.06981891393661499,618.3738705947063,1080.1709699241399
car_34,-0.04307853430509567,-0.06987888365983963,619.6927173685459,1066.567099501385
car_34,-0.043099045753479004,-0.07010484486818314,621.1800834878255,1052.951456035462
car_34,-0.04317205399274826,-0.07058849930763245,622.4567355234655,1039.8182847486828
car_34,-0.04324594512581825,-0.07125557959079742,623.4077389555955,1026.777669246388
car_34,-0.0431709885597229,-0.07159917056560516,621.4766751439238,1014.318705688157
car_34,-0.042888134717941284,-0.0720602422952652,622.6361328780687,1000.7655224531733
car_34,-0.04261740669608116,-0.072372667491436,623.5235997861415,990.3917060855008
car_34,-0.042446695268154144,-0.0724143534898758,624.1159231874732,983.984001459341
car_34,-0.042372606694698334,-0.07245378196239471,624.4074552676223,981.0529492686635
car_34,-0.042361997067928314,-0.0724606141448021,624.4502809143237,980.6228308170104
car_34,-0.04235696792602539,-0.0724639743566513,624.4705912324875,980.4188445780597
car_34,-0.04235569387674332,-0.07246474921703339,624.4757071511101,980.3674629605907
car_34,-0.04235459864139557,-0.07246555387973785,624.480312977716,980.3212044412002
car_34,-0.042354483157396317,-0.07246562838554382,624.4806907592995,980.3174102000797
car_34,-0.04235444962978363,-0.07246559858322144,624.4807453301678,980.3168621187501
car_34,-0.04235447198152542,-0.07246561348438263,624.4807777538953,980.3165364717474
car_34,-0.04235447198152542,-0.07246561348438263,624.4807777538953,980.3165364717474
car_34,-0.04235447198152542,-0.07246561348438263,624.4807777538953,980.3165364717474
car_34,-0.04235447198152542,-0.07246561348438263,624.4807777538953,980.3165364717474
car_34,-0.04235447198152542,-0.07246561348438263,624.4807777538953,980.3165364717474
car_34,-0.04235447198152542,-0.07246561348438263,624.4807777538953,980.3165364717474
car_34,-0.04235447198152542,-0.07246561348438263,624.4807777538953,980.3165364717474
car_34,-0.0423140823841095,-0.07249358296394348,624.6734517426443,978.7304182740493
car_34,-0.04221247881650925,-0.07257665693759918,625.2814331787048,974.8946979945125
car_34,-0.04206400737166405,-0.07274165004491806,626.3472929183687,969.2496404510146
car_34,-0.041867200285196304,-0.07297333329916,627.9942823011187,962.2622842436797
car_34,-0.041484393179416656,-0.07281014323234558,630.0477799661662,952.8713555693998
car_34,-0.04127160459756851,-0.07276800274848938,630.7843923215311,945.6994466912806
car_34,-0.04110225290060043,-0.07269788533449173,631.4643498631275,938.6298309945117
car_34,-0.040959905833005905,-0.07215771824121475,632.1816501765172,931.1719571647245
car_34,-0.0408686101436615,-0.07176410406827927,632.855436585486,924.1665036154753
car_34,-0.040821902453899384,-0.0714879259467125,633.5923059526546,916.5051675379716
car_34,-0.04084312915802002,-0.07141352444887161,634.366528178912,908.4189943366594
car_34,-0.04066910594701767,-0.07169866561889648,635.0653756925199,901.0310266701879
car_34,-0.04051487147808075,-0.07238361239433289,635.7551999241199,893.6923332016161
car_34,-0.04048603028059006,-0.07347242534160614,636.4332873831189,886.4785013608102
car_34,-0.04060783609747887,-0.07502645999193192,637.1233905914347,879.1239231189737
car_34,-0.04094715416431427,-0.07721569389104843,637.8805263124294,871.0406563324841
car_34,-0.04143356904387474,-0.07943520694971085,638.5375108054895,864.0266154085998
car_34,-0.04221305623650551,-0.08216720819473267,639.2877122116421,856.0187420681277
car_34,-0.04324705898761749,-0.08497448265552521,640.0556824938132,847.8096680596427
car_34,-0.0443224273622036,-0.08728007972240448,640.7153216584692,840.6175397925033
car_34,-0.04567951336503029,-0.0895904004573822,641.4528276187516,832.5764201192983
car_34,-0.04707871377468109,-0.09149219840765,642.1485442972108,824.9909342094732
car_34,-0.04864004999399185,-0.09324777871370316,642.8754490641123,817.0654006728507
car_34,-0.05015014111995697,-0.09474851191043854,643.6058725913274,809.8822301228302
car_34,-0.051835209131240845,-0.096366286277771,644.654174184843,802.6021246646234
car_34,-0.054241620004177094,-0.09884843230247498,646.4637206277475,793.4477608402088
car_34,-0.0572495199739933,-0.1025795042514801,648.8286420367151,783.5284547459868
car_34,-0.05907893180847168,-0.10526725649833679,650.2144537247866,778.002362635591
car_34,-0.060051143169403076,-0.10682664811611176,650.9323315374024,775.1443326586041
car_34,-0.06200825050473213,-0.11023572087287903,653.2099054143691,770.385641409011
car_34,-0.06410029530525208,-0.1142408698797226,658.7458053318967,768.660417376803
car_34,-0.06630030274391174,-0.11862830817699432,666.8518043705166,769.2432016214098
car_34,-0.0689954161643982,-0.12360427528619766,676.4476333778365,770.0572127500081
car_34,-0.07323343306779861,-0.1295926868915558,688.5549249816219,771.1038864686009
car_34,-0.07950659096240997,-0.13575732707977295,701.1601550724266,772.1936069019252
car_34,-0.08728200197219849,-0.14204303920269012,714.1760150130588,773.316403518271
car_34,-0.09350968897342682,-0.1478889137506485,727.1648368864123,774.4366343664607
car_34,-0.096888966858387,-0.1545097678899765,740.0126974566522,772.3515755777723
car_34,-0.09692049026489258,-0.15957394242286682,753.2138741736785,773.5016927631513
car_34,-0.09541451930999756,-0.16455015540122986,766.9359798056882,774.6928624523434
car_34,-0.0931067168712616,-0.1690240502357483,780.1392355293206,775.8338845519165
car_34,-0.09032689779996872,-0.17314240336418152,793.4338486469467,776.9828017349213
car_34,-0.08754986524581909,-0.17659568786621094,805.9825820273699,778.0707152080781
car_34,-0.08484223484992981,-0.1795533299446106,818.5214628128516,779.1619152764349
car_34,-0.08226597309112549,-0.182073175907135,831.7188028655698,780.3090080384006
car_34,-0.08010877668857574,-0.18397879600524902,845.1804218970605,781.474613365759
car_34,-0.07884266972541809,-0.18514199554920197,858.8459355362683,782.6493012230626
car_34,-0.07860444486141205,-0.18578550219535828,872.2186638277034,783.7789150025518
car_34,-0.0789123922586441,-0.18619149923324585,885.2437022304332,784.8580402019487
car_34,-0.07980945706367493,-0.18637847900390625,898.3643432061981,785.9281789495498
car_34,-0.08129936456680298,-0.18631693720817566,911.3080367834938,786.980861082807
car_34,-0.08339296281337738,-0.18595919013023376,924.2179006484798,788.0307919199594
car_34,-0.08671210706233978,-0.18503686785697937,937.3665669670488,787.5011397287677
car_34,-0.09005679935216904,-0.18379612267017365,950.2218270401122,788.5481954432805
car_34,-0.09385401755571365,-0.18208611011505127,962.9254131589444,789.5828572393733
car_34,-0.09835661947727203,-0.17972463369369507,976.518368669435,790.6997063613522
car_34,-0.10244183987379074,-0.17731770873069763,988.9788460454856,792.3264771201882
car_34,-0.105873242020607,-0.17502285540103912,1001.3929562903008,794.3655963848712
car_34,-0.10887624323368073,-0.172724187374115,1014.1495837329469,795.5757811258491
car_34,-0.11197251081466675,-0.17034190893173218,1027.5230593605775,796.6868704906824
car_34,-0.11506959795951843,-0.16820332407951355,1040.3769643989638,797.7547931147175
car_34,-0.11758722364902496,-0.1665145605802536,1053.2369629906702,798.8242794137022
car_34,-0.1198718249797821,-0.16514459252357483,1066.2987807024917,799.9105652638099
car_34,-0.12187333405017853,-0.1640903353691101,1079.1538688649812,800.9796584544277
car_34,-0.12375041097402573,-0.1632208228111267,1092.763378616219,802.1114931037731
car_34,-0.12528759241104126,-0.1625705510377884,1105.3005636862194,803.1534167651562
car_34,-0.12667173147201538,-0.161994069814682,1117.873289341875,804.1973060747833
car_34,-0.1282481998205185,-0.1612963080406189,1131.2815838052868,803.8479754397243
car_34,-0.1294565051794052,-0.16064323484897614,1144.5350185684263,804.8099962809533
car_34,-0.13051730394363403,-0.160091832280159,1157.3225165999413,805.8733776962057
car_34,-0.131531223654747,-0.15968629717826843,1170.1379738884432,806.9390841444074
car_34,-0.1323433518409729,-0.15931162238121033,1180.646936680448,807.8131514435127
car_34,-0.13285082578659058,-0.1590522825717926,1187.2766869830984,808.3621349586479
car_34,-0.13379661738872528,-0.15857946872711182,1193.0100466044883,805.5644281818527
car_34,-0.1348896324634552,-0.15801692008972168,1194.35877912904,799.4861998434508
car_34,-0.13637249171733856,-0.1571500301361084,1195.0090047076492,790.9979026042447
car_34,-0.1383519172668457,-0.15574657917022705,1195.745903273487,780.3562203740544
car_34,-0.14078113436698914,-0.15352387726306915,1196.5790688447446,768.3243293303079
car_34,-0.14360563457012177,-0.15001660585403442,1197.4681739986547,755.4846049017827
car_34,-0.1467517614364624,-0.1446327567100525,1198.3869617714163,742.2162285363123
car_34,-0.14810413122177124,-0.14138326048851013,1199.3063714140703,728.9660644944862
car_34,-0.14947009086608887,-0.1380089372396469,1203.3456870045716,716.8844785242505
car_34,-0.15108178555965424,-0.13438239693641663,1204.2935112601815,703.189044346276
car_34,-0.15260475873947144,-0.13121944665908813,1205.0803386872346,691.8199079553774
car_34,-0.1537146419286728,-0.12910112738609314,1205.6272119338796,684.305853121481
car_34,-0.15430644154548645,-0.12802380323410034,1206.376077673246,680.7338592100682
car_34,-0.15455281734466553,-0.12758378684520721,1206.8614557133135,679.3682531440239
car_34,-0.15455801784992218,-0.1275743991136551,1206.8813798785886,679.3443441456935
car_34,-0.15456029772758484,-0.12757019698619843,1206.8903838353508,679.3335393975791
car_34,-0.15456122159957886,-0.12756848335266113,1206.8938396742383,679.3293923909141
car_34,-0.15494957566261292,-0.1268700659275055,1208.3966079634076,677.563875916632
car_34,-0.15551424026489258,-0.12584874033927917,1212.03942167117,675.7610960434962
car_34,-0.15604861080646515,-0.12483576685190201,1218.6677061692678,675.6201980688344
car_34,-0.1565471589565277,-0.12389642745256424,1226.245327618712,676.2139346212233
car_34,-0.15710526704788208,-0.12290486693382263,1234.4586095827724,676.8402804905118
car_34,-0.15765458345413208,-0.12198561429977417,1242.3478497549606,677.4419148938231
car_34,-0.15816205739974976,-0.12118426710367203,1249.4862498062703,677.9862901393134
car_34,-0.1587047576904297,-0.12037545442581177,1256.9850821677971,678.5581519960816
car_34,-0.15945616364479065,-0.11939796805381775,1264.0277405945126,677.8764243732161
car_34,-0.16007834672927856,-0.11860452592372894,1271.846000746649,678.2855737003259
car_34,-0.1606481671333313,-0.11791706085205078,1279.3606457775575,678.8583954791678
car_34,-0.1612190306186676,-0.11727291345596313,1286.8195455404039,679.4269679417104
car_34,-0.1618146300315857,-0.11669634282588959,1294.0319030903183,679.9767471347917
car_34,-0.16270385682582855,-0.11615028232336044,1301.892241975337,680.575920253934
car_34,-0.163638174533844,-0.11559261381626129,1310.106426020728,681.2020660661796
car_34,-0.16420453786849976,-0.11526224762201309,1315.0714722262537,681.5805385805543
car_34,-0.16471318900585175,-0.11497010290622711,1319.5243337871923,681.9199685961813
car_34,-0.1652407944202423,-0.1146719753742218,1324.139142787409,682.2717434424511
car_34,-0.16554711759090424,-0.11448594927787781,1328.347493793828,683.2055599115499
car_34,-0.16489504277706146,-0.11477772891521454,1329.9166941186636,686.2462970924713
car_34,-0.16379228234291077,-0.11534236371517181,1326.3949155594973,688.4554433050961
car_34,-0.16308678686618805,-0.11575417965650558,1320.1878966481488,687.9844671167708
car_34,-0.1622604876756668,-0.1162477657198906,1312.8879264814043,687.4293676739977
car_34,-0.16142699122428894,-0.11679539084434509,1305.1202595405932,686.8387039463383
car_34,-0.16080190241336823,-0.11746665835380554,1296.9474284454177,686.2172309973832
car_34,-0.16017571091651917,-0.118191197514534,1288.692166508572,685.5894898975682
car_34,-0.15961195528507233,-0.11889033019542694,1281.1839761567364,685.0185571149214
car_34,-0.15906865894794464,-0.11960798501968384,1273.866970763586,684.4621622908701
car_34,-0.15848411619663239,-0.1204313337802887,1265.8786277662198,683.8547180623005
car_34,-0.15821470320224762,-0.120912104845047,1258.5122500293369,681.8844541025169
car_34,-0.15765021741390228,-0.12179037928581238,1250.590939751922,681.2824427965029
car_34,-0.15712513029575348,-0.12265780568122864,1243.0688688796001,680.7107732682068
car_34,-0.15656651556491852,-0.12363676726818085,1234.8767800683822,680.0881830764949
car_34,-0.1560974419116974,-0.1245064064860344,1227.819892074691,679.5518669610173
car_34,-0.1556510478258133,-0.12537674605846405,1220.8976103866516,679.0099573377536
car_34,-0.1557818055152893,-0.1253543347120285,1214.7037234370096,675.3772363169634
car_34,-0.15711697936058044,-0.12351157516241074,1210.7803234645328,665.83520981878
car_34,-0.1585730016231537,-0.12169186025857925,1207.3299123838976,656.2742291483664
car_34,-0.16069185733795166,-0.11931798607110977,1205.9939843666818,644.7221355305128
car_34,-0.16376489400863647,-0.11676819622516632,1206.9591936150005,631.4493664399957
car_34,-0.16780875623226166,-0.11466287821531296,1208.4848063911227,618.4090343951833
car_34,-0.17216996848583221,-0.11252215504646301,1211.4735233710762,605.1725736272651
car_34,-0.17517943680286407,-0.11113502830266953,1212.0763165211952,595.347828128571
car_35,-0.040658339858055115,-0.0712563619017601,639.7717856961431,919.0946389640899
car_35,-0.040738269686698914,-0.07140949368476868,636.4300132795079,920.4468993992888
car_35,-0.04075441509485245,-0.07152211666107178,636.0665556290247,924.2140188649809
car_35,-0.040801964700222015,-0.0717565193772316,635.5467708538986,929.601417759308
car_35,-0.040911126881837845,-0.07220464944839478,634.8247017831702,937.0854271020712
car_35,-0.041044510900974274,-0.07269066572189331,634.1297220087987,944.2886647635064
car_35,-0.04121851921081543,-0.07269768416881561,633.5173895673278,950.7417848047729
car_35,-0.04135056585073471,-0.07273540645837784,632.3968761585405,953.4870251417851
car_35,-0.04145222157239914,-0.07279817759990692,630.3139630282484,952.2467614941077
car_35,-0.04136640205979347,-0.07278231531381607,630.465012535466,949.0200839526832
car_35,-0.04122769832611084,-0.07276391983032227,630.9372813569188,944.1098375490648
car_35,-0.04107402265071869,-0.07259486615657806,631.5904240026965,937.3190201548208
car_35,-0.040935806930065155,-0.0720595270395279,632.3321073601951,929.6076323321433
car_35,-0.04085162281990051,-0.07167976349592209,633.0371245796106,922.2774675851344
car_35,-0.04082016274333,-0.07143789529800415,633.8390218761267,913.9400268364991
car_35,-0.04081391543149948,-0.07147073745727539,634.6466529419504,905.4850560290464
car_35,-0.040590785443782806,-0.07193620502948761,635.3541663753415,897.9587276689017
car_35,-0.04048407822847366,-0.07286009192466736,636.0853430466199,890.1801063678842
car_35,-0.04052963852882385,-0.07423721253871918,636.7980413368889,882.5973886422015
car_35,-0.04076365381479263,-0.07615777850151062,637.5344439648284,874.7354707074799
car_35,-0.04124574363231659,-0.07864677906036377,638.3118062627593,866.4362626927275
car_35,-0.04195892810821533,-0.08135202527046204,639.0666082484331,858.3779111290764
car_35,-0.042866118252277374,-0.0840214416384697,639.7933252099874,850.6357454378077
car_35,-0.04402567073702812,-0.08669319748878479,640.5417980453273,842.5094894370404
car_35,-0.04529661312699318,-0.08899325132369995,641.2524268924444,834.7614142883162
car_35,-0.04681554436683655,-0.09116317331790924,642.0213885623149,826.3773290815101
car_35,-0.04829449951648712,-0.0928829163312912,642.7182393621788,818.7794777042437
car_35,-0.04972469061613083,-0.09433656185865402,643.3927330232923,811.8564353717546
car_35,-0.050506748259067535,-0.09509043395519257,643.7821693563396,808.2492813369041
car_35,-0.05057861655950546,-0.09515921026468277,643.8174515879431,807.9224796666763
car_35,-0.050604477524757385,-0.09518389403820038,643.8301008876459,807.8053155281792
car_35,-0.05061553418636322,-0.09519442915916443,643.8355119659417,807.7551954154644
car_35,-0.050616782158613205,-0.09519566595554352,643.8361336553428,807.7494370173866
car_35,-0.05061735585331917,-0.09519615769386292,643.836409483047,807.7468821632772
car_35,-0.05093364417552948,-0.0954984575510025,644.0177189686297,806.3511074450585
car_35,-0.05171122029423714,-0.09624594449996948,644.5679273606042,803.1101539032901
car_35,-0.0529952347278595,-0.09752128273248672,645.5155662875844,798.0434872623179
car_35,-0.0550847053527832,-0.09981277585029602,647.1225403476587,790.5172762853031
car_35,-0.05783848464488983,-0.10340939462184906,649.2804610247666,781.720793666657
car_35,-0.05970017611980438,-0.1062534898519516,650.6742160237295,776.1719474736026
car_35,-0.06010527163743973,-0.10691605508327484,650.9720631621408,774.9861522934489
car_35,-0.06015440821647644,-0.1069975197315216,651.0080895740174,774.842723198278
car_35,-0.060918550938367844,-0.10829347372055054,651.6970031590216,772.7605276633917
car_35,-0.06238310784101486,-0.11092768609523773,653.8655075258822,769.7150408108552
car_35,-0.06440776586532593,-0.1148529052734375,659.875027170638,768.7416032606341
car_35,-0.06665561348199844,-0.1193242222070694,668.1548946175307,769.3403066078571
car_35,-0.06978060305118561,-0.12488573789596558,678.9980352622665,770.2776946473342
car_35,-0.07466524839401245,-0.13119518756866455,691.8373187914272,771.3876489686897
car_35,-0.0818096175789833,-0.13766740262508392,705.0658390424247,772.5311890926279
car_35,-0.08993764966726303,-0.14428997039794922,719.0309732361052,773.7348568220183
car_35,-0.09504719078540802,-0.14997290074825287,732.0924215215601,774.8659369879447
car_35,-0.09702505171298981,-0.15514349937438965,744.9306608188824,775.9844342221203
car_35,-0.09652797132730484,-0.1613609939813614,758.0480188794825,773.9228546809053
car_35,-0.09470812231302261,-0.16609551012516022,771.3848469810107,775.0773324551491
car_35,-0.09223052859306335,-0.17042052745819092,784.4960187387935,776.2103966811303
car_35,-0.08932322263717651,-0.17444948852062225,797.9914580580152,777.3772041237547
car_35,-0.08628934621810913,-0.17801570892333984,811.727645639915,778.570681187018
car_35,-0.08337696641683578,-0.18101921677589417,825.7883745754518,779.7943205722308
car_35,-0.08098646253347397,-0.1832265555858612,839.2688654905126,780.9576647674166
car_35,-0.07917998731136322,-0.1847371906042099,852.5743470554985,782.1112504262287
car_35,-0.07863917946815491,-0.1855451762676239,866.627932265134,783.3070477018649
car_35,-0.07870914041996002,-0.18604089319705963,879.5672421545015,784.3911225062391
car_35,-0.07933532446622849,-0.18632401525974274,892.5269828219757,785.4534392668495
car_35,-0.08063961565494537,-0.18637321889400482,906.2083737684628,786.5661167048211
car_35,-0.08267499506473541,-0.1861065924167633,920.1907049166566,787.7032689475787
car_35,-0.08573366701602936,-0.18534377217292786,933.1470948295182,787.1574569175656
car_35,-0.08912600576877594,-0.184168741106987,946.8414131899187,788.2728727876885
car_35,-0.0930025577545166,-0.18249407410621643,960.2022267168331,789.3610634128951
car_35,-0.09759888052940369,-0.18014425039291382,974.2962512954105,790.5089714640736
car_35,-0.10204238444566727,-0.17756326496601105,987.7129579339627,792.1185446317347
car_35,-0.10568265616893768,-0.17516767978668213,1000.5018300854196,794.2192216084433
car_35,-0.1089385449886322,-0.17267580330371857,1014.4165824931288,795.5979638022992
car_35,-0.11213991045951843,-0.17022457718849182,1028.1674339391802,796.7404061429833
car_35,-0.11526244878768921,-0.16807261109352112,1041.2687659798405,797.8289445107813
car_35,-0.11774444580078125,-0.16641485691070557,1054.0897146803711,798.8951984936201
car_35,-0.12002161145210266,-0.16506090760231018,1067.2102358160369,799.9863664129836
car_35,-0.12208162248134613,-0.16398854553699493,1080.5834725859875,801.0985514238179
car_35,-0.12386830896139145,-0.16316942870616913,1093.6772310205554,802.1874936235951
car_35,-0.125564843416214,-0.16245600581169128,1107.7159527761814,803.3539618910627
car_35,-0.12700223922729492,-0.1618519425392151,1121.0743608207956,804.463084903314
car_35,-0.12859301269054413,-0.16112345457077026,1134.7673166875186,803.99773475612
car_35,-0.12973704934120178,-0.16047197580337524,1147.830514974982,805.0840428242353
car_35,-0.13085292279720306,-0.15996453166007996,1161.5185241197678,806.2223088478544
car_35,-0.13180530071258545,-0.15956518054008484,1173.665885723199,807.2324578654028
car_35,-0.13242535293102264,-0.15927109122276306,1181.7170043818987,807.9024756639063
car_35,-0.13276949524879456,-0.15909522771835327,1186.217528438948,808.2774022751158
car_35,-0.13282176852226257,-0.15906774997711182,1186.8973010704262,808.3317840856341
car_35,-0.132828950881958,-0.15906384587287903,1186.9921535607225,808.3393722848577
car_35,-0.13282975554466248,-0.159063458442688,1187.0020769168002,808.340166153344
car_35,-0.13282975554466248,-0.159063458442688,1187.0023482024421,808.3401878561954
car_35,-0.13282975554466248,-0.159063458442688,1187.0023482024421,808.3401878561954
car_35,-0.13282975554466248,-0.159063458442688,1187.0023482024421,808.3401878561954
car_35,-0.13282975554466248,-0.159063458442688,1187.0023482024421,808.3401878561954
car_35,-0.13282975554466248,-0.159063458442688,1187.0023482024421,808.3401878561954
car_35,-0.13282975554466248,-0.159063458442688,1187.0023482024421,808.3401878561954
car_35,-0.13282975554466248,-0.159063458442688,1187.0023482024421,808.3401878561954
car_35,-0.13282975554466248,-0.159063458442688,1187.0023482024421,808.3401878561954
car_35,-0.133013516664505,-0.15896841883659363,1189.001249754408,808.3029183754926
car_35,-0.13348573446273804,-0.15873238444328308,1192.0625724819545,807.012890012738
car_35,-0.13440686464309692,-0.1582714170217514,1193.9992728020793,802.2742189348764
car_35,-0.13543546199798584,-0.1577139049768448,1194.6133424141833,796.3114735747514
car_35,-0.1367819607257843,-0.15688475966453552,1195.166097924935,788.7292917310876
car_35,-0.1385393589735031,-0.155596524477005,1195.8128453239726,779.3894984096916
car_35,-0.14089515805244446,-0.1534031331539154,1196.6164830583298,767.7840240694163
car_35,-0.14384101331233978,-0.14967100322246552,1197.5391621339988,754.45945271196
car_35,-0.14704135060310364,-0.14405101537704468,1198.4689020634185,741.0329143194565
car_35,-0.14824970066547394,-0.1410239338874817,1199.5250580447653,727.4814538358605
car_35,-0.14970266819000244,-0.1374705731868744,1203.4911115781504,714.7831895315704
car_35,-0.15131467580795288,-0.13388071954250336,1204.419946895864,701.362132958441
car_35,-0.1530943512916565,-0.13026483356952667,1205.3150394147121,688.4286375319126
car_35,-0.15531980991363525,-0.1263141930103302,1206.801564081624,674.5402314449656
car_35,-0.15772193670272827,-0.12276721745729446,1207.9020283125913,661.1435081247173
car_35,-0.15992870926856995,-0.12014226615428925,1205.7209813992874,648.4585290842645
car_35,-0.16278386116027832,-0.11731742322444916,1206.7174026860955,634.8109645971962
car_35,-0.16681987047195435,-0.11517004668712616,1207.6843667909475,621.3673471394499
car_35,-0.1713097244501114,-0.11292959749698639,1211.2569365837587,607.9575707461705
car_35,-0.17484955489635468,-0.11128441989421844,1212.0101821178757,596.4257330138445
car_35,-0.17714764177799225,-0.11025604605674744,1212.5981586062742,588.9709908734587
car_35,-0.1780671626329422,-0.10985200107097626,1212.8805573045256,586.0053460551833
car_35,-0.17812280356884003,-0.10982764512300491,1212.8975098619953,585.825754899486
car_35,-0.17888371646404266,-0.1094965860247612,1213.131032338045,583.3698575087031
car_35,-0.18016894161701202,-0.10894247144460678,1213.52815505864,579.217335147699
car_35,-0.1819423884153366,-0.10815680772066116,1214.0558036150614,573.6999665468581
car_35,-0.18462692201137543,-0.10683330148458481,1214.7494917107467,566.4757607700024
car_35,-0.18796761333942413,-0.1052326112985611,1215.5380318702696,556.9736432352435
car_35,-0.1917480081319809,-0.10344312340021133,1216.3561527352529,545.3287573912924
car_35,-0.19530095160007477,-0.10172644257545471,1214.9385945760573,532.2635857264179
car_35,-0.1986812800168991,-0.10000912845134735,1215.4616563435875,519.2998612021105
car_35,-0.201771080493927,-0.09832444787025452,1216.580253945672,506.12138320255184
car_35,-0.20429085195064545,-0.09685397148132324,1217.6594162948925,493.88178759797
car_35,-0.2056969553232193,-0.09601593762636185,1219.0371637311232,486.23761360199643
car_35,-0.20629218220710754,-0.09565791487693787,1217.6241973648334,481.43004317682096
car_35,-0.20603416860103607,-0.0957842618227005,1211.6827434625754,480.66309365920245
car_35,-0.20563562214374542,-0.09598324447870255,1203.9601504650045,480.0343648833501
car_35,-0.20518548786640167,-0.09620717167854309,1195.5880131599363,479.3359637920983
car_35,-0.20472149550914764,-0.09645393490791321,1188.289307211788,478.73509617994205
car_35,-0.20421285927295685,-0.09672355651855469,1180.5103853111916,478.0745885292073
car_35,-0.20369569957256317,-0.09699662774801254,1172.7420007980404,477.365871532501
car_35,-0.20316483080387115,-0.09727691113948822,1165.0439821450207,476.6635740791345
car_35,-0.20258373022079468,-0.09758362174034119,1156.9164400679163,475.92209080140304
car_35,-0.20199084281921387,-0.09789697080850601,1148.9202382388964,475.1925898175464
car_35,-0.20140232145786285,-0.09820885956287384,1141.3473661083478,474.53361858553285
car_35,-0.20076964795589447,-0.09854507446289062,1133.525320309968,473.86761444721844
car_35,-0.2000780552625656,-0.09891363233327866,1125.2763128823974,473.16525687665984
car_35,-0.19936855137348175,-0.09929333627223969,1117.1156345804354,472.47042004488304
car_35,-0.19867448508739471,-0.09966640919446945,1109.4064593769228,471.81402621635374
car_35,-0.19799701869487762,-0.10003277659416199,1102.118750135502,471.1935178942695
car_35,-0.19727833569049835,-0.10042371600866318,1094.629834302261,470.5558779385613
car_35,-0.1965545415878296,-0.10082050412893295,1087.316152383899,469.93315818601866
car_35,-0.19570671021938324,-0.10128933936357498,1079.02075035158,469.2268503702743
car_35,-0.19494391977787018,-0.10171544551849365,1071.7875099350058,468.61097976876755
car_35,-0.19415819644927979,-0.10215895622968674,1064.5460830371237,467.9944121334451
car_35,-0.19322870671749115,-0.1026902049779892,1056.459902100352,467.39065720284606
car_35,-0.19235552847385406,-0.10319595038890839,1049.1382110509128,466.864348201112
car_35,-0.19145704805850983,-0.10372374951839447,1041.8069333523893,466.33735007719633
car_35,-0.19054172933101654,-0.10426980257034302,1034.5314007790894,465.8143591096889
car_35,-0.1900351196527481,-0.1045757308602333,1030.583670690774,465.5305823335497
car_35,-0.18912453949451447,-0.10512697696685791,1025.3178274420775,465.8154865090466
car_35,-0.187015101313591,-0.1063883900642395,1022.3601517165844,470.5445164416677
car_35,-0.1838141530752182,-0.10831698775291443,1021.722100269104,479.0861400026868
car_35,-0.1803356260061264,-0.11033125221729279,1020.9779389512642,489.1059664720714
car_35,-0.17642204463481903,-0.1124516949057579,1020.0600981866926,501.4643153502834
car_35,-0.17209431529045105,-0.11484131217002869,1019.0607671803551,514.9198968605441
car_35,-0.16769355535507202,-0.11735904961824417,1018.048523935764,528.5530056060567
car_35,-0.1640152931213379,-0.12019594013690948,1017.0545782002688,541.9423486884424
car_35,-0.1610645055770874,-0.12366794049739838,1016.0177500962226,555.2974124914665
car_35,-0.15840914845466614,-0.12747186422348022,1014.975654866867,568.5679880228186
car_35,-0.156080424785614,-0.13140985369682312,1013.9324964684678,581.6591062027112
car_35,-0.15395405888557434,-0.1355220228433609,1012.8366947090104,595.3037183407247
car_35,-0.15214693546295166,-0.13939395546913147,1011.8758629867117,608.7092951785501
car_35,-0.150509312748909,-0.14322005212306976,1010.6761307520327,622.7327380538338
car_35,-0.14767961204051971,-0.14861541986465454,1009.5381980573486,634.5106302592195
car_35,-0.14555127918720245,-0.1517791897058487,1008.7706734222392,642.6638358312362
car_35,-0.1443513035774231,-0.15327075123786926,1008.3692436193544,647.4077607395802
car_35,-0.14413656294345856,-0.1535170078277588,1008.2986953219776,648.2681058295423
car_35,-0.14411312341690063,-0.15354356169700623,1008.2909724567093,648.3622871133023
car_35,-0.14409416913986206,-0.1535649597644806,1008.2847289534793,648.4384273965939
car_35,-0.144092857837677,-0.1535663604736328,1008.2843004162971,648.4436534597916
car_35,-0.14409251511096954,-0.15356683731079102,1008.2841622110956,648.4453388890788
car_35,-0.1440926045179367,-0.15356683731079102,1008.2841403743774,648.4456051905184
car_35,-0.1440923810005188,-0.15356704592704773,1008.2841290939591,648.4457427565966
car_35,-0.1440923810005188,-0.15356704592704773,1008.2841290939591,648.4457427565966
car_35,-0.1440923810005188,-0.15356704592704773,1008.2841290939591,648.4457427565966
car_35,-0.1440923810005188,-0.15356704592704773,1008.2841290939591,648.4457427565966
car_35,-0.14351582527160645,-0.15419705212116241,1008.0216432676779,650.7360696657761
car_35,-0.1424514502286911,-0.15525400638580322,1007.5300991861254,655.0302824292952
car_35,-0.14098526537418365,-0.15650500357151031,1006.8358919754315,661.0949947848471
car_35,-0.13913124799728394,-0.15779563784599304,1005.9287778264076,669.0196983931291
car_35,-0.1369718611240387,-0.15896795690059662,1004.9772418764032,678.683826027581
car_35,-0.1344834715127945,-0.1599922627210617,1003.8835650008881,690.2416470084713
car_35,-0.13170190155506134,-0.16095834970474243,1002.6381127907962,703.4034080429793
car_35,-0.12872722744941711,-0.1622726321220398,1001.4021718569118,716.9809009724734
car_35,-0.12568719685077667,-0.1634930670261383,1000.2675680451783,729.8806577660337
car_35,-0.12219347059726715,-0.16499879956245422,999.0970362219492,743.1888942470206
car_35,-0.11834459006786346,-0.16698011755943298,997.9604516177932,756.1111714483626
car_35,-0.11356841027736664,-0.16989538073539734,996.607711884643,769.582542911717
car_35,-0.11004209518432617,-0.17226240038871765,995.70335736055,778.5786983959264
car_35,-0.10785151273012161,-0.17379224300384521,995.0488322480444,784.2477209668774
car_35,-0.10480574518442154,-0.1758563220500946,994.747006377354,792.2802440525944
car_35,-0.0997810885310173,-0.17871038615703583,996.0690152577096,802.7841122695258
car_35,-0.0947486087679863,-0.1813681423664093,995.196254442198,812.1486263907381
car_35,-0.09227470308542252,-0.18256458640098572,994.6600962915961,817.0097936228616
car_35,-0.08867998421192169,-0.1841484010219574,993.3042444122026,824.2567794031703
car_35,-0.08427061140537262,-0.18578696250915527,989.9247433578475,833.438714546964
car_35,-0.08152367174625397,-0.1866028606891632,988.7624797902657,841.355752320112
car_35,-0.07936271280050278,-0.18711858987808228,987.9304547613931,849.0690335445249
car_35,-0.07758250832557678,-0.18744589388370514,987.2360884536953,857.1260770803976
car_35,-0.07624347507953644,-0.18761537969112396,986.5464679551417,865.1280528653385
car_35,-0.07534756511449814,-0.187666118144989,985.8933147091648,872.7068827712429
car_35,-0.07477247714996338,-0.187625452876091,985.2132150940848,880.5983834772577
car_35,-0.07453007251024246,-0.18749472498893738,984.5249592726609,888.5845243017108
car_35,-0.07460382580757141,-0.18725985288619995,983.807661033929,896.9076573132038
car_35,-0.07512979209423065,-0.18690431118011475,983.1803052669218,904.1871475062351
car_35,-0.0762561783194542,-0.18624597787857056,982.5528947474511,911.4672730166458
car_35,-0.07771080732345581,-0.18527841567993164,982.2905067423449,919.454644427171
car_35,-0.07937701046466827,-0.18405669927597046,982.2490275760397,927.4828558695045
car_35,-0.08141882717609406,-0.18242570757865906,981.5545325855418,935.5712018586958
car_35,-0.08367522060871124,-0.18047043681144714,980.8062755594777,943.7943265314315
car_35,-0.08602431416511536,-0.1782650649547577,980.0607045985249,952.0044304268938
car_35,-0.08813993632793427,-0.17611584067344666,979.39478158355,959.3374637342674
car_35,-0.09024833887815475,-0.17379027605056763,978.718319607339,966.7864727613721
car_35,-0.09240582585334778,-0.1711633801460266,977.9915888783976,974.7890271554579
car_35,-0.09440810978412628,-0.16840198636054993,977.2577077893261,982.8703193042566
car_35,-0.09605002403259277,-0.1657593548297882,976.5464729261505,990.3380777938788
car_35,-0.09708938002586365,-0.16377735137939453,976.0203991446568,995.8153988199589
car_35,-0.09751828759908676,-0.16289152204990387,978.167311731857,1000.7368842431273
car_35,-0.09672310203313828,-0.164653018116951,984.2740774017046,1001.8204733217723
car_35,-0.09536850452423096,-0.16712059080600739,992.0734326766382,1002.3588290185469
car_35,-0.09369547665119171,-0.169685959815979,1000.4502491670316,1002.9370443606449
car_35,-0.09188242256641388,-0.1721116304397583,1008.6707402724765,1003.5044692388427
car_35,-0.0899084210395813,-0.17447693645954132,1017.0347765107414,1004.0818024155184
car_35,-0.08808962255716324,-0.1764710247516632,1024.4250281425514,1004.5912391254757
car_35,-0.08626893907785416,-0.17832675576210022,1031.675370931218,1005.0976247116611
car_35,-0.08417502790689468,-0.18031513690948486,1040.0072470611299,1005.7132548125686
car_35,-0.08218012750148773,-0.18208028376102448,1048.0512324707374,1006.3081335595543
car_35,-0.08158203214406967,-0.18259060382843018,1051.3245379647797,1007.3167006918015
car_35,-0.08256025612354279,-0.18177229166030884,1049.940672983649,1009.665612575191
car_35,-0.08384507894515991,-0.18063557147979736,1044.7689478584166,1009.283146769301
car_35,-0.08564664423465729,-0.17895489931106567,1037.5965362264174,1008.7527237231064
car_35,-0.08770181983709335,-0.17690154910087585,1029.4097172119843,1008.1532516219619
car_35,-0.08970819413661957,-0.17473211884498596,1021.2914154664229,1007.5907416206763
car_35,-0.09149864315986633,-0.17262278497219086,1013.7664327773168,1007.0695884156726
car_35,-0.09321941435337067,-0.17038916051387787,1006.1082870244335,1006.5390714659338
car_35,-0.09479032456874847,-0.16809722781181335,998.5216744205826,1006.0135099648447
car_35,-0.09619637578725815,-0.16572383046150208,990.9092232743562,1005.4861585024348
car_35,-0.0971839427947998,-0.16374526917934418,984.7285993429239,1005.0579966651713
car_35,-0.09747841954231262,-0.16307352483272552,982.6610750642159,1004.9147692170077
car_35,-0.09754221141338348,-0.1629212200641632,982.194490962981,1004.8824466702488
car_35,-0.0977899432182312,-0.16229921579360962,980.1978303889126,1004.6472465513759
car_35,-0.09814520180225372,-0.16127769649028778,975.9558247855431,1003.2191571946306
car_35,-0.09791328012943268,-0.16182301938533783,972.9593124043088,998.4443179561044
car_35,-0.09671871364116669,-0.1644725203514099,973.2833615316625,990.841090613072
car_35,-0.0950065553188324,-0.16745150089263916,974.0814871091067,982.5319953658064
car_35,-0.09328664094209671,-0.16996508836746216,974.7402250579884,975.2833047329948
car_35,-0.0912906676530838,-0.17253293097019196,975.4363245717389,967.6234909430145
car_35,-0.08899835497140884,-0.17517393827438354,976.1861239453622,959.3727689293552
car_35,-0.0867127925157547,-0.17756834626197815,976.9092274008977,951.4103420528363
car_35,-0.08430242538452148,-0.17988711595535278,977.6712604310209,943.0189605791131
car_35,-0.0821886658668518,-0.18176688253879547,978.3565830253107,935.4237815378104
car_35,-0.08018609881401062,-0.18341949582099915,979.0305833826822,927.7471338523761
car_35,-0.0784810483455658,-0.18472056090831757,979.0989287929214,919.969406213159
car_35,-0.07689893245697021,-0.1858263909816742,979.3114366139122,911.8299361788531
car_35,-0.07549595087766647,-0.18669572472572327,980.0320909069917,903.4718322642716
car_35,-0.07475550472736359,-0.18713495135307312,980.6538360617825,896.2608704174713
car_35,-0.07460873574018478,-0.1873881071805954,981.3334747588864,888.3784628479679
car_35,-0.0747266486287117,-0.18753746151924133,981.952018118004,881.2046352293349
car_35,-0.0751459151506424,-0.18761615455150604,982.6119061751097,873.5512943608414
car_35,-0.07590758800506592,-0.18760830163955688,983.2790404175566,865.813912682977
car_35,-0.07707304507493973,-0.18749380111694336,983.9641947371333,857.8675352652066
car_35,-0.07857096195220947,-0.18725742399692535,984.6180141780799,850.2845778315486
car_35,-0.08043520152568817,-0.18686585128307343,985.3743957945654,842.8830118990888
car_35,-0.0821160227060318,-0.18643498420715332,985.992423210285,837.2888225065778
car_35,-0.08467873930931091,-0.18565332889556885,986.7989878717565,829.9213575771395
car_35,-0.08855117857456207,-0.1842234581708908,987.8416284777423,820.4516011454532
car_35,-0.09296752512454987,-0.18228460848331451,988.8718236406302,811.1156233068284
car_35,-0.09581177681684494,-0.18089008331298828,989.4971105824729,805.6349021326442
car_35,-0.10027417540550232,-0.1784822642803192,992.7206706676325,799.2895265808768
car_35,-0.1039513349533081,-0.17627523839473724,999.8947129523386,797.79
car_35,-0.10623104125261307,-0.17466139793395996,1007.9347278165939,798.26266610796
car_35,-0.10865872353315353,-0.17280319333076477,1018.0701527569729,799.1042246401472
car_35,-0.11272574961185455,-0.16981521248817444,1030.4592000322723,796.930809670355
car_35,-0.11592128872871399,-0.1676158308982849,1044.5474137792196,798.1016131998206
car_35,-0.11841665208339691,-0.16599741578102112,1057.8082311934695,799.2044488568306
car_35,-0.12068779766559601,-0.16469807922840118,1071.3581149306926,800.3313247097243
car_35,-0.12272517383098602,-0.163682758808136,1085.1213877512848,801.4759470621439
car_35,-0.1245165690779686,-0.162892147898674,1098.8397203241543,802.6168319596183
car_35,-0.1261034458875656,-0.1622329205274582,1112.5524739332384,803.755528971258
car_35,-0.12755325436592102,-0.16160908341407776,1126.2762515708273,804.7137707142982
car_35,-0.12904684245586395,-0.1608792543411255,1139.8303224972826,804.4187636603003
car_35,-0.13017602264881134,-0.16021500527858734,1153.10993443921,805.5230682323132
car_35,-0.13124674558639526,-0.1598065048456192,1166.5031168566873,806.6368170859771
car_35,-0.1320323646068573,-0.15946084260940552,1176.6025390002326,807.476663769493
car_35,-0.13255685567855835,-0.15920501947402954,1183.435552847409,808.045932009409
car_35,-0.13279351592063904,-0.15908260643482208,1186.5291728167074,808.3023338253366
car_35,-0.1328286975622177,-0.15906405448913574,1186.9874247319879,808.338993978559
car_35,-0.13282929360866547,-0.15906371176242828,1186.9959162747164,808.3396733019773
car_35,-0.13282960653305054,-0.15906354784965515,1186.9999386757602,808.3399950940608
car_35,-0.13282975554466248,-0.159063458442688,1187.002024182728,808.3401619346182
car_35,-0.13282978534698486,-0.1590634286403656,1187.0022260636724,808.3401780850937
car_35,-0.13304729759693146,-0.15895116329193115,1189.3169681915672,808.2659996872765
car_36,-0.16034910082817078,-0.11391761153936386,1689.1989784829595,876.4685856034502
car_36,-0.1612846553325653,-0.11357823014259338,1687.209970036409,871.7920854674782
car_36,-0.16084285080432892,-0.11376827210187912,1682.8710121082802,871.4326626699547
car_36,-0.16022956371307373,-0.1140373945236206,1676.8482641869732,870.9337611036082
car_36,-0.15948161482810974,-0.11437447369098663,1669.502086755269,870.3252316623591
car_36,-0.1584806889295578,-0.11484114825725555,1659.652101228116,869.509296266723
car_36,-0.15742166340351105,-0.11544406414031982,1647.7383334532792,868.5224049869257
car_36,-0.15667791664600372,-0.11608623713254929,1636.7110397069719,867.6089458492565
car_36,-0.15637090802192688,-0.1164049580693245,1629.5212478052217,865.9835581437699
car_36,-0.15667270123958588,-0.11619524657726288,1627.4996583778372,863.2775401664105
car_36,-0.15673047304153442,-0.11615516990423203,1627.191645780655,862.7982559905258
car_36,-0.15676511824131012,-0.11613104492425919,1627.006155132048,862.5096225597339
car_36,-0.15677140653133392,-0.11612675338983536,1626.9727019190293,862.4575675601037
car_36,-0.1567726880311966,-0.11612590402364731,1626.9663746188796,862.4477219405882
car_36,-0.15677297115325928,-0.11612574756145477,1626.9651265262357,862.4457798412725
car_36,-0.15677286684513092,-0.1161256656050682,1626.9648391810556,862.4453327167098
car_36,-0.15703469514846802,-0.11593684554100037,1626.508129603419,860.7178255894396
car_36,-0.157586470246315,-0.11555428057909012,1625.846146374414,857.2305925080734
car_36,-0.15863923728466034,-0.1150193139910698,1625.7180142509985,852.3243690157669
car_36,-0.1604682207107544,-0.11426933854818344,1625.9994583743758,845.2739260732959
car_36,-0.16233716905117035,-0.11353328078985214,1626.5564150146163,838.2817620338336
car_36,-0.16425709426403046,-0.11280841380357742,1627.115185699678,831.1528508466654
car_36,-0.16636556386947632,-0.11204604059457779,1627.7329912401115,823.3740209492481
car_36,-0.16850034892559052,-0.11130625009536743,1628.355621786011,815.5344390929737
car_36,-0.17050468921661377,-0.11063773185014725,1628.9378820950953,808.203161524298
car_36,-0.17270918190479279,-0.10992808640003204,1629.5755778782793,800.1738922817334
car_36,-0.17469273507595062,-0.10930915176868439,1630.145776551569,792.9835324724329
car_36,-0.17668044567108154,-0.10870441049337387,1630.7140278141583,785.8116306925408
car_36,-0.1787034273147583,-0.10810188204050064,1631.2896984560218,778.5460888929498
car_36,-0.1810227483510971,-0.1074022576212883,1631.9201139141762,770.5896125169736
car_36,-0.18341027200222015,-0.10663110762834549,1632.4919806104192,763.372080332427
car_36,-0.1859332174062729,-0.10583917796611786,1633.1249462955868,755.3834175296734
car_36,-0.1882561892271042,-0.10512102395296097,1633.7401817093594,747.6185285631548
car_36,-0.19036345183849335,-0.10446928441524506,1634.3385256003837,740.1619405365375
car_36,-0.19138629734516144,-0.10414991527795792,1634.6540192992804,736.3827710403556
car_36,-0.19284184277057648,-0.10368763655424118,1634.6911731562518,730.6005655367112
car_36,-0.19445906579494476,-0.10315834730863571,1634.3771986785741,723.6846588034548
car_36,-0.19612492620944977,-0.10259205102920532,1634.8896294393844,716.5194989398665
car_36,-0.19778715074062347,-0.10199445486068726,1635.5635265361343,708.9648801069915
car_36,-0.19933035969734192,-0.10140020400285721,1636.230034461543,701.4930964328396
car_36,-0.2007339745759964,-0.10081683099269867,1636.8741978836197,694.271802346043
car_36,-0.20213496685028076,-0.10018383711576462,1637.5587167770407,686.621966918168
car_36,-0.20347562432289124,-0.09952044486999512,1638.236363244544,678.8428448663688
car_36,-0.20460768043994904,-0.09890825301408768,1638.75295204751,671.8628185109981
car_36,-0.2057950347661972,-0.09820771962404251,1639.3248306266644,664.1357297091291
car_36,-0.20694662630558014,-0.09747515618801117,1639.9207224906095,656.0879146853179
car_36,-0.20791448652744293,-0.09686261415481567,1640.5070677918059,648.1524313634058
car_36,-0.20881980657577515,-0.09622306376695633,1641.10300262286,640.2393117696927
car_36,-0.2095705270767212,-0.09563372284173965,1641.7143502468414,633.2828593030221
car_36,-0.21028868854045868,-0.09500503540039062,1642.3365473037024,626.2029524199842
car_36,-0.21069443225860596,-0.09461428225040436,1642.7817154166792,622.0287342047775
car_36,-0.2107037752866745,-0.09460525214672089,1642.8019101690472,621.9365474725943
car_36,-0.2108849436044693,-0.09440918266773224,1643.1341418127045,620.4199480610899
car_36,-0.2112189382314682,-0.09402570128440857,1643.7492606906299,617.6120008168194
car_36,-0.21179471909999847,-0.0933036059141159,1646.3016914631094,613.2294578271009
car_36,-0.212349995970726,-0.09253532439470291,1652.3024079645445,610.2641621474758
car_36,-0.2126787304878235,-0.09206836670637131,1660.4955422905005,610.3197655731863
car_36,-0.21300730109214783,-0.09158274531364441,1670.7608361960645,611.1604859472238
car_36,-0.21338044106960297,-0.09098907560110092,1682.626807070052,612.1323006427672
car_36,-0.21379508078098297,-0.090273417532444,1696.080812990424,613.2341742952641
car_36,-0.21417830884456635,-0.08955761790275574,1708.7659684345983,614.273079632789
car_36,-0.21455642580986023,-0.08879832178354263,1721.5262448382525,615.318137324229
car_36,-0.2149464339017868,-0.08795635402202606,1734.8833172505178,616.3867221941111
car_36,-0.21526764333248138,-0.08723478764295578,1747.3527499067177,617.7954709047538
car_36,-0.2154696136713028,-0.08682028949260712,1759.7265887697458,620.4905082779482
car_36,-0.215595543384552,-0.0865868628025055,1769.8086559593412,623.1162809439372
car_36,-0.2156795710325241,-0.08642925322055817,1776.5201734618593,624.8581384999412
car_36,-0.21550624072551727,-0.08696772903203964,1778.8235134245408,627.8190891991648
car_36,-0.2151593416929245,-0.08789718151092529,1776.2940180119633,630.7892572954928
car_36,-0.21503278613090515,-0.08817338198423386,1771.4871754502244,630.277544920046
car_36,-0.21495221555233002,-0.08830820024013519,1765.2416702205835,628.654438026282
car_36,-0.21484147012233734,-0.08849078416824341,1756.7055562635364,626.433511090821
car_36,-0.21466271579265594,-0.08881884813308716,1746.3278817959579,624.2168661989672
car_36,-0.21432244777679443,-0.08949153125286102,1733.6320864737845,622.8095969796698
car_36,-0.21392783522605896,-0.09023433178663254,1720.5363373114535,621.758945610267
car_36,-0.21354947984218597,-0.09089379757642746,1708.1677988889774,620.7467773648996
car_36,-0.21313543617725372,-0.09155971556901932,1694.8983556908677,619.660884385465
car_36,-0.21273483335971832,-0.09215129166841507,1682.3293578632135,618.6323117245171
car_36,-0.2123354822397232,-0.09269306063652039,1670.0553346759373,617.6278780486278
car_36,-0.21191923320293427,-0.0932098850607872,1657.4993259419869,616.5837708794942
car_36,-0.21148405969142914,-0.09370402991771698,1644.7428208438262,615.544477077928
car_36,-0.21104338765144348,-0.0941615030169487,1632.324946362191,614.5883814461807
car_36,-0.21059049665927887,-0.09458397328853607,1619.2994067027678,613.4789455545117
car_36,-0.2101849764585495,-0.0948975682258606,1606.0905258157538,612.3446796661923
car_36,-0.20979629456996918,-0.09517742693424225,1593.8869827888905,611.2964952322329
car_36,-0.20936574041843414,-0.09546718001365662,1580.915969192846,610.1951247798365
car_36,-0.2088991403579712,-0.09576111286878586,1567.482078873214,609.0696705302984
car_36,-0.2084202915430069,-0.09604422748088837,1554.278130076509,607.9634801468455
car_36,-0.20793326199054718,-0.09631576389074326,1541.418943507233,606.8861729911629
car_36,-0.20740212500095367,-0.09659571945667267,1528.002937786283,605.7622170639355
car_36,-0.20685814321041107,-0.09686743468046188,1514.87622988272,604.6624977093029
car_36,-0.20625554025173187,-0.09717445075511932,1501.7528602430928,603.582907247761
car_36,-0.20561350882053375,-0.0975177213549614,1489.814064067381,602.7875023279045
car_36,-0.20539195835590363,-0.09761542081832886,1482.5970485353919,601.1600440800025
car_36,-0.20598118007183075,-0.09721307456493378,1476.8665842346168,594.9390224105797
car_36,-0.20691190659999847,-0.09661847352981567,1475.2311566108535,587.536206435847
car_36,-0.20781894028186798,-0.09603263437747955,1475.8943942738517,580.3968303817095
car_36,-0.208658367395401,-0.09543821215629578,1476.455372383744,573.2641920400239
car_36,-0.20941336452960968,-0.09484786540269852,1476.9969777754286,566.377870961407
car_36,-0.21015237271785736,-0.09419196844100952,1477.560906297329,559.2077191741142
car_36,-0.21096773445606232,-0.09322626888751984,1478.1209888379658,552.0864676788962
car_36,-0.21183522045612335,-0.09196101874113083,1478.7476902330575,544.1181810014025
car_36,-0.21256472170352936,-0.09065382927656174,1479.2966339847721,537.1385552693745
car_36,-0.2133159190416336,-0.089032843708992,1479.8687292336504,529.7155947651215
car_36,-0.21410338580608368,-0.08700139075517654,1480.4835137871873,521.6947268593899
car_36,-0.21475832164287567,-0.08503872156143188,1481.0097577586962,514.8290153554543
car_36,-0.2150786966085434,-0.08398489654064178,1481.272977142449,511.39488888763447
car_36,-0.21561549603939056,-0.08208790421485901,1482.2076981529704,505.7146457610358
car_36,-0.21632011234760284,-0.0793628841638565,1485.451527252378,498.7757707250782
car_36,-0.21678753197193146,-0.07747640460729599,1492.4638496837495,495.9098192666805
car_36,-0.21704065799713135,-0.07646963000297546,1500.0236284257255,495.7838748353559
car_36,-0.21726322174072266,-0.0755670964717865,1507.4050428773035,495.90434785463617
car_36,-0.21748478710651398,-0.0746447965502739,1514.9112408640292,496.02685748212133
car_36,-0.21768231689929962,-0.07380247116088867,1521.8765104738277,496.18561671296857
car_36,-0.21788285672664642,-0.07292625308036804,1529.0405172097512,496.32545977053667
car_36,-0.21807794272899628,-0.07205656915903091,1536.2081235452645,496.4831278579588
car_36,-0.21826539933681488,-0.0712047666311264,1543.387943304972,496.69001887911764
car_36,-0.2184600681066513,-0.07030339539051056,1551.016057457451,496.90982778509874
car_36,-0.21865065395832062,-0.06940419971942902,1558.6673272138419,497.13030393436713
car_36,-0.21884344518184662,-0.06847986578941345,1566.597062468312,497.3588042420661
car_36,-0.21905271708965302,-0.067435622215271,1573.9410314100596,497.01780866810645
car_36,-0.21921981871128082,-0.06661299616098404,1581.1800278455305,497.2299199971359
car_36,-0.21939300000667572,-0.06575902551412582,1589.2244809571473,497.60489179529253
car_36,-0.21954680979251862,-0.06499557197093964,1596.5274814626343,497.9453026589629
car_36,-0.21970069408416748,-0.0642353892326355,1604.4565287641628,498.4819208173915
car_36,-0.21984480321407318,-0.06352394074201584,1612.151419424435,499.0437502685852
car_36,-0.2199777513742447,-0.06286726891994476,1619.378820805128,499.57144677923685
car_36,-0.2201198786497116,-0.0621689036488533,1627.3457251349068,500.19088196059283
car_36,-0.2202465683221817,-0.06154932454228401,1634.6553290790027,500.78692082927375
car_36,-0.2203649878501892,-0.060973890125751495,1641.5798466911297,501.35155903337596
car_36,-0.22049902379512787,-0.06032830476760864,1649.5200318819707,501.9990166842229
car_36,-0.22057829797267914,-0.05997220426797867,1657.1710037984008,503.5009572381682
car_36,-0.22067111730575562,-0.05954337120056152,1664.642790313149,504.66665051404505
car_36,-0.22076644003391266,-0.05910533666610718,1672.3969552315014,505.87639839529436
car_36,-0.22085267305374146,-0.058711666613817215,1679.488996907142,506.98284666937377
car_36,-0.22092993557453156,-0.05836562067270279,1686.8876917442772,508.3542102693194
car_36,-0.22099971771240234,-0.05805657058954239,1694.0531126267012,509.76277973138866
car_36,-0.22104980051517487,-0.0578438900411129,1701.1497802902331,511.50293425814726
car_36,-0.22113007307052612,-0.057483673095703125,1707.988555920727,512.5692500985841
car_36,-0.22121424973011017,-0.05710916966199875,1715.2275594147538,513.6979702835598
car_36,-0.2212962955236435,-0.05667447671294212,1723.1436907432321,514.9322696211336
car_36,-0.221361443400383,-0.056243523955345154,1730.5129721113592,516.0813029978731
car_36,-0.22136323153972626,-0.056341271847486496,1736.75024651175,518.58604930235
car_36,-0.22141511738300323,-0.05602173134684563,1744.0931053516867,520.0813244930788
car_36,-0.22143881022930145,-0.05587581545114517,1747.473932625468,520.7674794092634
car_36,-0.22141017019748688,-0.05616220831871033,1749.096321568187,522.2975502114816
car_36,-0.22130319476127625,-0.05681507661938667,1746.9172011146177,523.9246882303544
car_36,-0.22125594317913055,-0.0570247545838356,1741.585311938507,522.8393894384708
car_36,-0.22118127346038818,-0.05736449360847473,1734.3418250905283,521.5649741532347
car_36,-0.22103826701641083,-0.05806876718997955,1727.0565125280582,521.6171345274715
car_36,-0.22095893323421478,-0.05844445526599884,1720.194261987052,520.5468375024795
car_36,-0.2208711802959442,-0.0588618740439415,1712.6928699401285,519.3768543397921
car_36,-0.22077663242816925,-0.059313420206308365,1704.7151168206196,518.1325737092749
car_36,-0.2206697016954422,-0.059841834008693695,1697.2106603099708,517.2913027981008
car_36,-0.2205602079629898,-0.060384511947631836,1689.4919624579538,516.386762285365
car_36,-0.2204347550868988,-0.06101829931139946,1681.4799228929712,515.6415924007073
car_36,-0.22033971548080444,-0.06147964298725128,1673.921544756769,514.462389735787
car_36,-0.22024685144424438,-0.06192934513092041,1666.644197585498,513.3270314587502
car_36,-0.2201513648033142,-0.06239115446805954,1659.2664366142617,512.1760073578579
car_36,-0.2200428694486618,-0.06292207539081573,1651.4653684091084,511.07047198680294
car_36,-0.21990278363227844,-0.06363467872142792,1643.5107017923108,510.4372449575711
car_36,-0.21976540982723236,-0.06433017551898956,1635.8223861745712,509.8129306066569
car_36,-0.21964122354984283,-0.06495606899261475,1629.002949964001,509.259171876776
car_36,-0.2195044606924057,-0.06564217805862427,1621.6397759643767,508.6659267543822
car_36,-0.2193545252084732,-0.06639089435338974,1613.9097572436508,508.09832700247495
car_36,-0.21919575333595276,-0.0671757161617279,1605.901407010319,507.51028992651834
car_36,-0.21903544664382935,-0.0679587796330452,1597.9921864141363,506.929531740754
car_36,-0.21887162327766418,-0.06875817477703094,1590.672928218701,506.58162518924433
car_36,-0.2186921089887619,-0.06962138414382935,1582.8688872378252,506.2224254947821
car_36,-0.21851219236850739,-0.07047634571790695,1575.4047228958157,505.944043400245
car_36,-0.21836219727993011,-0.07114903628826141,1567.9188586905088,505.1532320697143
car_36,-0.21816061437129974,-0.07207503169775009,1560.0978101565872,504.9278636382118
car_36,-0.2179725170135498,-0.07291994988918304,1552.9719681333702,504.72252801947195
car_36,-0.21775375306606293,-0.07388029247522354,1544.8698973056491,504.4890617538624
car_36,-0.2175488919019699,-0.07475550472736359,1537.467136902249,504.275746557867
car_36,-0.21735256910324097,-0.07557470351457596,1530.5155043290279,504.07543089397444
car_36,-0.21713395416736603,-0.0764557272195816,1522.5716032248993,503.7084845830817
car_36,-0.21690285205841064,-0.07736851274967194,1514.8554717746454,503.5291534719639
car_36,-0.2166752964258194,-0.07824380695819855,1507.5465816753597,503.4103880201969
car_36,-0.21642668545246124,-0.0791691318154335,1499.7271483640548,503.2833265215064
car_36,-0.21617881953716278,-0.08006764948368073,1492.4790403302284,503.3180804873154
car_36,-0.21569396555423737,-0.08188279718160629,1487.5991313814072,507.0083945144062
car_36,-0.21504326164722443,-0.08418670296669006,1486.5883394842867,513.9628558474902
car_36,-0.21434429287910461,-0.08638253808021545,1486.0195318781641,521.3838794341068
car_36,-0.21367864310741425,-0.08820611983537674,1485.4931726741177,528.2510943345702
car_36,-0.21289338171482086,-0.09003666043281555,1484.8894306336676,536.1244124465906
car_36,-0.2121846228837967,-0.09141379594802856,1484.3477377001734,543.0132144998148
car_36,-0.21136173605918884,-0.09272684156894684,1483.7414675910218,550.723255584887
car_36,-0.2105654627084732,-0.09376133233308792,1483.1807985514415,557.8533800377295
car_36,-0.20977485179901123,-0.09457050263881683,1482.607471052332,565.1444842940836
car_36,-0.2089410275220871,-0.09525398910045624,1481.9910453201985,572.9836761805064
car_36,-0.20801371335983276,-0.0959291011095047,1481.3581701557516,581.0320583223105
car_36,-0.20736558735370636,-0.09636158496141434,1480.9440582897691,586.2983900321283
car_36,-0.20640693604946136,-0.09695083647966385,1479.3797370291913,593.1703790113863
car_36,-0.20528581738471985,-0.09763583540916443,1474.4576539665763,598.3904192962341
car_36,-0.20441783964633942,-0.09811841696500778,1467.72366652097,600.8707187982002
car_36,-0.2039208561182022,-0.09836212545633316,1459.8690685049057,600.4639821239309
car_36,-0.20343630015850067,-0.09859133511781693,1451.8974220537377,599.8417552359782
car_36,-0.20293129980564117,-0.09882520884275436,1443.8504604656357,599.2130038052597
car_36,-0.2024386078119278,-0.09904889762401581,1436.2450627046087,598.6187540786923
car_36,-0.20193491876125336,-0.09927356988191605,1428.707456901518,598.0298012694223
car_36,-0.20142407715320587,-0.09949774295091629,1421.2936221940681,597.4504467279382
car_36,-0.20092712342739105,-0.09971264749765396,1414.293613365275,596.9034306336471
car_36,-0.2004113346338272,-0.09993285685777664,1407.2378439124482,596.3520571221698
car_36,-0.19987456500530243,-0.10015922039747238,1400.1111502893052,595.7951412373061
car_36,-0.19928184151649475,-0.10040653496980667,1392.4793835598425,595.1987563853728
car_36,-0.1986597329378128,-0.10066362470388412,1384.727293294996,594.5929688438163
car_36,-0.19809287786483765,-0.1008961945772171,1377.874839963082,594.0574834823525
car_36,-0.1974031627178192,-0.10117752104997635,1369.7945294206415,593.4260471482432
car_36,-0.1967248022556305,-0.10145317018032074,1362.1140550653802,592.8286537135534
car_36,-0.19634000957012177,-0.10160946846008301,1357.891906537226,592.5112227831722
car_36,-0.19626463949680328,-0.10164002329111099,1357.0755937683698,592.4505508881896
car_36,-0.19621221721172333,-0.10166129469871521,1356.5090767191878,592.4083186649347
car_36,-0.19620423018932343,-0.1016644611954689,1356.4220649462295,592.4013266474649
car_36,-0.19602762162685394,-0.1017361730337143,1354.5038530627169,592.2509903029347
car_36,-0.19572098553180695,-0.10186053812503815,1351.2295770528497,592.0016303081563
car_36,-0.19523346424102783,-0.10205857455730438,1346.110839542453,591.6118011199578
car_36,-0.1945543736219406,-0.10233496129512787,1339.156035170827,591.0821420513372
car_36,-0.1938360631465912,-0.10262863337993622,1332.0091395528455,590.5393082167951
car_36,-0.1930331140756607,-0.10295891761779785,1324.1307462465993,589.8952861256895
car_36,-0.19230391085147858,-0.10326147079467773,1317.1707086908007,589.3233760629649
car_36,-0.19151364266872406,-0.10359271615743637,1309.8184874207382,588.7167334991342
car_36,-0.19071219861507416,-0.10393273830413818,1302.5473542741154,588.1114098523316
car_36,-0.18989607691764832,-0.10428386926651001,1295.3332384960763,587.5108329156753
car_36,-0.18898402154445648,-0.1046828180551529,1287.496630001771,586.8655643269224
car_36,-0.18816673755645752,-0.10504662990570068,1280.6519167260396,586.3039610538427
car_36,-0.18728747963905334,-0.10544517636299133,1273.451889568856,585.7121300277902
car_36,-0.18634440004825592,-0.1058819368481636,1265.9054948354133,585.0918281260626
car_36,-0.1860569566488266,-0.10602723062038422,1259.2572234242216,582.882660479113
car_36,-0.1850627213716507,-0.10650446265935898,1251.5251867950847,582.2400332084333
car_36,-0.18407441675662994,-0.10699082165956497,1244.013895950559,581.6208838966592
car_36,-0.18306109309196472,-0.10750286281108856,1236.470256072229,581.0006984051108
car_36,-0.18207134306430817,-0.10801663249731064,1229.2335863784388,580.404706172515
car_36,-0.18139217793941498,-0.10836681723594666,1224.0988057010927,579.9864808497146
car_36,-0.18131841719150543,-0.10840113461017609,1223.449129363609,579.9348936467381
car_36,-0.18131093680858612,-0.10840464383363724,1223.3821826715455,579.9295777803709
car_36,-0.18131063878536224,-0.10840480774641037,1223.3787266076556,579.9293033534615
car_36,-0.18095055222511292,-0.10856987535953522,1220.79821942706,579.9508306341316
car_36,-0.17975084483623505,-0.10910011827945709,1217.0236589314738,582.253539020426
car_36,-0.17798970639705658,-0.1098647266626358,1215.932167067293,587.6886473996259
car_36,-0.17583854496479034,-0.11081402003765106,1215.3308524108058,594.6533580674404
car_36,-0.17292435467243195,-0.11214052885770798,1214.7381594922283,604.174437900487
car_36,-0.1694280356168747,-0.1137906163930893,1215.2887565153205,616.1817274763247
car_36,-0.16550034284591675,-0.11575233936309814,1215.3232648421902,629.4833758336955
car_36,-0.16203001141548157,-0.11784520745277405,1214.433292419314,642.0071791485068
car_36,-0.1592576503753662,-0.12072966992855072,1213.30494826093,655.4302525671637
car_36,-0.15665914118289948,-0.12414571642875671,1211.2534312985792,668.6542472467464
car_36,-0.15433354675769806,-0.12788830697536469,1209.1755783835488,681.838031598827
car_36,-0.1523287147283554,-0.1316634565591812,1208.0606241503722,695.1894447847783
car_36,-0.15071997046470642,-0.13506115972995758,1207.2057963208529,707.4832187014181
car_36,-0.14923369884490967,-0.13844473659992218,1206.3057846396275,720.4268077485146
car_36,-0.14799022674560547,-0.14142219722270966,1205.4526114166715,732.835424225052
car_36,-0.14678490161895752,-0.14437219500541687,1204.5817109153418,745.4772129286719
car_36,-0.14361141622066498,-0.14985837042331696,1203.6546215828387,758.8679524318314
car_36,-0.14076516032218933,-0.15342363715171814,1202.7576457272755,771.8237373830408
car_36,-0.13814124464988708,-0.15581795573234558,1201.8525050723008,784.8974534744132
car_36,-0.1358635574579239,-0.1573878824710846,1200.946401698575,797.3290064425672
car_36,-0.133700430393219,-0.15855732560157776,1199.862534200787,810.1180264835532
car_36,-0.1317005455493927,-0.15941272675991058,1198.7638226349893,822.7936883373869
car_36,-0.13042865693569183,-0.15985560417175293,1198.0641031161233,831.1906898501015
car_36,-0.12971177697181702,-0.16007432341575623,1197.51620136503,835.8933671384775
car_36,-0.12869569659233093,-0.1606084555387497,1193.6384966580108,840.5652245282083
car_36,-0.12788045406341553,-0.16104161739349365,1186.267346248045,841.4165177099918
car_36,-0.127214252948761,-0.1613631397485733,1178.6205295270584,840.8379337306084
car_36,-0.12633928656578064,-0.1617394983768463,1169.0832061833678,840.0465059263994
car_36,-0.12512576580047607,-0.16221466660499573,1156.9718667088864,839.0414806734116
car_36,-0.12364952266216278,-0.16278459131717682,1143.7802202331584,837.9460676901638
car_36,-0.12194458395242691,-0.1635001301765442,1130.3113327403912,836.8316076884803
car_36,-0.12004759162664413,-0.1644151508808136,1117.102119987412,835.7391561969888
car_36,-0.11791616678237915,-0.16560699045658112,1103.9782646221229,834.6449907683555
car_36,-0.11567489057779312,-0.1670319139957428,1091.6719500614972,833.6189855609423
car_36,-0.11285179853439331,-0.1689329594373703,1078.6921569070757,832.5782540060773
car_36,-0.10798436403274536,-0.1724444329738617,1065.2498748667315,836.2355825335161
car_36,-0.10489490628242493,-0.1748041808605194,1052.4676569905155,835.1737305791559
car_36,-0.10080771148204803,-0.17754341661930084,1039.7467725320384,834.1169737507059
car_36,-0.09634561091661453,-0.18022525310516357,1026.9251407803333,833.0518475835978
car_36,-0.09233404695987701,-0.18239004909992218,1014.6046829070541,832.0283552289809
car_36,-0.08855517208576202,-0.18416434526443481,1001.7880450952297,830.9674029582695
car_36,-0.0855565220117569,-0.18535128235816956,989.0700246139605,829.1410881880198
car_36,-0.08288488537073135,-0.18619999289512634,975.7162139530503,827.1906613107454
car_36,-0.0806765928864479,-0.18671798706054688,963.454349855464,826.1714510347547
car_36,-0.07892881333827972,-0.1869611293077469,950.6860905723354,825.1021252323791
car_36,-0.07772930711507797,-0.1869623363018036,937.7461734394097,824.0184232990134
car_36,-0.07707750797271729,-0.18674810230731964,924.3614150960236,822.89746646866
car_36,-0.07698473334312439,-0.18635013699531555,911.4847749022945,821.8172239191045
car_36,-0.07737597823143005,-0.18575260043144226,898.5425732327272,820.7135721877485
car_36,-0.0787375271320343,-0.18470904231071472,886.0104344298851,819.6448887411078
car_36,-0.08089455962181091,-0.18297222256660461,872.9903017374028,818.5469462874925
car_36,-0.08338387310504913,-0.18072961270809174,860.5275686779776,817.527444671778
car_36,-0.08625778555870056,-0.17783334851264954,847.5373129319529,816.4256711711475
car_36,-0.08930471539497375,-0.17433984577655792,834.242480678499,815.278703362634
car_36,-0.09206603467464447,-0.17064061760902405,821.7641773918785,814.202178897957
car_36,-0.09460335969924927,-0.1664390116930008,808.794488896979,813.0832617949425
car_36,-0.09656161069869995,-0.1617930680513382,795.4172896474955,811.93264989816
car_36,-0.09738986939191818,-0.1568843126296997,782.057284207713,810.7928971479436
car_36,-0.096504345536232,-0.15214863419532776,769.7971551677556,809.7469757331446
car_36,-0.09292088449001312,-0.14683282375335693,756.8654423844617,808.6437609720278
car_36,-0.0861462727189064,-0.1409444510936737,743.7036181855684,807.5209152219891
car_36,-0.07824313640594482,-0.13466143608093262,730.4728043643635,806.3921839120889
car_36,-0.07216400653123856,-0.1284971535205841,717.4750953158449,805.2833389567979
car_37,-0.1489100605249405,-0.13081476092338562,1449.0696339335805,831.1128686537606
car_37,-0.1490188091993332,-0.1305011510848999,1451.6063658636065,831.3371840741942
car_37,-0.14924314618110657,-0.1298670470714569,1456.7369749617037,831.7908680931075
car_37,-0.1495870053768158,-0.12892752885818481,1464.3459505790036,832.4637064582737
car_37,-0.1500242054462433,-0.12779077887535095,1473.6098618386554,833.2828857040078
car_37,-0.1504868119955063,-0.12659940123558044,1485.0424247988776,835.0682330792206
car_37,-0.15048514306545258,-0.12628118693828583,1496.812807438946,840.5168979860064
car_37,-0.1508033573627472,-0.1253523975610733,1510.6714500015244,844.6400682408903
car_37,-0.15166854858398438,-0.1235470324754715,1526.4980182311633,846.0400997012941
car_37,-0.15257233381271362,-0.12188088893890381,1541.8949017399707,847.3468590625774
car_37,-0.1535414159297943,-0.12030936032533646,1557.5902401868982,848.6789487956913
car_37,-0.15457496047019958,-0.11884894967079163,1573.6665141530914,850.041283192448
car_37,-0.15557259321212769,-0.11762436479330063,1588.7732364070887,851.321211891381
car_37,-0.1564955860376358,-0.11663608253002167,1602.537045391407,852.4873612273828
car_37,-0.15732602775096893,-0.11585485190153122,1614.81074451585,853.5156776314398
car_37,-0.1579684317111969,-0.1153314858675003,1622.5966435599712,853.5077478280825
car_37,-0.15991051495075226,-0.11449536681175232,1625.8353896572971,847.3767006607593
car_37,-0.16236701607704163,-0.11352184414863586,1626.5650518691518,838.1704425753773
car_37,-0.1647019386291504,-0.11264479160308838,1627.2458436587897,829.5077279525573
car_37,-0.167226180434227,-0.11174412071704865,1627.984348579255,820.2091642804423
car_37,-0.1698903739452362,-0.11084014177322388,1628.7596582890617,810.4471891026714
car_37,-0.17245455086231232,-0.1100088357925415,1629.5020594370014,801.0995677760353
car_37,-0.17480343580245972,-0.10927507281303406,1630.1775375870536,792.5826762985553
car_37,-0.17720860242843628,-0.10854599624872208,1630.864615206533,783.9110665257659
car_37,-0.1797073930501938,-0.10780681669712067,1631.5743114789284,774.9539866312433
car_37,-0.1827826201915741,-0.10683134198188782,1632.3393647021906,765.2982464070567
car_37,-0.18536819517612457,-0.10601504892110825,1632.9802736145443,757.2093320977147
car_37,-0.18800467252731323,-0.10519861429929733,1633.6718391634429,748.4810801472341
car_37,-0.18922626972198486,-0.10482167452573776,1634.007987021462,744.2385564962539
car_37,-0.19068121910095215,-0.10437029600143433,1634.4346554148037,738.9999007210495
car_37,-0.19264210760593414,-0.10375186800956726,1634.7486680268153,731.4379908253533
car_37,-0.19470785558223724,-0.10307538509368896,1634.4011292256725,722.6197494575745
car_37,-0.1965976506471634,-0.10242591053247452,1635.0769390002054,714.4196941735613
car_37,-0.19851689040660858,-0.10171892493963242,1635.873493260017,705.4900462471871
car_37,-0.20001749694347382,-0.10112038254737854,1636.5406385854847,698.0111170985842
car_37,-0.201627716422081,-0.1004195287823677,1637.3048129034257,689.4444594860772
car_37,-0.20297345519065857,-0.0997762605547905,1637.9915441515323,681.8170351785602
car_37,-0.20434993505477905,-0.0990520566701889,1638.6329875931033,673.4837499920113
car_37,-0.2056983858346939,-0.09826713800430298,1639.2770517614817,664.7813064933898
car_37,-0.20684583485126495,-0.09753531962633133,1639.8613962156921,656.8870745062625
car_37,-0.20786993205547333,-0.09689228981733322,1640.4792912854814,648.5286277354696
car_37,-0.20883619785308838,-0.09621073305606842,1641.116023173868,640.0911524563593
car_37,-0.20949171483516693,-0.09569862484931946,1641.648331752342,634.0340759609269
car_37,-0.21026241779327393,-0.09502951055765152,1642.3130989042745,626.4697689898697
car_37,-0.2110096663236618,-0.09426241368055344,1642.238835122644,618.922902579857
car_37,-0.21118168532848358,-0.09402183443307877,1636.1004976461177,614.8503216070274
car_37,-0.21085138618946075,-0.0943474993109703,1626.8892383753748,614.1278902700135
car_37,-0.21048866212368011,-0.09466508775949478,1615.934653073591,613.1902096024465
car_37,-0.21010656654834747,-0.09495571255683899,1603.5886379966228,612.129787985821
car_37,-0.20964452624320984,-0.09528162330389023,1589.2453278182215,610.898869447897
car_37,-0.20911692082881927,-0.0956263542175293,1573.6800094154032,609.5889160430338
car_37,-0.2085687667131424,-0.09595829993486404,1558.3112146973594,608.301360843895
car_37,-0.2080366015434265,-0.09625934064388275,1544.101462774072,607.110907050806
car_37,-0.2074422538280487,-0.09657503664493561,1528.9967998846303,605.845480087187
car_37,-0.2068181186914444,-0.09688681364059448,1513.9338358593657,604.5835465393076
car_37,-0.20611093938350677,-0.09725289046764374,1499.0155630682034,603.4005388072607
car_37,-0.2055450975894928,-0.09755360335111618,1488.5733826418113,602.7048437335748
car_37,-0.20538751780986786,-0.0976160317659378,1482.1980022708801,601.0198386357146
car_37,-0.20607919991016388,-0.09714741259813309,1476.3815024547614,594.0901292958328
car_37,-0.20730431377887726,-0.09637164324522018,1475.5691253979799,584.5325091443736
car_37,-0.20838704705238342,-0.09563666582107544,1476.2695625970473,575.6266977875443
car_37,-0.2093479037284851,-0.0949016809463501,1476.9484494188598,566.9948918586907
car_37,-0.2103465050458908,-0.09397828578948975,1477.6916159214913,557.5457925133619
car_37,-0.21141083538532257,-0.09261511266231537,1478.4373152474768,548.0644892145314
car_37,-0.21231688559055328,-0.09112587571144104,1479.1080490348043,539.5363462367707
car_37,-0.213308647274971,-0.0890495628118515,1479.8632436290777,529.7871634299613
car_37,-0.21416941285133362,-0.08681507408618927,1480.5359022588132,521.0112337425304
car_37,-0.21497775614261627,-0.08432362228631973,1481.1896186791066,512.4824360933138
car_37,-0.21578319370746613,-0.08144791424274445,1481.8641937971909,503.6429110242533
car_37,-0.2166111320257187,-0.07807457447052002,1482.5928837047306,494.0908273219885
car_37,-0.21738643944263458,-0.07454802095890045,1483.3181243396975,484.59478540333686
car_37,-0.21808506548404694,-0.07112479209899902,1484.015463128134,475.49380264404994
car_37,-0.21876105666160583,-0.06772357225418091,1484.7268309637827,466.20972650328497
car_37,-0.2194206863641739,-0.06454245746135712,1485.4396948015403,456.9061260084677
car_37,-0.2200387418270111,-0.061914872378110886,1486.0959614398002,448.3411767193425
car_37,-0.22061681747436523,-0.059271425008773804,1486.774383308631,439.48707906388563
car_37,-0.22116157412528992,-0.05707837641239166,1487.4323220352717,430.8835036275045
car_37,-0.22185921669006348,-0.0554649718105793,1488.1295294019571,421.75359263582186
car_37,-0.22272993624210358,-0.054498571902513504,1488.8323878270457,412.54968119220285
car_37,-0.22383464872837067,-0.054070375859737396,1489.5579426395193,403.0237765889827
car_37,-0.22500114142894745,-0.05407176539301872,1490.208470475137,394.5229601424687
car_37,-0.2263636291027069,-0.054357901215553284,1490.881314792357,385.83147376708433
car_37,-0.22792012989521027,-0.054878395050764084,1491.565016578744,376.91823962702483
car_37,-0.22969000041484833,-0.05561050772666931,1492.2799476992463,367.59787715623423
car_37,-0.2315763682126999,-0.05650033801794052,1492.9992163214595,358.2209678559642
car_37,-0.23359236121177673,-0.05755909904837608,1493.7442945307344,348.50758599247865
car_37,-0.2354920208454132,-0.05886339396238327,1494.4428150399667,339.40116419515675
car_37,-0.23748105764389038,-0.060543909668922424,1495.1865335798655,329.70550797133524
car_37,-0.23906701803207397,-0.0623873807489872,1495.9044823523184,320.34580519323123
car_37,-0.23873405158519745,-0.06409664452075958,1496.3789095424672,314.1608270164811
car_37,-0.2383912205696106,-0.06616546213626862,1498.7303862759566,306.6290340513936
car_37,-0.23811224102973938,-0.06765297055244446,1505.7026625421993,301.0920561443835
car_37,-0.23807598650455475,-0.06802181899547577,1514.203307657797,300.70599470658124
car_37,-0.23808316886425018,-0.06818263977766037,1523.6208144319596,301.3771542699985
car_37,-0.23809047043323517,-0.06833566725254059,1532.7139348910043,302.02519572128125
car_37,-0.23809771239757538,-0.06848330795764923,1541.603773702406,302.65874985387603
car_37,-0.23810511827468872,-0.06862630695104599,1550.3312564108733,303.280733317739
car_37,-0.2381131649017334,-0.0687706395983696,1559.2638040058696,303.9173311867748
car_37,-0.23812121152877808,-0.0689113438129425,1568.0855033163966,304.5460292063075
car_37,-0.23813048005104065,-0.06906495988368988,1577.8593668553435,305.24258532705244
car_37,-0.23814012110233307,-0.06921030580997467,1587.2493407396519,305.9117826978451
car_37,-0.23815004527568817,-0.06935561448335648,1596.7685404378558,306.5901896336444
car_37,-0.23819896578788757,-0.0692262202501297,1605.1367610860298,308.4197508527715
car_37,-0.23820973932743073,-0.06935250014066696,1614.2694870049472,309.1245797024828
car_37,-0.2382214367389679,-0.0694790780544281,1623.5933970708465,309.8465097469553
car_37,-0.23823396861553192,-0.06960822641849518,1633.2548773314697,310.59457711621616
car_37,-0.23824530839920044,-0.06972171366214752,1641.8533365494798,311.2603370819151
car_37,-0.23822429776191711,-0.07008057832717896,1650.8598433468924,310.75257318975844
car_37,-0.23823748528957367,-0.0701943039894104,1659.7418045494533,311.43499354084963
car_37,-0.2382526695728302,-0.07031643390655518,1669.4870698212567,312.18822504017743
car_37,-0.2382677048444748,-0.07043518126010895,1679.018984727241,312.92046109090666
car_37,-0.23828035593032837,-0.07053317129611969,1686.9885181930815,313.53345307127324
car_37,-0.23828700184822083,-0.07058168947696686,1690.9851883935526,313.8415968036456
car_37,-0.2383216768503189,-0.07042966783046722,1696.180254858972,315.34388551161436
car_37,-0.23846901953220367,-0.0694231316447258,1701.2179005199296,321.23589140177216
car_37,-0.2387353777885437,-0.06773974746465683,1703.124326369361,330.1933067721613
car_37,-0.2390819638967514,-0.06592398881912231,1703.2898152017667,339.50008348984016
car_37,-0.23949696123600006,-0.0641125738620758,1702.365283708426,348.4364926286026
car_37,-0.23990686237812042,-0.06201031431555748,1699.8249855668796,356.96589276434906
car_37,-0.24010854959487915,-0.05977846682071686,1697.0262797606706,365.93326500734537
car_37,-0.23839624226093292,-0.05821608006954193,1694.1440209398904,375.0058484486634
car_37,-0.2368873804807663,-0.05697597563266754,1690.9940969926436,382.4602210004908
car_37,-0.23521265387535095,-0.05569998174905777,1691.9041598584067,391.5759485011911
car_37,-0.2336166799068451,-0.05490598827600479,1685.9603052645457,398.34166709128544
car_37,-0.232483372092247,-0.054427072405815125,1677.183712671973,401.9738969075778
car_37,-0.23145674169063568,-0.05402085930109024,1668.5326679566272,405.12517773879097
car_37,-0.23042891919612885,-0.05363427847623825,1659.7372723917279,408.32970749658
car_37,-0.22926506400108337,-0.053202200680971146,1651.3121221532008,412.53636278196245
car_37,-0.22857165336608887,-0.05301300808787346,1641.923999191941,413.99933156160506
car_37,-0.22822920978069305,-0.052984416484832764,1632.5999511005894,413.49715291005305
car_37,-0.2279265820980072,-0.05297742038965225,1623.3500925316102,412.7960539146656
car_37,-0.22764645516872406,-0.05297723785042763,1614.7318859391212,412.14268866489584
car_37,-0.2273593693971634,-0.052983999252319336,1605.8257450760896,411.4663934763662
car_37,-0.22707778215408325,-0.05299815908074379,1597.0166820711627,410.79746997545726
car_37,-0.2267773598432541,-0.05302240699529648,1587.537277493269,410.07764353157444
car_37,-0.22648011147975922,-0.053056903183460236,1578.0560922324944,409.35768187006107
car_37,-0.2261982560157776,-0.05310039222240448,1568.9738536671034,408.6680145565394
car_37,-0.22593218088150024,-0.053152188658714294,1560.3034885823477,408.0096231971622
car_37,-0.22567018866539001,-0.05321450158953667,1551.6716103443437,407.354154368394
car_37,-0.22539182007312775,-0.05329462140798569,1542.3860885733877,406.649050576161
car_37,-0.22510506212711334,-0.053393758833408356,1532.6883991406908,405.91264849089737
car_37,-0.22484642267227173,-0.05349958315491676,1523.8171638660258,405.23900388715276
car_37,-0.2245820164680481,-0.053625717759132385,1514.613163261885,404.54009047229283
car_37,-0.22430658340454102,-0.05377873033285141,1504.8785323493446,403.8008832051374
car_37,-0.22390468418598175,-0.05393494665622711,1496.9812811483662,404.63935942581696
car_37,-0.22291724383831024,-0.05428927391767502,1494.3545907438263,412.4318505781986
car_37,-0.2219824194908142,-0.0551934652030468,1493.6195864209697,422.0418962527774
car_37,-0.221236914396286,-0.05679681897163391,1492.8875847340585,431.6274378959046
car_37,-0.22063520550727844,-0.059179309755563736,1492.1615300608623,441.1312076947024
car_37,-0.2199956774711609,-0.06207957863807678,1491.416111205381,450.8845654047857
car_37,-0.21931961178779602,-0.06504620611667633,1490.6906577835016,460.37668741587134
car_37,-0.21870730817317963,-0.06805755198001862,1490.0270352451478,469.05978947780983
car_37,-0.21803678572177887,-0.07145221531391144,1489.322747890498,478.27496622049
car_37,-0.2173660695552826,-0.07473922520875931,1488.6553709232135,487.0071927284904
car_37,-0.2168719619512558,-0.07707180082798004,1490.9601336575088,494.2480755026925
car_37,-0.21699312329292297,-0.07665859162807465,1498.4704670806943,495.75852548830426
car_37,-0.21728180348873138,-0.07549090683460236,1508.0271501530706,495.9145013478887
car_37,-0.21753627061843872,-0.07442641258239746,1516.6840700582552,496.05579205653083
car_37,-0.21779929101467133,-0.07329700142145157,1526.157582413029,496.31781133341894
car_37,-0.21806885302066803,-0.0720967948436737,1535.8679539869368,496.47332565823166
car_37,-0.2183161824941635,-0.07097136974334717,1545.360260650214,496.74685244364474
car_37,-0.21854381263256073,-0.06991011649370193,1554.3556731944554,497.00606091256304
car_37,-0.21877554059028625,-0.06880679726600647,1563.785174529816,497.2777779229593
car_37,-0.2190304547548294,-0.06754811853170395,1573.2258808736776,497.0830187585869
car_37,-0.21923603117465973,-0.0665336549282074,1581.9216319190768,497.26448799189194
car_37,-0.2194453924894333,-0.0654992014169693,1591.6973904753806,497.7201602064405
car_37,-0.21963879466056824,-0.06454089283943176,1601.1934172338188,498.2436702377253
car_37,-0.21980859339237213,-0.06370289623737335,1610.2037074774184,498.9015413688635
car_37,-0.2199723869562149,-0.06289426982402802,1619.0787854439184,499.549540203852
car_37,-0.22012801468372345,-0.06212930008769035,1627.8100154357708,500.22874106592644
car_37,-0.22029511630535126,-0.06131286546587944,1637.4852619898893,501.0176788872408
car_37,-0.2204437404870987,-0.06059408187866211,1646.2287018673344,501.7306354376625
car_37,-0.22055713832378387,-0.060070473700761795,1655.4780224421252,503.23683071644547
car_37,-0.2206663340330124,-0.05956549569964409,1664.2511078291382,504.60554308853324
car_37,-0.22078493237495422,-0.059020500630140305,1673.9162262639138,506.11342390762957
car_37,-0.22089332342147827,-0.058526258915662766,1682.8681831515448,507.51004249801
car_37,-0.22097355127334595,-0.05817524716258049,1691.8459678262138,509.4189795305993
car_37,-0.2210478037595749,-0.05785352736711502,1700.974128443247,511.4755462640145
car_37,-0.22115088999271393,-0.05739054083824158,1709.778385792236,512.848324021578
car_37,-0.22126063704490662,-0.05690402537584305,1719.2501439609055,514.3251798679672
car_37,-0.22134454548358917,-0.056355319917201996,1728.58309271611,515.7803922675794
car_37,-0.2213669717311859,-0.05631858482956886,1737.2576160010765,518.6875232002153
car_37,-0.2214260995388031,-0.05595419555902481,1745.667727322781,520.4032299699281
car_37,-0.2214089035987854,-0.056173522025346756,1749.1075973479553,522.3397118227892
car_37,-0.22130358219146729,-0.056813471019268036,1746.9633923387405,523.9342344166731
car_37,-0.22125376760959625,-0.05703452229499817,1741.3349010047677,522.78816149658
car_37,-0.2211369425058365,-0.05758967623114586,1733.4075433990502,522.0910967906175
car_37,-0.22100891172885895,-0.05820775404572487,1724.5047570512918,521.2191402719471
car_37,-0.22090671956539154,-0.058692459017038345,1715.7224652202412,519.8493766990179
car_37,-0.2207947075366974,-0.05922701582312584,1706.2284253143362,518.3686026285108
car_37,-0.2206525057554245,-0.05993412807583809,1696.6313436710652,517.3996152742695
car_37,-0.2205290049314499,-0.06053678318858147,1687.0559041841702,516.0315216303935
car_37,-0.22038544714450836,-0.061257150024175644,1677.5517744006913,515.0287515125129
car_37,-0.22026775777339935,-0.06182832270860672,1668.2714488966267,513.5809032614042
car_37,-0.22014358639717102,-0.06242866814136505,1658.6734664426408,512.0834965051336
car_37,-0.22000746428966522,-0.06310544908046722,1649.6743707634837,511.0014370763484
car_37,-0.2198466956615448,-0.06391870975494385,1640.3545276915563,510.1809541283369
car_37,-0.21968220174312592,-0.06475017964839935,1631.238501802174,509.4407054094998
car_37,-0.21950896084308624,-0.06561984121799469,1621.872645520078,508.68302589822883
car_37,-0.21934181451797485,-0.06645376980304718,1613.2647074864049,508.05096229413357
car_37,-0.21915502846240997,-0.06737537682056427,1603.8773392082321,507.36166669236917
car_37,-0.21897239983081818,-0.06826683133840561,1595.1418805706867,506.7873194344864
car_37,-0.21877269446849823,-0.06923600286245346,1586.3478483281258,506.3825530189384
car_37,-0.2185683399438858,-0.07021048665046692,1577.6651235844329,506.0106482087494
car_37,-0.218385249376297,-0.07104115188121796,1568.8304494958563,505.17950013199294
car_37,-0.21814535558223724,-0.07214394956827164,1559.5169989096996,504.91112719690955
car_37,-0.2179131954908371,-0.07318297028541565,1550.754310601042,504.6586248231802
car_37,-0.21764743328094482,-0.07433735579252243,1541.007224830081,504.3777564175701
car_37,-0.21740177273750305,-0.07537102699279785,1532.2465706046364,504.1253126572276
car_37,-0.21714606881141663,-0.07640713453292847,1522.9888475920554,503.7209322074002
car_37,-0.21688447892665863,-0.07744038850069046,1514.258734493893,503.51945681874133
car_37,-0.2166108787059784,-0.07848651707172394,1505.503902410991,503.3771956035163
car_37,-0.21631070971488953,-0.07959015667438507,1496.1334809655566,503.224931399089
car_37,-0.2158430516719818,-0.08132879436016083,1488.4705432938972,505.6365095440671
car_37,-0.21508678793907166,-0.08404012024402618,1486.6243862656252,513.4925667521024
car_37,-0.21425507962703705,-0.08664194494485855,1485.9481618245538,522.3150182682558
car_37,-0.21336796879768372,-0.08897050470113754,1485.2522113169766,531.3948285173743
car_37,-0.21247555315494537,-0.09087797999382019,1484.568133347781,540.2104052034736
car_37,-0.2115454226732254,-0.09245754778385162,1483.874509361667,549.0313405420345
car_37,-0.21048982441425323,-0.09384943544864655,1483.1290205875405,558.5118492958247
car_37,-0.20945397019386292,-0.09484412521123886,1482.364463008395,568.2348593174817
car_37,-0.20850996673107147,-0.09557712823152542,1481.6904580262672,576.8062964134328
car_37,-0.20762015879154205,-0.09619510173797607,1481.1042014603945,584.2618218319528
car_37,-0.20713181793689728,-0.09651127457618713,1480.8789370724164,588.1666220956128
car_37,-0.2070828080177307,-0.09654202312231064,1480.8659269581742,588.5536729943157
car_37,-0.2067440301179886,-0.09674891829490662,1480.150127030125,590.9332849702133
car_37,-0.20600055158138275,-0.0972059890627861,1477.821092368616,595.2142152184014
car_37,-0.20499540865421295,-0.09780313074588776,1472.732121792287,599.4748133690673
car_37,-0.20418284833431244,-0.09823600947856903,1464.275215893503,600.8042251655214
car_37,-0.2036164253950119,-0.0985066369175911,1454.832366544925,600.0710778849941
car_37,-0.2030196636915207,-0.09878450632095337,1445.2413149231902,599.321678579028
car_37,-0.2023911029100418,-0.09907031804323196,1435.5247858829002,598.5624750624196
car_37,-0.20182004570960999,-0.0993243157863617,1427.0192450296254,597.8978758551713
car_37,-0.20115093886852264,-0.09961625933647156,1417.4197620578957,597.1477237038182
car_37,-0.20049305260181427,-0.09989811480045319,1408.342292817241,596.4383643456348
car_37,-0.19982203841209412,-0.1001811996102333,1399.4248262912643,595.7415084088327
car_37,-0.19906394183635712,-0.10049685090780258,1389.7356943478148,594.9843506334059
car_37,-0.19834020733833313,-0.10079482942819595,1380.8413107713868,594.2892985150297
car_37,-0.19752129912376404,-0.10112940520048141,1371.1602363186628,593.5327703926811
car_37,-0.19679436087608337,-0.10142495483160019,1362.888408267085,592.8886589432059
car_37,-0.19639232754707336,-0.10158819705247879,1358.4602235876882,592.5534625639498
car_37,-0.1962088793516159,-0.10166255384683609,1356.4732751919696,592.4054417564976
car_37,-0.19620399177074432,-0.10166461020708084,1356.4183126712742,592.4010251253702
car_37,-0.1959892213344574,-0.1017516702413559,1354.0917547982017,592.219606014995
car_37,-0.1955871433019638,-0.1019148975610733,1349.8132534503684,591.8937669377334
car_37,-0.19504974782466888,-0.10213324427604675,1344.210225587669,591.4670555076722
car_37,-0.19437003135681152,-0.1024101972579956,1337.3023981363715,590.9409740740989
car_37,-0.19348488748073578,-0.1027727872133255,1328.5392849327018,590.2575381417569
car_37,-0.1924789696931839,-0.10318853706121445,1318.8239569632578,589.4592243706243
car_37,-0.19146595895290375,-0.10361280292272568,1309.3810990096092,588.6803208048876
car_37,-0.19045336544513702,-0.10404349863529205,1300.2395170622058,587.9192818292065
car_37,-0.18947617709636688,-0.10446661710739136,1291.6928102912348,587.208368768119
car_37,-0.18836303055286407,-0.10495860874652863,1282.2827124025903,586.4380099202518
car_37,-0.18728484213352203,-0.10544639080762863,1273.431649187755,585.7104662999662
car_37,-0.18617437779903412,-0.1059616357088089,1264.5591763415373,584.9793455055712
car_37,-0.1856333166360855,-0.10622910410165787,1255.9422545415437,582.6071458239657
car_37,-0.1844692975282669,-0.10679498314857483,1246.995235841566,581.865988882528
car_37,-0.1832539588212967,-0.10740432888269424,1237.8955365027439,581.1178750278884
car_37,-0.1825794279575348,-0.10775121301412582,1232.934046910788,580.7099759352716
car_37,-0.18243655562400818,-0.10782542079687119,1231.8912407520547,580.6242436812703
car_37,-0.18233750760555267,-0.10787713527679443,1231.1698404302037,580.5649351749754
car_37,-0.1820783168077469,-0.10801303386688232,1229.2844737546952,580.408936105554
car_37,-0.18157333135604858,-0.10828054696321487,1225.6390737480283,580.1087850122503
car_37,-0.18103726208209991,-0.10853232443332672,1220.9703883699099,579.7368408656813
car_37,-0.18024767935276031,-0.10890588164329529,1214.0182337136669,579.1787440213047
car_37,-0.17921890318393707,-0.10940434783697128,1204.9662035489462,578.4406190688434
car_37,-0.17811135947704315,-0.10995631664991379,1195.2728979075905,577.6522864941909
car_37,-0.17704813182353973,-0.11050188541412354,1186.0270911806394,576.9063295299418
car_37,-0.17593885958194733,-0.11108846217393875,1176.4287672832656,576.132649496756
car_37,-0.17487911880016327,-0.11166554689407349,1167.3051416597066,575.3963484747467
car_37,-0.17382138967514038,-0.1122579425573349,1158.2443891689934,574.663683792589
car_37,-0.17277824878692627,-0.11285838484764099,1149.3496146419498,573.9418665381402
car_37,-0.1716545671224594,-0.11352314800024033,1139.8226077663924,573.168743180699
car_37,-0.1706065833568573,-0.11416008323431015,1130.9801610605077,572.4511723660095
car_37,-0.1695259064435959,-0.11483386158943176,1121.898780481447,571.7142118982368
car_37,-0.16840848326683044,-0.11554919928312302,1112.5332346815417,570.9545254608656
car_37,-0.1672838032245636,-0.11628930270671844,1103.114850897484,570.1919689787799
car_37,-0.16625560820102692,-0.11698448657989502,1094.4903548876239,569.494788739576
car_37,-0.16518113017082214,-0.11773098260164261,1085.4351760262448,568.762848678797
car_37,-0.16428953409194946,-0.11853776127099991,1076.6046419253275,568.0490669009346
car_37,-0.1635020673274994,-0.11952131241559982,1067.1274303046484,567.2830134683247
car_37,-0.16276496648788452,-0.12051186710596085,1058.1237043276349,566.5552324007458
car_37,-0.1619814932346344,-0.12164278328418732,1048.3815417382166,565.7677626900999
car_37,-0.1612640917301178,-0.12275291234254837,1039.2704292895176,565.0313014559757
car_37,-0.16052362322807312,-0.12397769838571548,1029.6369673342924,564.2526181370748
car_37,-0.16008436679840088,-0.12474571913480759,1023.7364580756754,563.7534861839314
car_37,-0.15998029708862305,-0.12493222951889038,1022.3198794392956,563.6326176995985
car_37,-0.15996138751506805,-0.12496653199195862,1022.0611882067941,563.6105450688391
car_37,-0.15995696187019348,-0.12497441470623016,1022.0008834114387,563.6053996084845
car_37,-0.15984925627708435,-0.1251695305109024,1020.5294904834814,563.4801096865773
car_37,-0.15957112610340118,-0.12568241357803345,1016.6984304793951,563.1553082129856
car_37,-0.1591799110174179,-0.12642517685890198,1011.2286285950316,562.6915724034703
car_37,-0.1586749255657196,-0.1274227797985077,1004.0113738886638,562.0787471961297
car_37,-0.15802189707756042,-0.12877799570560455,994.4037193914542,561.2641451434345
car_37,-0.15740050375461578,-0.13013845682144165,984.938978126765,560.4651734782334
car_37,-0.15685603022575378,-0.13138838112354279,976.3581371855548,559.7416712728116
car_37,-0.1562715470790863,-0.13279156386852264,966.8143216580614,558.93784004951
car_37,-0.1557011604309082,-0.13422353565692902,957.135933276631,558.1226743802007
car_37,-0.1551867127418518,-0.1355689913034439,948.0632482841412,557.3585242921009
car_37,-0.1546698957681656,-0.13697244226932526,938.600177757711,556.5599876322012
car_38,-0.09135978668928146,-0.1830439418554306,985.5405361785268,812.1327529461178
car_38,-0.0920526385307312,-0.18273133039474487,985.6981292521841,810.7081115602557
car_38,-0.0929938405752182,-0.18227222561836243,988.8776074934638,811.0632601591742
car_38,-0.09427293390035629,-0.18165749311447144,989.163210762271,808.560611976263
car_38,-0.09614052623510361,-0.1807224154472351,989.566353408558,805.0197062547342
car_38,-0.09968438744544983,-0.1788167506456375,992.0049826474174,799.8797553465522
car_38,-0.10376927256584167,-0.17638911306858063,999.4461206400715,797.79
car_38,-0.10619430243968964,-0.1746891736984253,1007.7833804725241,798.2500995259494
car_38,-0.10874161869287491,-0.17273889482021332,1018.4234974315659,799.1335633435026
car_38,-0.11288995295763016,-0.16970089077949524,1031.112548984799,796.9850909277401
car_38,-0.11604490876197815,-0.16753129661083221,1045.1724516320794,798.1535944623312
car_38,-0.11882378906011581,-0.16575172543525696,1060.1202648822964,799.3967290996388
car_38,-0.12127993255853653,-0.1643885225057602,1075.1824626450361,800.6493765230047
car_38,-0.12331930547952652,-0.16341158747673035,1089.4859156612658,801.8389229523005
car_38,-0.12514472007751465,-0.16262972354888916,1104.0763561799079,803.0517731626786
car_38,-0.12681648135185242,-0.16193220019340515,1119.2652654124217,804.3128791795417
car_38,-0.12847092747688293,-0.16118629276752472,1133.4334735332673,803.8868151675033
car_38,-0.12976737320423126,-0.16045302152633667,1148.1902182941872,805.1139549949903
car_38,-0.13088592886924744,-0.15995167195796967,1161.932946928412,806.2567713761522
car_38,-0.1316133737564087,-0.15965059399604797,1171.191900309687,807.0267264468056
car_38,-0.13203245401382446,-0.15946082770824432,1176.6036935400127,807.4767597785905
car_38,-0.13220609724521637,-0.15937839448451996,1178.8591936063335,807.6643224156845
car_38,-0.13223926723003387,-0.15936237573623657,1179.2919447721117,807.7003090915756
car_38,-0.1322508603334427,-0.15935677289962769,1179.4424599446052,807.712825616446
car_38,-0.1322566121816635,-0.15935397148132324,1179.5187628269805,807.7191708035068
car_38,-0.1323360800743103,-0.15931525826454163,1180.5522298889919,807.8052457658613
car_38,-0.13260459899902344,-0.1591806411743164,1184.060534131895,808.0981025084546
car_38,-0.13306422531604767,-0.15894241631031036,1189.475474981335,808.2474646191181
car_38,-0.13397008180618286,-0.15849241614341736,1193.4589936889126,804.7172215870518
car_38,-0.13513092696666718,-0.15788519382476807,1194.472102904648,798.075318837131
car_38,-0.13663677871227264,-0.1569802165031433,1195.1106942568217,789.5293858794295
car_38,-0.13865359127521515,-0.15550348162651062,1195.8534172892053,778.8035915000071
car_38,-0.14121882617473602,-0.15305182337760925,1196.7219134360882,766.2614853788455
car_38,-0.14435267448425293,-0.14888916909694672,1197.6920272599439,752.2519004519888
car_38,-0.14733552932739258,-0.1433003842830658,1198.7087399174743,737.5702003057747
car_38,-0.1487574577331543,-0.13972027599811554,1201.995517537221,723.2507869963811
car_38,-0.1503957062959671,-0.1358950138092041,1203.9063663745032,708.7830321217132
car_38,-0.15224745869636536,-0.13193537294864655,1204.9038897609676,694.369478343729
car_38,-0.15433934330940247,-0.127976655960083,1206.0685354910333,680.3804214781231
car_38,-0.15682566165924072,-0.12400494515895844,1207.6986341588106,666.062212275493
car_38,-0.15934723615646362,-0.12080462276935577,1205.613385032976,651.4064650188877
car_38,-0.16245093941688538,-0.11761192977428436,1206.604928142738,636.3605913013536
car_38,-0.16667883098125458,-0.11524207144975662,1207.6511350056705,621.8293657464077
car_38,-0.17058244347572327,-0.11328063905239105,1210.8250857452158,610.194409592623
car_38,-0.1735100895166397,-0.11189751327037811,1211.741789392816,600.80018587034
car_38,-0.17515163123607635,-0.11114764958620071,1212.0707370629752,595.4387660515061
car_38,-0.17567802965641022,-0.11091061681509018,1212.1762736063074,593.7186574556409
car_38,-0.17579935491085052,-0.11085616797208786,1212.2006166251258,593.3218978632103
car_38,-0.17582209408283234,-0.11084600538015366,1212.2051730571322,593.2476339389475
car_38,-0.17583508789539337,-0.11084017902612686,1212.2077864304376,593.2050393480607
car_38,-0.1758352369070053,-0.11084014922380447,1212.2077988067554,593.2048376301545
car_38,-0.1758352369070053,-0.11084014922380447,1212.2077988067554,593.2048376301545
car_38,-0.1758352369070053,-0.11084014922380447,1212.2077988067554,593.2048376301545
car_38,-0.1758352369070053,-0.11084014922380447,1212.2077988067554,593.2048376301545
car_38,-0.17624424397945404,-0.11065714806318283,1212.3164753492463,591.8795580112229
car_38,-0.17729434370994568,-0.110191211104393,1212.644150181511,588.498387789991
car_38,-0.17915652692317963,-0.10937649756669998,1213.5116600777028,582.6266214181843
car_38,-0.18131303787231445,-0.10843268781900406,1217.8283240263409,577.3446195318388
car_38,-0.18269015848636627,-0.10773172974586487,1225.3664530956307,576.883257945796
car_38,-0.18384456634521484,-0.10713759809732437,1233.898978238519,577.587930475659
car_38,-0.18494300544261932,-0.1065886840224266,1242.1911729264978,578.2696569262218
car_38,-0.18605585396289825,-0.1060481145977974,1250.7903111178491,578.976571496431
car_38,-0.18715791404247284,-0.105526864528656,1259.526881173639,579.6943285769863
car_38,-0.1887480914592743,-0.10480149835348129,1268.184604054265,578.7547801970675
car_38,-0.1896917074918747,-0.10437773913145065,1276.186355436674,579.4125117066137
car_38,-0.19073472917079926,-0.10391828417778015,1285.2940521213607,580.1611501986916
car_38,-0.19170738756656647,-0.10349719971418381,1294.058067936409,580.8797195141477
car_38,-0.19258958101272583,-0.10312056541442871,1302.2886238322926,581.5649153439645
car_38,-0.19352756440639496,-0.10272490978240967,1311.3298786997234,582.3176020652312
car_38,-0.1943734735250473,-0.10237131267786026,1319.7455724042482,583.0111826240432
car_38,-0.19524328410625458,-0.10201021283864975,1328.6956750210916,583.747378338517
car_38,-0.19602783024311066,-0.10168540477752686,1336.9746913200172,584.3986556079416
car_38,-0.19675731658935547,-0.10138359665870667,1344.8797860141144,585.0003866965967
car_38,-0.19754260778427124,-0.1010582447052002,1353.688905704315,585.6709316282389
car_38,-0.19829286634922028,-0.10074599087238312,1362.417982355388,586.3334598873179
car_38,-0.1989951878786087,-0.10045211017131805,1370.9335884826703,586.9959864555616
car_38,-0.19965483248233795,-0.1001734584569931,1379.2311146489596,587.6443971171443
car_38,-0.20025961101055145,-0.09991537034511566,1387.1014784263496,588.2594271491707
car_38,-0.20089079439640045,-0.09964269399642944,1395.603563914827,588.9238231108023
car_38,-0.20153765380382538,-0.09935903549194336,1404.6430826989244,589.6302168283659
car_38,-0.20213787257671356,-0.09909094870090485,1413.3495037516261,590.3105806044675
car_38,-0.2026885598897934,-0.09884066879749298,1421.6206499987404,590.9569298057423
car_38,-0.2032385915517807,-0.09858567267656326,1430.1759092999505,591.6254715736665
car_38,-0.20377084612846375,-0.09833364933729172,1438.746462975589,592.2951340079416
car_38,-0.20425432920455933,-0.09809975326061249,1446.7980643966096,592.9242479732085
car_38,-0.20474328100681305,-0.09785784035921097,1455.2123836837943,593.5817029930213
car_38,-0.20524083077907562,-0.09760583937168121,1464.0552973205074,594.2681977368001
car_38,-0.2057754248380661,-0.09731347113847733,1471.3804425524345,593.9645334559683
car_38,-0.20682358741760254,-0.09667268395423889,1475.1387211632716,588.192788367284
car_38,-0.20792652666568756,-0.09595955908298492,1475.9640334384646,579.5113930235639
car_38,-0.2088543325662613,-0.09529086947441101,1476.5923278034645,571.5228522968591
car_38,-0.20981842279434204,-0.09450218081474304,1477.3038140074184,562.4765567491114
car_38,-0.21072126924991608,-0.09353800863027573,1477.9486637189996,554.2775206435294
car_38,-0.21159441769123077,-0.09234127402305603,1478.5706317208599,546.3694173875535
car_38,-0.212488055229187,-0.09080295264720917,1479.2381092705634,537.8826763199834
car_38,-0.21332983672618866,-0.08899912238121033,1479.8796389741178,529.5732593946707
car_38,-0.21414314210414886,-0.0868893563747406,1480.5151150778672,521.2824364452351
car_38,-0.21494819223880768,-0.08442166447639465,1481.1652864156808,512.7998901829806
car_38,-0.21576066315174103,-0.08153322339057922,1481.845006609201,503.894427648534
car_38,-0.21648964285850525,-0.07859605550765991,1482.4832578330102,495.52786589185814
car_38,-0.217241570353508,-0.07523166388273239,1483.1786480381293,486.4150934615579
car_38,-0.21790467202663422,-0.07202485203742981,1483.8314839684529,477.8949184117238
car_38,-0.21857768297195435,-0.0686432421207428,1484.5309289712347,468.7664474060281
car_38,-0.21917560696601868,-0.06569134443998337,1485.1744965768087,460.36723345164893
car_38,-0.2197740525007248,-0.06298601627349854,1485.8183207599832,451.96467089777144
car_38,-0.22042153775691986,-0.060319237411022186,1486.514865023101,442.8740575046285
car_38,-0.22093091905117035,-0.05788378044962883,1487.1667858225233,434.36069291622977
car_38,-0.22151856124401093,-0.05612283945083618,1487.8074875861437,425.97072121831826
car_38,-0.2222372442483902,-0.05494464561343193,1488.4530364513994,417.51727685988715
car_38,-0.22276736795902252,-0.054473064839839935,1488.859269557167,412.19446891582845
car_38,-0.22365982830524445,-0.0540904775261879,1490.113850184113,404.6105697434814
car_38,-0.2245771735906601,-0.053947098553180695,1495.2496746320176,398.9932737554737
car_38,-0.22506307065486908,-0.05385170504450798,1503.9296306494014,398.012950056965
car_38,-0.2253134548664093,-0.053757209330797195,1512.2167563243167,398.6432979486823
car_38,-0.225582554936409,-0.05367036163806915,1521.012864228298,399.3113567768327
car_38,-0.2258300632238388,-0.053602494299411774,1529.0155092046602,399.9191525978223
car_38,-0.22608327865600586,-0.053543876856565475,1537.1154308057494,400.5343365168924
car_38,-0.2263319045305252,-0.05349598824977875,1544.9904017501906,401.1324355759638
car_38,-0.22661885619163513,-0.05345147103071213,1553.993650518266,401.81622662164045
car_38,-0.22687268257141113,-0.05342070013284683,1561.8859745956393,402.4156436401751
car_38,-0.22715456783771515,-0.05339519679546356,1570.5770895629175,403.07572832123424
car_38,-0.22741563618183136,-0.05337882041931152,1578.566476602632,403.68251721032647
car_38,-0.22769974172115326,-0.053368281573057175,1587.1924055071418,404.3376510511753
car_38,-0.2279862016439438,-0.053364578634500504,1595.8329066281624,404.9938916426453
car_38,-0.22829070687294006,-0.05336751043796539,1604.9586551484103,405.6869864669679
car_38,-0.22856339812278748,-0.05337563902139664,1613.0854863478655,406.3042141530025
car_38,-0.22885063290596008,-0.05338934063911438,1621.5980236988487,406.94983752840557
car_38,-0.22916053235530853,-0.05340936407446861,1630.734105971474,407.64219939411254
car_38,-0.22943291068077087,-0.05343113839626312,1638.731718727751,408.2482843574375
car_38,-0.22998005151748657,-0.05357006937265396,1647.7134369411865,407.60551213309043
car_38,-0.2308448851108551,-0.0538821779191494,1655.430155564459,404.9536969722456
car_38,-0.2318301647901535,-0.05425959825515747,1663.7760313754018,401.91264078796945
car_38,-0.23280256986618042,-0.05465023219585419,1671.910378316319,398.94515908497243
car_38,-0.23376305401325226,-0.05505358427762985,1679.9072167703926,396.0278416940806
car_38,-0.2348366230726242,-0.055565617978572845,1685.5745752967837,391.91819495946976
car_38,-0.2361530214548111,-0.05646318942308426,1685.1202501138987,384.89951296129
car_38,-0.2376115620136261,-0.0576164647936821,1688.071510821427,377.8106553290347
car_38,-0.23927254974842072,-0.059049349278211594,1691.4886459311967,369.41478888141097
car_38,-0.24017925560474396,-0.060702353715896606,1694.0456404016168,361.2380708043239
car_38,-0.23974813520908356,-0.06278100609779358,1696.5285395233366,353.29829370781164
car_38,-0.2394029200077057,-0.06445903331041336,1698.6294488031072,346.11449429753435
car_38,-0.23920901119709015,-0.0652959793806076,1699.3197542449236,342.04644975081095
car_38,-0.23897527158260345,-0.06639604270458221,1699.2967940218596,336.48629383215643
car_38,-0.23871882259845734,-0.0677696019411087,1698.790473842953,329.39507785111005
car_38,-0.23846851289272308,-0.06931281834840775,1695.6911889759717,321.01348638431983
car_38,-0.23842354118824005,-0.06945937871932983,1687.4288223415854,319.0804280240902
car_38,-0.23841404914855957,-0.06934989988803864,1678.9837277652575,318.4300168229376
car_38,-0.23840424418449402,-0.06923039257526398,1669.9120287518615,317.73313428417265
car_38,-0.23839490115642548,-0.06910838186740875,1660.7905483754105,317.0332781573789
car_38,-0.23838651180267334,-0.06899109482765198,1652.1384727665652,316.36953167631134
car_38,-0.23834128677845,-0.06912874430418015,1644.4049544957572,314.56660367928436
car_38,-0.2383321076631546,-0.06900504231452942,1635.3415586730148,313.8674070453598
car_38,-0.23832328617572784,-0.06888091564178467,1626.380012608077,313.1760676218249
car_38,-0.23831523954868317,-0.06876011937856674,1617.76954414058,312.511812116854
car_38,-0.23830769956111908,-0.06863847374916077,1609.2135780359256,311.8515250235644
car_38,-0.2383071333169937,-0.06846801936626434,1600.3045746597697,311.36567895980863
car_38,-0.238339364528656,-0.06813447177410126,1592.4298362302802,311.79812474559935
car_38,-0.23833569884300232,-0.06798580288887024,1583.2761478530078,311.14473293913494
car_38,-0.2383325845003128,-0.06785233318805695,1575.1599523687732,310.5653975487988
car_38,-0.23832961916923523,-0.06770296394824982,1566.2102457127778,309.9265659916959
car_38,-0.2383272498846054,-0.06755872070789337,1557.6801066475384,309.31768323935444
car_38,-0.23832526803016663,-0.06741830706596375,1549.4805331270493,308.7323963108533
car_38,-0.238323375582695,-0.06726931035518646,1540.8916806245131,308.1193225835433
car_38,-0.23832179605960846,-0.06712886691093445,1532.897342549688,307.54868539546
car_38,-0.23832039535045624,-0.06697036325931549,1523.984783945945,306.9125054725364
car_38,-0.23831912875175476,-0.06681941449642181,1515.6007013625167,306.31404825628084
car_38,-0.2383182942867279,-0.06670063734054565,1509.100387255024,305.8522347227317
car_38,-0.2383185625076294,-0.06663471460342407,1505.6633795494763,305.6202894174493
car_38,-0.23831862211227417,-0.06653668731451035,1500.55837706472,305.27294550647923
car_38,-0.23831938207149506,-0.06639288365840912,1493.249743537711,304.78640839759004
car_38,-0.23832376301288605,-0.06620511412620544,1484.6033064718126,304.2795915506692
car_38,-0.23831970989704132,-0.06605757772922516,1476.2103031376164,303.62846766710794
car_38,-0.23831045627593994,-0.0659003034234047,1468.216570621566,303.0065889624557
car_38,-0.23829054832458496,-0.06569904834032059,1459.7176475743022,302.3454085633169
car_38,-0.23827160894870758,-0.06549902260303497,1451.3443573051154,301.6905395529255
car_38,-0.23825180530548096,-0.06528133153915405,1442.330930423581,300.9844381549384
car_38,-0.23823405802249908,-0.06508002430200577,1434.0739930829636,300.33531652486903
car_38,-0.23822714388370514,-0.06478513032197952,1425.1381483647265,299.8914599063601
car_38,-0.23826347291469574,-0.06427639722824097,1416.6822661260583,300.2946628127303
car_38,-0.2382572442293167,-0.0640542060136795,1408.7692634668422,299.79207323224983
car_38,-0.23825185000896454,-0.06379437446594238,1399.619907014789,299.2102911030466
car_38,-0.23824839293956757,-0.063565194606781,1391.6308172106737,298.70108550290803
car_38,-0.23801150918006897,-0.06339611113071442,1383.1544793704215,298.1598946662885
car_38,-0.23805640637874603,-0.0635412186384201,1378.8852697990394,296.8297234155352
car_38,-0.23799017071723938,-0.06364121288061142,1371.9616263433923,295.34824844224767
car_38,-0.23765318095684052,-0.06350815296173096,1363.8034687763218,294.8466427376722
car_38,-0.23725827038288116,-0.06334836781024933,1354.7699792384915,294.36772988212203
car_38,-0.2369130253791809,-0.06323450803756714,1346.1383188615694,293.73107200536407
car_38,-0.23658980429172516,-0.06313188374042511,1338.1630523180763,293.1428287193174
car_38,-0.23623208701610565,-0.06302283704280853,1329.4497526763691,292.50014925705807
car_38,-0.23589475452899933,-0.06292428076267242,1321.332773799848,291.90138552028395
car_38,-0.235555961728096,-0.06282977759838104,1313.2736856048177,291.30661886382416
car_38,-0.2351778745651245,-0.06272991001605988,1304.3739367445833,290.6472967671082
car_38,-0.23481665551662445,-0.06263995170593262,1295.9575127911364,290.0219401363977
car_38,-0.2344466596841812,-0.0625533014535904,1287.425778933179,289.388413209832
car_38,-0.23406392335891724,-0.06246926635503769,1278.7075448112273,288.744785187406
car_38,-0.233668252825737,-0.062388982623815536,1269.7806147417507,288.0859773539139
car_38,-0.2332695871591568,-0.06229431927204132,1261.6483935176818,287.64210646608313
car_38,-0.23282428085803986,-0.0621941015124321,1252.7567333664913,287.1849896092226
car_38,-0.23240354657173157,-0.062108710408210754,1244.4121485190763,286.75599768506027
car_38,-0.23197041451931,-0.06206914037466049,1235.839903291547,286.31530182759195
car_38,-0.23154453933238983,-0.062049224972724915,1227.4494132829766,285.8839499366041
car_38,-0.23111891746520996,-0.06205396354198456,1218.4823888353858,285.2806002965406
car_38,-0.23073513805866241,-0.062067724764347076,1210.3432834861776,284.7130983613633
car_38,-0.23030413687229156,-0.0620914101600647,1201.254650167552,284.08186568465476
car_38,-0.2301252782344818,-0.06221675127744675,1193.4736420628553,282.6722567258058
car_38,-0.2302652895450592,-0.06250496953725815,1185.8970538623366,279.87157657120747
car_38,-0.22989441454410553,-0.06254778802394867,1177.7712387920535,279.21571996100727
car_38,-0.2295118123292923,-0.06260021030902863,1169.399835912666,278.53623666790406
car_38,-0.2290925234556198,-0.06266780197620392,1160.252100721397,277.7929831836135
car_38,-0.2286725640296936,-0.06274532526731491,1151.1462200896342,277.06038727219055
car_38,-0.22827403247356415,-0.06282943487167358,1142.5375231040348,276.3700456658042
car_38,-0.22785547375679016,-0.06293077021837234,1133.4710689774658,275.63668916586766
car_38,-0.22747278213500977,-0.06303556263446808,1125.1742668031563,274.962176994934
car_38,-0.22705160081386566,-0.06316474080085754,1116.040882635698,274.2196525073863
car_38,-0.22667378187179565,-0.06329338252544403,1107.8596333717285,273.5578208759218
car_38,-0.2262597531080246,-0.06344912946224213,1098.9040629311858,272.8373368589271
car_38,-0.22584226727485657,-0.06362374126911163,1089.8535646409043,272.1092158076464
car_38,-0.2254342883825302,-0.06381276994943619,1080.9844751470787,271.3956892636902
car_38,-0.2250349074602127,-0.06401680409908295,1072.2788064219171,270.69510123918394
car_38,-0.22464756667613983,-0.06423435360193253,1063.7848674911572,270.0076421530613
car_38,-0.22428001463413239,-0.06445959210395813,1055.6995361681497,269.35496259420563
car_38,-0.22390930354595184,-0.06470733880996704,1047.487355691793,268.68671601790095
car_38,-0.22335867583751678,-0.06500757485628128,1038.4019384210021,268.7143346435631
car_38,-0.22265444695949554,-0.06534090638160706,1030.4949254625753,270.03994984693014
car_38,-0.2222253382205963,-0.06572048366069794,1021.7766634292396,269.63214328050464
car_38,-0.2218734472990036,-0.0660964697599411,1013.521478390832,268.95190236015554
car_38,-0.22151415050029755,-0.06651037931442261,1005.0321225959689,268.252365381614
car_38,-0.2213057428598404,-0.06676532328128815,1000.0723573092095,267.8429555034358
car_38,-0.22057487070560455,-0.06742021441459656,993.3903352583374,270.17940662366055
car_38,-0.21935003995895386,-0.06887204945087433,987.6475573965129,276.75132410758357
car_38,-0.21847419440746307,-0.07052664458751678,980.8159808307859,281.20037517118936
car_38,-0.21840231120586395,-0.07079977542161942,973.0975895146264,278.87365913657806
car_38,-0.21832741796970367,-0.07108015567064285,965.2803488766301,276.51870328290954
car_38,-0.2182372510433197,-0.07140594720840454,956.4982024154976,273.9014390909004
car_38,-0.21815118193626404,-0.07170840352773666,948.544425554626,271.5470794700006
car_38,-0.2180551141500473,-0.07204039394855499,939.9346398906978,269.000536852554
car_38,-0.217965230345726,-0.0723455399274826,932.1136743553202,266.6877908364491
car_38,-0.21786271035671234,-0.0726877897977829,923.4454781688328,264.1245093456368
car_38,-0.21775799989700317,-0.07303109019994736,914.8583852329584,261.5852109831096
car_38,-0.2176588624715805,-0.07335031032562256,906.9636186671516,259.25064118599744
car_38,-0.2175736427307129,-0.07362323254346848,900.2036116066057,257.2375398321993
car_38,-0.21761052310466766,-0.07367751002311707,892.7146156054699,253.96701679471224
car_38,-0.21773289144039154,-0.07361016422510147,884.9360468777658,249.9503143783783
car_38,-0.2176799178123474,-0.07385914027690887,876.8397382086082,247.12845499630578
car_38,-0.2175702601671219,-0.07419221103191376,869.0586037926145,244.82832762140566
car_38,-0.21744807064533234,-0.07455635815858841,860.6477299593791,242.34204732905
car_38,-0.21733394265174866,-0.0748906061053276,853.0189871915748,240.08696739620225
car_38,-0.2172164022922516,-0.07522916048765182,845.3739557167095,237.82662499782194
car_38,-0.2170865386724472,-0.07559654861688614,837.1644653045869,235.3975285296143
car_38,-0.2169446498155594,-0.07599044591188431,828.4720747722052,232.82593343020844
car_38,-0.2171390950679779,-0.07587030529975891,821.3596987217863,228.53461084393265
car_38,-0.21742458641529083,-0.07561679929494858,817.6410622613354,225.10253733940192
car_38,-0.21673114597797394,-0.07659203559160233,814.744663284821,228.62165481717543
car_38,-0.21598194539546967,-0.07792139053344727,813.2716211082743,233.50614140580305
car_38,-0.21505434811115265,-0.0801088884472847,811.3049399444313,240.1214423574944
car_38,-0.2134750932455063,-0.08295974135398865,808.6502839333575,249.03512478225952
car_38,-0.2115875780582428,-0.08648711442947388,805.514144994012,259.56032241709835
car_38,-0.20948557555675507,-0.0903804674744606,801.9397743061206,271.55402982765
car_38,-0.2070109248161316,-0.09404608607292175,797.6863123346062,285.82246135027566
car_38,-0.2044447362422943,-0.0964357852935791,793.4412823570713,300.12756785337245
car_38,-0.20166344940662384,-0.09778396040201187,789.4908334332611,313.7271098049517
car_38,-0.19746875762939453,-0.10022352635860443,785.237918499101,328.30144543263305
car_38,-0.19249115884304047,-0.10377699881792068,781.0144438632605,342.49587394176086
car_38,-0.18691609799861908,-0.1081029549241066,776.9272731100322,356.44596986610054
car_38,-0.1810733526945114,-0.11279522627592087,772.7958557635106,370.70650879443974
car_38,-0.17592091858386993,-0.11665767431259155,768.6141674765471,385.1405694570915
car_38,-0.17066065967082977,-0.1204240694642067,764.5232068507088,399.26146269199813
car_38,-0.16639547049999237,-0.12490160018205643,760.4840276127851,413.2036205351043
car_38,-0.16267120838165283,-0.1300356537103653,756.4176898497319,427.23952228553355
car_38,-0.15943124890327454,-0.13542576134204865,752.3643304340185,441.24152291989105
car_38,-0.15670089423656464,-0.14069536328315735,748.4038457492302,454.871806509294
car_38,-0.15291889011859894,-0.14796647429466248,744.2862062690762,468.79797593931977
car_38,-0.14830562472343445,-0.15436559915542603,740.4886780217622,481.604239079897
car_38,-0.1450434923171997,-0.15750299394130707,737.769103610502,490.65668554332836
car_38,-0.14195898175239563,-0.15972338616847992,733.4437817948136,498.19924601670823
car_38,-0.14009878039360046,-0.16089126467704773,725.312248968735,499.38627214338015
car_38,-0.13910013437271118,-0.1615300178527832,716.8270915524597,497.4574395711637
car_38,-0.13819590210914612,-0.16210605204105377,708.0518143365828,494.9646370723252
car_38,-0.1372600495815277,-0.16280187666416168,699.4536366274159,492.4851219145818
car_38,-0.13633471727371216,-0.16351035237312317,691.2865992314753,490.129937629951
car_38,-0.13533705472946167,-0.16427813470363617,682.7724379445016,487.67369201165667
car_38,-0.1342683583498001,-0.16510970890522003,673.9557153209942,485.12409430061643
car_38,-0.1331912875175476,-0.16596028208732605,665.38344937251,482.6451879570721
car_38,-0.13215240836143494,-0.16679838299751282,657.2745313852754,480.2592960189601
car_38,-0.1310417205095291,-0.16771668195724487,648.7284839903408,477.6905773256476
car_38,-0.1299186646938324,-0.1686616688966751,640.4687889541348,475.2486824156771
car_38,-0.1288294494152069,-0.16959688067436218,632.7026243052316,472.9624132952749
car_38,-0.12766790390014648,-0.17061567306518555,624.6141654399577,470.5790140829742
car_38,-0.12643161416053772,-0.1717236340045929,616.1915401427744,468.0971471620708
car_38,-0.12549063563346863,-0.17263856530189514,608.3716687428147,465.24083773427964
car_38,-0.12464434653520584,-0.17356055974960327,600.269226885652,461.9125404172512
car_38,-0.12376466393470764,-0.1745559275150299,592.3566680420062,458.7022643588688
car_38,-0.12278372794389725,-0.1755830943584442,584.5320400085436,456.02426145802036
car_38,-0.12169218808412552,-0.1766553670167923,575.8054907918279,453.47607772447805
car_38,-0.12075100094079971,-0.1775568574666977,568.2127669106304,451.25897506375105
car_38,-0.11911527812480927,-0.17836689949035645,560.0268984838059,448.8442809001205
car_38,-0.11728997528553009,-0.17903631925582886,551.8031427096915,446.4105780971155
car_38,-0.11549985408782959,-0.1795930713415146,543.419096418629,443.92943961008643
car_38,-0.11375526338815689,-0.18002218008041382,534.8121761967449,441.3823447735432
car_39,-0.232132688164711,-0.0631822943687439,1200.4746332213938,275.67275346900533
car_39,-0.23224104940891266,-0.06319370865821838,1202.7888579874752,275.84560605955835
car_39,-0.2324637621641159,-0.06321914494037628,1207.5584015750694,276.2018497472737
car_39,-0.23276548087596893,-0.0632578432559967,1214.0490306999748,276.6866436510475
car_39,-0.23307281732559204,-0.06330135464668274,1220.7224096046227,277.1900670522786
car_39,-0.23325826227664948,-0.06333004683256149,1224.7648265124103,277.4936047171922
car_39,-0.23330503702163696,-0.06333819031715393,1225.7667815858576,277.5646653606991
car_39,-0.23332078754901886,-0.06334097683429718,1226.1044350864793,277.58861241748076
car_39,-0.2333216816186905,-0.06334113329648972,1226.1235545282364,277.58996840625787
car_39,-0.23334677517414093,-0.0632900595664978,1228.558156300127,278.1543161827474
car_39,-0.23321247100830078,-0.0630602017045021,1232.7699942168986,279.9188923497339
car_39,-0.23253601789474487,-0.06241421401500702,1237.0509435747747,284.1177303774222
car_39,-0.23115098476409912,-0.061500903218984604,1239.928768216188,291.1694837901162
car_39,-0.22922207415103912,-0.06054065749049187,1239.6374863795709,300.0039074192828
car_39,-0.22696508467197418,-0.05967734381556511,1238.6780737436907,310.75766074468595
car_39,-0.22482626140117645,-0.05923520028591156,1237.8512065743291,322.08101134996576
car_39,-0.22289879620075226,-0.05946382135152817,1236.983019125839,333.9702134305698
car_39,-0.2212730050086975,-0.06070985645055771,1236.080207304009,346.3335713772483
car_39,-0.22003690898418427,-0.06313664466142654,1235.2068202645053,358.29397811348986
car_39,-0.2190464586019516,-0.06659728288650513,1234.3729946900755,369.71261906667877
car_39,-0.21778495609760284,-0.07046972960233688,1233.3909801800496,382.1711969596364
car_39,-0.21666373312473297,-0.0745021253824234,1232.4927438759441,393.6304041727918
car_39,-0.21554680168628693,-0.0786297470331192,1231.662921347275,404.8857072360646
car_39,-0.21439270675182343,-0.08262921869754791,1230.8366682963629,416.0925956654316
car_39,-0.21318334341049194,-0.08628960698843002,1230.002327537115,427.4091817774473
car_39,-0.21181441843509674,-0.0896235927939415,1229.0866066483713,439.82956778541643
car_39,-0.2104106843471527,-0.09212031215429306,1228.1796211244323,452.13147161816596
car_39,-0.20900984108448029,-0.09384981542825699,1227.3270212860593,463.69571486421773
car_39,-0.20761463046073914,-0.09487563371658325,1225.9700026698638,474.98396894058396
car_39,-0.20604307949543,-0.09584353864192963,1225.7853098982262,486.7826941543082
car_39,-0.20403386652469635,-0.09704750031232834,1225.588088443315,498.71657922492295
car_39,-0.20163831114768982,-0.09843718260526657,1224.716007632184,510.3355144762532
car_39,-0.1989317387342453,-0.09990769624710083,1223.841054352582,521.9927202923651
car_39,-0.19590121507644653,-0.10144590586423874,1222.3406169290404,533.3680022556896
car_39,-0.19226904213428497,-0.10319667309522629,1219.5762497530106,545.0507856649351
car_39,-0.18856611847877502,-0.10494426637887955,1218.7759901411985,556.626884709041
car_39,-0.18463096022605896,-0.10682002454996109,1217.822498393158,567.8875166652477
car_39,-0.1806182712316513,-0.10873261839151382,1216.7451523944844,579.1926649252493
car_39,-0.17680548131465912,-0.11038462817668915,1215.5616273399658,591.505963565008
car_39,-0.17318493127822876,-0.11201968789100647,1214.791101150034,603.3239776795837
car_39,-0.16956499218940735,-0.1137247383594513,1215.236717061019,615.6960259028442
car_39,-0.166214719414711,-0.11538446694612503,1215.4915750093007,627.1303336935015
car_39,-0.16256940364837646,-0.1173611655831337,1214.6119974035023,639.4746226554142
car_39,-0.1602194756269455,-0.11964768171310425,1213.8152512163401,650.7185799671659
car_39,-0.1582459807395935,-0.12197398394346237,1212.4401604549878,660.3893046663374
car_39,-0.15722046792507172,-0.1233501210808754,1211.4778174058085,665.5761705924217
car_39,-0.15588246285915375,-0.1253676563501358,1208.9000704350474,672.1074722141764
car_39,-0.15458640456199646,-0.12767446041107178,1202.1417647123444,676.9947264755817
car_39,-0.1541389524936676,-0.12866126000881195,1195.6697636962233,676.9412009355145
car_39,-0.15377074480056763,-0.1295432448387146,1189.0616800798812,676.3861228887982
car_39,-0.15339285135269165,-0.13048280775547028,1182.0826362783803,675.8057108285387
car_39,-0.15300413966178894,-0.13148561120033264,1174.6663945599114,675.1889392108748
car_39,-0.15268394351005554,-0.1323397159576416,1168.36092542079,674.6645449760724
car_39,-0.1523534059524536,-0.1332474797964096,1161.6549589221058,674.1068433851044
car_39,-0.15205463767051697,-0.1340918391942978,1155.395212195075,673.5825069570396
car_39,-0.15176460146903992,-0.1349324733018875,1149.1332669080564,673.0569022875069
car_39,-0.15148308873176575,-0.1357675939798355,1142.8785283364796,672.5329438199658
car_39,-0.15116830170154572,-0.13672468066215515,1135.657362748131,671.9289429807916
car_39,-0.15088912844657898,-0.13759469985961914,1129.0331601167804,671.374873987463
car_39,-0.1506357491016388,-0.13840198516845703,1122.8251219989254,670.8544637428932
car_39,-0.15038864314556122,-0.1392066925764084,1116.5743429538454,670.3281795396886
car_39,-0.15013745427131653,-0.14004398882389069,1110.005592105479,669.776372744743
car_39,-0.14986667037010193,-0.14096897840499878,1102.675883905712,669.165958052832
car_39,-0.14960713684558868,-0.14188125729560852,1095.3636330068296,668.5567937822042
car_39,-0.14937685430049896,-0.14271453022956848,1088.6084176697586,667.99156147849
car_39,-0.1491727977991104,-0.14347410202026367,1082.3948531583333,667.4716509785544
car_39,-0.14862817525863647,-0.1448897421360016,1075.2699503434353,666.8768610615438
car_39,-0.14785681664943695,-0.14656847715377808,1068.5899530613854,666.3245808798138
car_39,-0.1470590978860855,-0.14817191660404205,1061.6360042033123,665.7436269238801
car_39,-0.14625656604766846,-0.14965234696865082,1054.5926635476528,665.1552049063465
car_39,-0.14543524384498596,-0.1510339379310608,1047.3333132292103,664.5496886562445
car_39,-0.14463649690151215,-0.1522548794746399,1040.2182029145042,663.9572824512514
car_39,-0.14388075470924377,-0.1533048301935196,1033.4321565344642,663.3918463778721
car_39,-0.14316758513450623,-0.15420788526535034,1026.9813022465057,662.8542751872088
car_39,-0.14241692423820496,-0.15507292747497559,1020.1408929171431,662.2824600788698
car_39,-0.14174127578735352,-0.1557822823524475,1013.911004873972,661.7428693912896
car_39,-0.14143811166286469,-0.156136617064476,1007.4261616159956,659.4149898988264
car_39,-0.14252695441246033,-0.15522855520248413,1004.8873106767443,653.2136526725891
car_39,-0.14416518807411194,-0.15354563295841217,1005.2427211168285,646.4394089826022
car_39,-0.14634133875370026,-0.15076030790805817,1006.0070265546294,637.9153359141476
car_39,-0.1492328643798828,-0.14595690369606018,1007.0533026688256,627.0318226849741
car_39,-0.15118364989757538,-0.14173080027103424,1008.1835702069384,615.3562163902554
car_39,-0.15258559584617615,-0.13854610919952393,1009.0134846266401,603.8804776721356
car_39,-0.15425463020801544,-0.135029599070549,1009.892432662382,591.8464392487027
car_39,-0.1558397114276886,-0.13196314871311188,1010.7227329553438,581.700852107306
car_39,-0.1574743688106537,-0.12908872961997986,1011.469582233075,572.2055876326225
car_39,-0.15850600600242615,-0.12743107974529266,1011.6589175339456,566.5132217761569
car_39,-0.15893760323524475,-0.12687398493289948,1008.5371562963138,562.7441183234304
car_39,-0.15864495933055878,-0.12748317420482635,1003.5765544178231,562.0410733069594
car_39,-0.1581459641456604,-0.1285148710012436,996.2515217744209,561.4201284614771
car_39,-0.1576925665140152,-0.12949024140834808,989.4304457425461,560.8443233419033
car_39,-0.15727409720420837,-0.13042370975017548,982.9728528715762,560.2992018657824
car_39,-0.15681254863739014,-0.13149043917655945,975.6619881539278,559.6830378754998
car_39,-0.15635620057582855,-0.1325843334197998,968.2212493200559,559.0563390272386
car_39,-0.15594466030597687,-0.13360446691513062,961.314634826582,558.4746269896192
car_39,-0.15556760132312775,-0.13456785678863525,954.8126724669673,557.9269969204572
car_39,-0.1551714539527893,-0.1356096714735031,947.79000648175,557.3355104050826
car_39,-0.15482737123966217,-0.13653907179832458,941.5246429344439,556.8074572457373
car_39,-0.154445618391037,-0.1375986635684967,934.3734257008231,556.202917110604
car_39,-0.15410739183425903,-0.13856066763401031,927.8923044423836,555.667238605138
car_39,-0.15385521948337555,-0.13935260474681854,921.4921667338892,554.5954982117149
car_39,-0.15372993052005768,-0.13990195095539093,914.6047580870412,552.3858471101993
car_39,-0.15363341569900513,-0.14039123058319092,907.7672107239733,549.989188855036
car_39,-0.15345463156700134,-0.14103931188583374,901.4866298363819,548.4759595511526
car_39,-0.15320473909378052,-0.14187657833099365,894.5634919045976,547.2375918533804
car_39,-0.15298248827457428,-0.1426323652267456,888.3115014520725,546.1192748272755
car_39,-0.15272770822048187,-0.14351028203964233,881.0459329779153,544.8196552915962
car_39,-0.15209291875362396,-0.14498963952064514,874.8717213350114,543.715368359896
car_39,-0.15145432949066162,-0.14639230072498322,868.725459114688,542.6164911750503
car_39,-0.15078383684158325,-0.14777407050132751,862.3208478649566,541.4714243152498
car_39,-0.15013201534748077,-0.14903169870376587,856.0730607429797,540.3296940769326
car_39,-0.14951618015766144,-0.150175079703331,849.013310171206,538.5922476745335
car_39,-0.1489499807357788,-0.1511581540107727,842.5756593403707,537.0079037005896
car_39,-0.14839518070220947,-0.1520693004131317,835.9647380964271,535.2694682584726
car_39,-0.14801272749900818,-0.15269789099693298,829.9346887993945,533.2324368727859
car_39,-0.14759226143360138,-0.15335452556610107,823.3708265526063,531.0150763257318
car_39,-0.14717161655426025,-0.15397675335407257,816.8787016600304,528.8219496173842
car_39,-0.1467677503824234,-0.15454363822937012,810.7125168964728,526.7389298484595
car_39,-0.14633575081825256,-0.1551184356212616,804.1962586118435,524.5376505571671
car_39,-0.14586271345615387,-0.1557135283946991,797.1394876648048,522.150870599146
car_39,-0.1453956812620163,-0.15627121925354004,790.0923546305587,519.7252868874918
car_39,-0.14501704275608063,-0.15670523047447205,784.197984386067,517.6361858685028
car_39,-0.144610196352005,-0.15715104341506958,777.9207296608793,515.404667687083
car_39,-0.14421071112155914,-0.1575688272714615,771.8463340641086,513.2452644433465
car_39,-0.1438092291355133,-0.15796875953674316,765.9470934730914,511.17437362848784
car_39,-0.1432599425315857,-0.15847554802894592,758.8768270591834,508.8949794153288
car_39,-0.14271587133407593,-0.15895140171051025,751.9967331750768,506.6768952205699
car_39,-0.14223888516426086,-0.15933960676193237,746.6987337405042,505.13890231934755
car_39,-0.14203870296478271,-0.15949475765228271,744.6918190264911,504.6148560921502
car_39,-0.1419992446899414,-0.15952500700950623,744.3022189044218,504.51508045113246
car_39,-0.1419868767261505,-0.15953439474105835,744.1811515259114,504.4840753907822
car_39,-0.14198066294193268,-0.1595391184091568,744.1204086326271,504.4685192839655
car_39,-0.14198052883148193,-0.1595391482114792,744.119743316017,504.46834889800436
car_39,-0.14198052883148193,-0.1595391482114792,744.119743316017,504.46834889800436
car_39,-0.14198052883148193,-0.1595391482114792,744.119743316017,504.46834889800436
car_39,-0.14198052883148193,-0.1595391482114792,744.119743316017,504.46834889800436
car_39,-0.1418302357196808,-0.15965723991394043,742.38579492347,503.93724412168393
car_39,-0.14161674678325653,-0.15983343124389648,739.2472855525801,502.7759956544547
car_39,-0.14187867939472198,-0.15975140035152435,734.6867798431497,499.20094885498634
car_39,-0.14399752020835876,-0.15836618840694427,734.0744478720492,491.9136730904441
car_39,-0.14740365743637085,-0.1553928554058075,736.8963303922786,482.47726977222396
car_39,-0.15132823586463928,-0.1505480706691742,740.113849515335,471.617652853845
car_39,-0.15545187890529633,-0.14342981576919556,743.5169921144934,460.1315284418257
car_39,-0.1576015055179596,-0.13900592923164368,746.8472567835164,448.77080437568475
car_39,-0.15988343954086304,-0.1347343921661377,750.0292361035779,437.77244682263324
car_39,-0.1623949259519577,-0.13056913018226624,753.1535728656271,426.97521004162644
car_39,-0.16526132822036743,-0.12645436823368073,756.3567975970269,415.9200004608983
car_39,-0.16844388842582703,-0.12258581072092056,759.5952421041072,404.7432377472545
car_39,-0.1723574846982956,-0.11927499622106552,762.900866224989,393.334619708929
car_39,-0.17656776309013367,-0.11624205857515335,766.1878379453896,381.9903762349238
car_39,-0.1804327517747879,-0.11333679407835007,769.3230074080411,371.17004410494366
car_39,-0.18472102284431458,-0.10988739877939224,772.5067289202831,360.1821454978025
car_39,-0.18918554484844208,-0.10634011030197144,774.6866529792901,349.15334735385596
car_39,-0.19322793185710907,-0.10324649512767792,775.743313867711,337.78244799130016
car_39,-0.1970207542181015,-0.10053786635398865,778.9663599344935,326.93796884277396
car_39,-0.19992215931415558,-0.09873872250318527,781.6973452377125,317.6057986505885
car_39,-0.20128019154071808,-0.09801612794399261,782.4570740119007,312.2944375278406
car_39,-0.2016647905111313,-0.0978364497423172,779.1438306939621,308.75304563779474
car_39,-0.20150993764400482,-0.09794145822525024,774.1040270798728,307.11834362965453
car_39,-0.20126840472221375,-0.09810079634189606,767.4437125687706,305.12822796874605
car_39,-0.20101886987686157,-0.0982673242688179,760.7263048486305,303.12999922580735
car_39,-0.20078743994235992,-0.09842362254858017,754.5876734053464,301.3020254453863
car_39,-0.2005559504032135,-0.09858182817697525,748.5438158788629,299.5022736288638
car_39,-0.20030252635478973,-0.09875495731830597,742.1605970684989,297.60140614323655
car_39,-0.20000353455543518,-0.09895074367523193,735.38871709087,295.58172264113665
car_39,-0.19969092309474945,-0.0991579070687294,728.435304612599,293.50789786691547
car_39,-0.1993991583585739,-0.09935368597507477,722.0588740154965,291.6061554081305
car_39,-0.19905857741832733,-0.09958305954933167,715.0554783256106,289.57200581292705
car_39,-0.19855962693691254,-0.09990076720714569,708.5348165644458,288.3280962468552
car_39,-0.19778938591480255,-0.10039043426513672,701.4861783501492,287.7656939018013
car_39,-0.19698607921600342,-0.10092577338218689,694.3568686419959,287.1968548755127
car_39,-0.1962159425020218,-0.10146213322877884,687.717260706359,286.66708856325306
car_39,-0.19545815885066986,-0.1020108312368393,681.3569461395005,286.1596067321631
car_39,-0.1946112960577011,-0.10264794528484344,674.4337986988908,285.607229549213
car_39,-0.19369326531887054,-0.1033654510974884,667.1316520699964,285.02476900242874
car_39,-0.19279353320598602,-0.10409438610076904,660.162290778738,284.46885329780827
car_39,-0.1918850988149643,-0.10485471040010452,653.2970388804388,283.921241947651
car_39,-0.19153498113155365,-0.1051541119813919,650.6975135540007,283.7151364896917
car_39,-0.19182361662387848,-0.10493029654026031,648.5249348585326,281.8145655628912
car_39,-0.1925775110721588,-0.10431523621082306,650.5169918921767,280.49953122486613
car_39,-0.19311636686325073,-0.10387221723794937,654.6368654258426,280.82737502495456
car_39,-0.19397538900375366,-0.10318464785814285,661.3386915779416,281.36195061257126
car_39,-0.19475843012332916,-0.10257907956838608,667.5978402676311,281.86121574014004
car_39,-0.19563357532024384,-0.10192745178937912,674.777668472822,282.4339194771021
car_39,-0.19640742242336273,-0.10137446224689484,681.3002278581993,282.95291956052364
car_39,-0.1972069889307022,-0.10082696378231049,688.2281015848198,283.50406950309184
car_39,-0.19799719750881195,-0.10031046718358994,695.2814634479823,284.06520270776576
car_39,-0.1987273246049881,-0.09985537081956863,701.9970186225983,284.5994615575744
car_39,-0.19940677285194397,-0.09945102035999298,708.4325242186745,285.1114409439835
car_39,-0.19991664588451385,-0.09913943707942963,715.3087558299835,286.3481343381394
car_39,-0.2002175897359848,-0.09892973303794861,722.3333670446613,288.3566995296633
car_39,-0.200492724776268,-0.09873786568641663,729.288476480465,290.4300097188915
car_39,-0.2007249891757965,-0.09857776761054993,735.2572215051239,292.20928580228787
car_39,-0.2009686380624771,-0.09841185808181763,741.6152022425113,294.1045926076535
car_39,-0.20121651887893677,-0.0982448160648346,748.1890690156347,296.0626769933296
car_39,-0.20143820345401764,-0.09809708595275879,754.1610109978525,297.84101365721796
car_39,-0.201686829328537,-0.09793315827846527,760.9727194389194,299.8694176337698
car_39,-0.20192886888980865,-0.0977754220366478,767.7102450390377,301.87398237024706
car_39,-0.2021702080965042,-0.09761949628591537,774.5831937732513,303.9240119841111
car_39,-0.20231835544109344,-0.09752361476421356,779.0054461428431,305.26873770466045
car_39,-0.20231787860393524,-0.09748668223619461,785.2973907017448,308.29911034522786
car_39,-0.20140333473682404,-0.09792204201221466,788.6864888696964,314.6628569985745
car_39,-0.1995309442281723,-0.09893926233053207,787.1886345896087,321.6678321957821
car_39,-0.1967610865831375,-0.1006968542933464,784.5961487906743,330.45833165334886
car_39,-0.1929868906736374,-0.10340498387813568,781.4085015068736,341.1715086896824
car_39,-0.18833686411380768,-0.1069808155298233,777.9168561401175,353.0329830208485
car_39,-0.183290496468544,-0.11101479083299637,774.5036130619521,364.8117909792365
car_39,-0.1791963428258896,-0.11423885822296143,771.2420044707151,376.0699845682968
car_39,-0.1748550683259964,-0.11742644757032394,767.7774465255665,388.0287046157587
car_39,-0.17053014039993286,-0.12051770091056824,764.4219010953574,399.6111428493583
car_39,-0.16692805290222168,-0.12424995005130768,761.0280707358031,411.32573033816595
car_39,-0.16369231045246124,-0.12852153182029724,757.5854037331994,423.2088887533463
car_39,-0.16090655326843262,-0.13285750150680542,754.283078510844,434.61255778995485
car_39,-0.15841877460479736,-0.13730162382125854,750.9654351651849,446.07448044544174
car_39,-0.15634344518184662,-0.1413169801235199,750.5803039175864,458.10971439480977
car_39,-0.15338505804538727,-0.14707401394844055,747.5403073099918,469.08713885243645
car_39,-0.14924117922782898,-0.15320217609405518,744.1181532237733,480.6275416833337
car_39,-0.14638912677764893,-0.15627136826515198,741.7488716890688,488.5640068579655
car_39,-0.14480900764465332,-0.15764209628105164,740.4284518161124,492.9704535778419
car_39,-0.14326278865337372,-0.1587824523448944,739.9712184517771,497.78071882496846
car_39,-0.14293798804283142,-0.15894170105457306,743.546458713855,500.9574503383314
car_39,-0.14341406524181366,-0.1585371047258377,748.5302967454737,502.3093108920914
car_39,-0.14391855895519257,-0.15807831287384033,754.4673166897877,504.1035351840177
car_39,-0.14439800381660461,-0.1576126217842102,760.6397612581547,506.0939509528625
car_39,-0.1448877453804016,-0.1571120023727417,767.0387664514573,508.15742527014396
car_39,-0.14535818994045258,-0.15659022331237793,774.0993962396623,510.6432127678349
car_39,-0.14576411247253418,-0.15611469745635986,780.3796733667835,512.8754128186594
car_39,-0.14615148305892944,-0.15563875436782837,786.4550782126837,515.0347950770047
car_39,-0.1465628296136856,-0.15510761737823486,792.9999578995598,517.3621326756823
car_39,-0.1469649225473404,-0.15457084774971008,799.019111582297,519.4041924312917
car_39,-0.14736223220825195,-0.15401378273963928,805.0025172404257,521.4255224174941
car_39,-0.14779995381832123,-0.15336717665195465,811.6673539133358,523.677086375182
car_39,-0.14822611212730408,-0.1527021825313568,818.2343477737828,525.8955963570752
car_39,-0.1486724615097046,-0.1519664227962494,825.1878564030017,528.2446815901247
car_39,-0.14911581575870514,-0.15119285881519318,832.1780786887855,530.6061696996338
car_39,-0.14958909153938293,-0.15033169090747833,839.2386233749168,532.8850871395695
car_39,-0.15018849074840546,-0.14923237264156342,846.0451045616212,534.5598679993894
car_39,-0.15077398717403412,-0.14808587729930878,852.7519628961004,536.2101359807439
car_39,-0.15142329037189484,-0.14674648642539978,859.6880825458769,537.7424391147963
car_39,-0.1520794928073883,-0.14532965421676636,865.9536086513604,538.8619645915121
car_39,-0.15272296965122223,-0.14385367929935455,872.1489767560199,539.9689542223954
car_39,-0.1530793011188507,-0.1427905559539795,879.4124361895826,541.2678417836756
car_39,-0.15333911776542664,-0.141912043094635,886.6328985337384,542.5609007282437
car_39,-0.15356922149658203,-0.1411457508802414,892.9304318374509,543.6886791694224
car_39,-0.1538267284631729,-0.14030218124389648,899.8601576300948,544.9296722654996
car_39,-0.1540759801864624,-0.13947273790836334,907.1211037694136,546.4160832839701
car_39,-0.15418288111686707,-0.13897651433944702,913.752585446272,548.6707162629044
car_39,-0.15428340435028076,-0.1385030299425125,920.240824856598,550.9102749521994
car_39,-0.15450063347816467,-0.13778921961784363,926.7976127365514,552.3596781826008
car_39,-0.1548515260219574,-0.13681404292583466,933.3518746389013,552.9124472587025
car_39,-0.15523944795131683,-0.135764017701149,940.4080003322713,553.5098985052683
car_39,-0.1556432843208313,-0.1347021758556366,947.5412916099041,554.1126637158765
car_39,-0.15601196885108948,-0.13376030325889587,953.8751207166956,554.6461327026175
car_39,-0.15642817318439484,-0.1327279508113861,960.8372102998723,555.2325171492006
car_39,-0.15687960386276245,-0.131645068526268,968.1753296541813,555.8505728356621
car_39,-0.15734341740608215,-0.13057181239128113,975.5000302838607,556.4674983253168
car_39,-0.15780988335609436,-0.12953190505504608,982.6656101762047,557.0713177421472
car_39,-0.15824198722839355,-0.12860336899757385,989.138495659544,557.6177301530785
car_39,-0.15866521000862122,-0.12772567570209503,995.3335638299479,558.1406904531774
car_39,-0.15909738838672638,-0.12686176598072052,1001.5196265752129,558.6628905550505
car_39,-0.15952694416046143,-0.12602046132087708,1007.9765434452595,559.3710507361516
car_39,-0.15939851105213165,-0.12602612376213074,1013.6878482692575,562.6712608499734
car_39,-0.1583285927772522,-0.12759828567504883,1014.9421426118656,568.9947174089107
car_39,-0.15685966610908508,-0.13002635538578033,1014.3013088678322,577.0950527605775
car_39,-0.15509025752544403,-0.13326334953308105,1013.4382794942136,587.7750412591065
car_39,-0.153388112783432,-0.13669732213020325,1012.5502552955098,599.3001367331946
car_39,-0.15182894468307495,-0.1401112824678421,1011.6915210196478,611.2812444039547
car_39,-0.1505334973335266,-0.1431610882282257,1010.6976237745257,622.5102798159494
car_39,-0.148185133934021,-0.14776071906089783,1009.7217401180039,632.6109233471578
car_39,-0.14669941365718842,-0.15015824139118195,1009.1851666488641,638.2330461673153
car_39,-0.1462690830230713,-0.1507887989282608,1009.0306539208093,639.8847339499697
car_39,-0.14608320593833923,-0.15105244517326355,1008.9636489449135,640.6009940371305
car_39,-0.14598937332630157,-0.15118370950222015,1008.9297077843331,640.9638133398875
car_39,-0.14598813652992249,-0.151185542345047,1008.929229405576,640.9689270438422
car_39,-0.14598742127418518,-0.15118643641471863,1008.928998363895,640.971396799744
car_39,-0.14598709344863892,-0.15118694305419922,1008.9288923309176,640.9725302557081
car_39,-0.14598709344863892,-0.15118694305419922,1008.9288923309176,640.9725302557081
car_39,-0.14598709344863892,-0.15118694305419922,1008.9288923309176,640.9725302557081
car_39,-0.14598709344863892,-0.15118694305419922,1008.9288923309176,640.9725302557081
car_39,-0.14598709344863892,-0.15118694305419922,1008.9288923309176,640.9725302557081
car_39,-0.14598709344863892,-0.15118694305419922,1008.9288923309176,640.9725302557081
car_39,-0.14598709344863892,-0.15118694305419922,1008.9288923309176,640.9725302557081
car_39,-0.14598709344863892,-0.15118694305419922,1008.9288923309176,640.9725302557081
car_39,-0.14547282457351685,-0.15188297629356384,1008.7420618861747,642.9696832857186
car_39,-0.14481791853904724,-0.15271438658237457,1008.5216911729126,645.5486442327734
car_39,-0.14353880286216736,-0.15417279303073883,1008.0321889754533,650.6439405676354
car_39,-0.1418105661869049,-0.1558283418416977,1007.2291359629476,657.6595483747598
car_39,-0.13976424932479858,-0.157387837767601,1006.2421872818317,666.2817000442542
car_39,-0.13750219345092773,-0.15870818495750427,1005.2054897401514,676.2717352103282
car_39,-0.13501805067062378,-0.1597958207130432,1004.1212519067725,687.7298057423575
car_39,-0.13252228498458862,-0.16062909364700317,1003.0038906624011,699.5379197498397
car_39,-0.13016435503959656,-0.16166478395462036,1001.9812466579226,710.5094200040222
car_39,-0.12766605615615845,-0.1627018302679062,1000.9944074136969,721.6169352358313
car_39,-0.12487351894378662,-0.16382566094398499,999.9821082575978,733.1261623166515
car_39,-0.12187307327985764,-0.16514933109283447,998.9967281420982,744.3293362419508
car_39,-0.11852321773767471,-0.16687969863414764,998.0100985607781,755.5467158353756
car_39,-0.11449669301509857,-0.16930989921092987,996.8414783874235,767.2571276569837
car_39,-0.11023826152086258,-0.17212459444999695,995.7561485152324,778.053553197818
car_39,-0.10774071514606476,-0.17386886477470398,995.018672555192,784.530689849816
car_39,-0.10416816174983978,-0.17622628808021545,995.0188299469801,793.6776469105312
